# TMAP (Grid 4)
# teff = 40000 K (value for the effective temperature for the model. Temperatures are given in K)
# logg = 6 log(cm/s2) (value for Log(G) for the model.)
# h_frac = 0.9  (H Mass fraction)
# he_frac = 0.1  (He Mass fraction)
#
# column 1: WAVELENGTH (ANGSTROM), Wavelength in Angstrom
# column 2: FLUX (ERG/CM2/S/A), Flux in erg/cm2/s/A
      30.000000     3.52283e-05 
      31.092868      1.2416e-05 
      32.268371     3.52749e-06 
      33.536248      7.8149e-07 
      34.907834     1.30024e-07 
      36.396396     1.55799e-08 
      38.017566     1.28337e-09 
      39.789888      6.9137e-11 
      41.735537     2.31235e-12 
      43.881245     4.56138e-14 
      46.259542     5.07438e-16 
      48.910412     1.01099e-17 
      50.353137     5.91151e-17 
      51.883562     4.95805e-16 
      53.509934     4.17172e-15 
      55.241568     3.50914e-14 
      57.089025     2.95055e-13 
      59.064327     2.47958e-12 
      61.181222     2.08242e-11 
      63.455497     1.74747e-10 
      65.905383      1.4649e-09 
      68.552036      1.2264e-08 
      71.420153     1.02497e-07 
      74.538745      8.5465e-07 
      77.942122     7.10436e-06 
      81.671159      5.8808e-05 
      85.774947     0.000484014 
      90.312966      0.00395254 
      95.357986       0.0319344 
     101.000000        0.254308 
     111.000000         5.75914 
     121.000000         73.9594 
     131.000000         611.289 
     141.000000         3568.78 
     151.000000         15784.4 
     161.000000         55805.7 
     171.000000          164427 
     181.000000          417189 
     191.000000          935474 
     201.000000     1.89266e+06 
     211.000000     3.51321e+06 
     221.000000     6.06439e+06 
     227.267507      8.2693e+06 
     227.292985     8.27935e+06 
     227.318468     8.28941e+06 
     227.329002     8.29357e+06 
     227.377436     8.31273e+06 
     227.390530     8.31791e+06 
     227.446167     8.33997e+06 
     227.462637      8.3465e+06 
     227.526151     8.37175e+06 
     227.547902     8.38041e+06 
     227.649729     8.42104e+06 
     227.709195     8.44483e+06 
     227.773442     8.47059e+06 
     227.837724     8.49643e+06 
     227.867408     8.83443e+06 
     227.918892     9.67328e+06 
     227.923987     9.78689e+06 
     227.929081     9.90543e+06 
     228.001360     1.19847e+07 
     228.084177     1.47477e+07 
     228.086827     1.48361e+07 
     228.104523     1.54218e+07 
     228.110869     1.56297e+07 
     228.137568     1.64885e+07 
     228.146701     1.67757e+07 
     228.188894     1.80501e+07 
     228.199315     1.83499e+07 
     228.271679     2.02362e+07 
     228.272889     2.02644e+07 
     228.312900     2.11146e+07 
     228.334672     2.14738e+07 
     228.336412     2.14968e+07 
     228.340609     2.15473e+07 
     228.346829     2.16057e+07 
     228.357247     2.16322e+07 
     228.374485     2.11782e+07 
     228.391426     1.62694e+07 
     228.399898     8.05665e+06 
     228.402411     7.18136e+06 
     228.404134     6.82967e+06 
     228.405828     6.62533e+06 
     228.407079     6.54544e+06 
     228.408370     6.51848e+06 
     228.410065     6.56627e+06 
     228.412606     6.83235e+06 
     228.416843     8.06142e+06 
     228.425316     1.62003e+07 
     228.436295     2.00433e+07 
     228.442265     1.99206e+07 
     228.453241     1.50241e+07 
     228.459436     8.54163e+06 
     228.461715     7.44163e+06 
     228.463802     6.83051e+06 
     228.465953     6.44473e+06 
     228.467648     6.26737e+06 
     228.469343     6.18255e+06 
     228.471037     6.18307e+06 
     228.472732     6.26896e+06 
     228.474428     6.44748e+06 
     228.476171     6.74541e+06 
     228.478665     7.44851e+06 
     228.487141     1.51247e+07 
     228.492698     1.92157e+07 
     228.504095     2.11776e+07 
     228.508735     2.12338e+07 
     228.525686     1.49804e+07 
     228.534163     7.19801e+06 
     228.538009     6.32133e+06 
     228.540097     6.10174e+06 
     228.541792     6.02159e+06 
     228.543488      6.0221e+06 
     228.545183     6.10328e+06 
     228.546879     6.27157e+06 
     228.551118      7.2044e+06 
     228.559596     1.50729e+07 
     228.576555     2.20821e+07 
     228.583589     2.24315e+07 
     228.594392     2.19598e+07 
     228.605869     1.91339e+07 
     228.610481     1.50727e+07 
     228.619830     6.87131e+06 
     228.624070     6.02738e+06 
     228.625766     5.87283e+06 
     228.627462     5.79846e+06 
     228.629158     5.79894e+06 
     228.630854     5.87429e+06 
     228.632550     6.02989e+06 
     228.636791     6.87714e+06 
     228.645273     1.39419e+07 
     228.650166     1.89803e+07 
     228.662238     2.24147e+07 
     228.678362     2.34164e+07 
     228.679815     2.34136e+07 
     228.696176     2.22781e+07 
     228.713652     1.31061e+07 
     228.719174     7.82113e+06 
     228.722136     6.67268e+06 
     228.726378     5.87743e+06 
     228.728075     5.73029e+06 
     228.729772     5.65927e+06 
     228.731468     5.65974e+06 
     228.733165     5.73172e+06 
     228.734669      5.8589e+06 
     228.739105     6.67827e+06 
     228.741709     7.65087e+06 
     228.747590     1.31428e+07 
     228.764083     2.24378e+07 
     228.787027     2.43677e+07 
     228.798517     2.43243e+07 
     228.814245      2.3261e+07 
     228.820968     2.22024e+07 
     228.837943     1.23665e+07 
     228.846431     6.43589e+06 
     228.850675     5.69481e+06 
     228.852373     5.55579e+06 
     228.854071     5.48841e+06 
     228.855769     5.48887e+06 
     228.857467     5.55717e+06 
     228.859165     5.69716e+06 
     228.863409     6.44123e+06 
     228.866454     7.53867e+06 
     228.870344     1.04666e+07 
     228.871900     1.23944e+07 
     228.887646     2.21766e+07 
     228.888882     2.24455e+07 
     228.891212     2.29006e+07 
     228.900017     2.41564e+07 
     228.906713     2.47422e+07 
     228.922217      2.5409e+07 
     228.938242     2.54949e+07 
     228.951907     2.51065e+07 
     228.972206     2.28706e+07 
     228.989192     1.19112e+07 
     228.990827     9.94028e+06 
     228.997686     6.26587e+06 
     229.001933     5.56258e+06 
     229.003632     5.42884e+06 
     229.005331     5.36375e+06 
     229.007029      5.3642e+06 
     229.008728     5.43018e+06 
     229.010427     5.56487e+06 
     229.013874     6.08822e+06 
     229.023171     1.19351e+07 
     229.040164      2.3062e+07 
     229.044944     2.39399e+07 
     229.051473      2.4804e+07 
     229.058003     2.53875e+07 
     229.074158     2.61673e+07 
     229.086496     2.64218e+07 
     229.125956     2.61074e+07 
     229.142177     2.52001e+07 
     229.159016     2.28477e+07 
     229.172370      1.7456e+07 
     229.176948     1.10266e+07 
     229.185449      5.9818e+06 
     229.189699     5.33201e+06 
     229.191400     5.20525e+06 
     229.193100     5.14315e+06 
     229.194800     5.14357e+06 
     229.196501     5.20654e+06 
     229.198201     5.33421e+06 
     229.202452     5.98673e+06 
     229.210955     1.10467e+07 
     229.227877     2.27561e+07 
     229.244929      2.5391e+07 
     229.261984     2.65055e+07 
     229.274924     2.69249e+07 
     229.278336     2.70012e+07 
     229.294942     2.72431e+07 
     229.330059     2.72721e+07 
     229.362966     2.65431e+07 
     229.396993     2.29031e+07 
     229.399520     2.23426e+07 
     229.414010     1.02356e+07 
     229.422520     5.73984e+06 
     229.426775     5.12492e+06 
     229.428477     5.00166e+06 
     229.430179     4.94086e+06 
     229.431881     4.94127e+06 
     229.433583      5.0029e+06 
     229.435285     5.12703e+06 
     229.439541     5.74457e+06 
     229.448052     1.02535e+07 
     229.463914     2.27622e+07 
     229.465077     2.30176e+07 
     229.466329     2.32762e+07 
     229.498037     2.68107e+07 
     229.499135      2.6867e+07 
     229.551140     2.81067e+07 
     229.560152     2.81921e+07 
     229.567279     2.82438e+07 
     229.593959     2.83236e+07 
     229.595441     2.83226e+07 
     229.600021     2.83157e+07 
     229.632948     2.80734e+07 
     229.668135     2.71666e+07 
     229.702208     2.37457e+07 
     229.703691     2.34486e+07 
     229.719026     9.89437e+06 
     229.727768     5.57702e+06 
     229.732029     4.97719e+06 
     229.733733     4.85408e+06 
     229.735438     4.79304e+06 
     229.737142     4.79344e+06 
     229.738847     4.85528e+06 
     229.740551     4.97924e+06 
     229.744812      5.5816e+06 
     229.753335     9.67064e+06 
     229.770383     2.38537e+07 
     229.804485     2.74498e+07 
     229.821824     2.81325e+07 
     229.866166      2.9147e+07 
     229.872721     2.92641e+07 
     229.946717     3.00177e+07 
     229.977001     2.99192e+07 
     229.978044     2.99109e+07 
     230.002512     2.96295e+07 
     230.009314     2.95244e+07 
     230.024386     2.92584e+07 
     230.070746     2.80451e+07 
     230.098699     2.58497e+07 
     230.104878     2.48753e+07 
     230.121948     9.04714e+06 
     230.130484     5.38142e+06 
     230.134752        4.78e+06 
     230.136459     4.65372e+06 
     230.138166     4.59086e+06 
     230.139214     4.58357e+06 
     230.140727     4.61515e+06 
     230.143288     4.78197e+06 
     230.147557     5.38583e+06 
     230.156095     9.06232e+06 
     230.173172     2.49822e+07 
     230.207335     2.83101e+07 
     230.275690     3.05739e+07 
     230.282987     3.08213e+07 
     230.287365     3.09828e+07 
     230.360279     3.32556e+07 
     230.412068     3.41016e+07 
     230.525576     3.23255e+07 
     230.548738     3.15113e+07 
     230.617134     3.00064e+07 
     230.651347     2.83043e+07 
     230.668457     8.52011e+06 
     230.677013     5.20582e+06 
     230.681292     4.58488e+06 
     230.683003     4.45261e+06 
     230.684714     4.38669e+06 
     230.686426     4.38705e+06 
     230.688137     4.45371e+06 
     230.689849     4.58677e+06 
     230.694127     5.21008e+06 
     230.702685     8.53421e+06 
     230.719803     2.84275e+07 
     230.754047     3.02772e+07 
     230.822564     3.23506e+07 
     230.832292     3.28959e+07 
     230.905864     3.79266e+07 
     230.959722     4.15838e+07 
     231.179627     4.37327e+07 
     231.234526      3.9796e+07 
     231.236943     3.97312e+07 
     231.316752      3.3506e+07 
     231.385376     3.17735e+07 
     231.419703     2.95045e+07 
     231.436870     8.04449e+06 
     231.445455     4.93048e+06 
     231.449747     4.26661e+06 
     231.451464     4.12615e+06 
     231.453181     4.05646e+06 
     231.454899      4.0568e+06 
     231.456616     4.12716e+06 
     231.458333     4.26837e+06 
     231.462626     4.93451e+06 
     231.471212     8.05764e+06 
     231.485049     2.86539e+07 
     231.488387     2.96299e+07 
     231.522745     3.20516e+07 
     231.591491     3.42057e+07 
     231.729105     5.14473e+07 
     231.767943     5.76129e+07 
     231.786101     6.04597e+07 
     232.004825     8.44994e+07 
     232.033298     8.54052e+07 
     232.163463     7.97016e+07 
     232.308397     5.48949e+07 
     232.446192     3.54254e+07 
     232.515150     3.39983e+07 
     232.549645     3.01399e+07 
     232.558237     2.19543e+07 
     232.566896     7.73667e+06 
     232.575523     4.67607e+06 
     232.579836      3.9612e+06 
     232.581562     3.81376e+06 
     232.583287     3.74128e+06 
     232.585013     3.74159e+06 
     232.586738      3.8147e+06 
     232.588464     3.96282e+06 
     232.592778     4.67988e+06 
     232.601406     7.74917e+06 
     232.618665     3.02657e+07 
     232.653190     3.42921e+07 
     232.669635     3.46917e+07 
     232.722272     3.60628e+07 
     232.860558     6.01015e+07 
     233.137624     1.61314e+08 
     233.239678     1.97701e+08 
     233.281581      2.1369e+08 
     233.693738      2.3666e+08 
     233.792082     1.99428e+08 
     234.058699     6.78552e+07 
     234.069267      6.4105e+07 
     234.208106     3.89631e+07 
     234.277587     3.65536e+07 
     234.312344     3.02434e+07 
     234.329725     7.42522e+06 
     234.338417     4.23216e+06 
     234.342764     3.50019e+06 
     234.344502     3.35638e+06 
     234.346241     3.28662e+06 
     234.347979     3.28689e+06 
     234.349718      3.3572e+06 
     234.351457     3.50163e+06 
     234.355803     4.23559e+06 
     234.364497     7.43706e+06 
     234.381887     3.03657e+07 
     234.416674     3.68635e+07 
     234.486279     3.96332e+07 
     234.625613     6.72389e+07 
     234.718597     1.15455e+08 
     234.904779     2.82614e+08 
     235.201527     7.32421e+08 
     235.465109     1.21806e+09 
     236.209069     1.62132e+09 
     236.768506     3.14943e+08 
     236.984326     8.58135e+07 
     237.049220     6.18589e+07 
     237.189827     4.64796e+07 
     237.260192     4.13789e+07 
     237.295391     3.14341e+07 
     237.312994     7.39982e+06 
     237.321797     3.84704e+06 
     237.326198     3.11841e+06 
     237.327959      2.9831e+06 
     237.329720     2.91835e+06 
     237.331480     2.91858e+06 
     237.333241     2.98383e+06 
     237.335002     3.11968e+06 
     237.339404     3.85013e+06 
     237.348208     7.41141e+06 
     237.365819     3.15554e+07 
     237.401049     4.17193e+07 
     237.471541     4.72568e+07 
     237.612649      6.3953e+07 
     237.735294     1.29558e+08 
     237.895369     3.55593e+08 
     238.462832     3.99546e+09 
     239.681573     2.06881e+10 
     240.001391     2.35244e+10 
     240.351750     2.48097e+10 
     241.877992     6.07397e+09 
     242.450856     3.84174e+08 
     242.732977     1.04373e+08 
     242.738307     1.02193e+08 
     242.882288     6.36925e+07 
     242.954343     5.28307e+07 
     242.990386     3.42853e+07 
     243.008412     7.85919e+06 
     243.017425     3.57531e+06 
     243.021933     2.87813e+06 
     243.023736     2.75468e+06 
     243.025539     2.69616e+06 
     243.027341     2.69637e+06 
     243.029144     2.75535e+06 
     243.030948     2.87929e+06 
     243.035455     3.57812e+06 
     243.044471     7.87112e+06 
     243.062505     3.44072e+07 
     243.098580     5.32429e+07 
     243.170763     6.47153e+07 
     243.315258     1.05318e+08 
     243.604763     4.08422e+08 
     244.185845     7.56609e+09 
     245.392522     4.47145e+10 
     245.761329      5.0659e+10 
     248.558472      7.0041e+10 
     250.735183     6.22307e+10 
     253.494713     3.96174e+10 
     254.348222     1.68003e+10 
     255.104413      1.7964e+09 
     255.708602     3.33256e+08 
     256.011771     1.52061e+08 
     256.163625     1.32613e+08 
     256.239620     9.90312e+07 
     256.277634     5.36541e+07 
     256.296646     1.11742e+07 
     256.306153     4.26703e+06 
     256.310906     3.40952e+06 
     256.312808     3.26003e+06 
     256.314709     3.18936e+06 
     256.316611     3.18961e+06 
     256.318512     3.26079e+06 
     256.320414     3.41085e+06 
     256.325168     4.27024e+06 
     256.334677     1.11901e+07 
     256.353697      5.3818e+07 
     256.391745     9.97098e+07 
     256.467875      1.3458e+08 
     256.620271     1.56522e+08 
     256.925607     3.51031e+08 
     257.538464     1.86043e+09 
     259.200098     4.11122e+10 
     262.150195     7.37862e+10 
     268.256542     8.29477e+10 
     278.949304      7.7853e+10 
     290.836996     6.55504e+10 
     297.169069     4.66111e+10 
     300.439639     1.61501e+10 
     302.347441     1.78286e+09 
     303.063520     1.29878e+09 
     303.422834     1.50146e+09 
     303.602810     1.46974e+09 
     303.692878     1.16882e+09 
     303.737932     8.35462e+08 
     303.760465     1.53811e+08 
     303.771732     5.04548e+07 
     303.777366     3.94842e+07 
     303.779619     3.76939e+07 
     303.780746     3.71701e+07 
     303.781873      3.6864e+07 
     303.783000     3.67636e+07 
     303.784127     3.68665e+07 
     303.785254     3.71752e+07 
     303.786381     3.77016e+07 
     303.788634     3.94975e+07 
     303.794269     5.04875e+07 
     303.805539     1.53983e+08 
     303.828081     8.37252e+08 
     303.873175     1.17414e+09 
     303.963404     1.48472e+09 
     304.144022     1.53426e+09 
     304.505904     1.35786e+09 
     305.232256     1.93506e+09 
     307.201610     1.68244e+10 
     310.698038     4.52117e+10 
     317.935225     5.76626e+10 
     333.470490     5.90392e+10 
     341.000000     5.67216e+10 
     351.000000     5.42611e+10 
     361.000000     5.22677e+10 
     371.000000      5.0934e+10 
     381.000000     4.99159e+10 
     391.000000     4.92343e+10 
     401.000000      4.8836e+10 
     411.000000     4.82539e+10 
     421.000000     4.79587e+10 
     431.000000     4.79029e+10 
     441.000000     4.80422e+10 
     451.000000     4.83392e+10 
     461.000000     4.87726e+10 
     471.000000     4.93129e+10 
     481.000000     5.02703e+10 
     491.000000      5.1382e+10 
     499.958479     5.23376e+10 
     504.258561     5.17098e+10 
     504.390885     5.17242e+10 
     509.942087     7.73626e+10 
     510.843522     7.82956e+10 
     513.180237     7.89429e+10 
     514.143875     7.89453e+10 
     514.395653     7.89256e+10 
     515.005523     7.87463e+10 
     515.311000     7.80896e+10 
     515.463875     7.55753e+10 
     515.540346     6.64148e+10 
     515.578590     3.40427e+10 
     515.597714     3.08919e+10 
     515.607277      3.0761e+10 
     515.611102     3.06834e+10 
     515.613015     3.06551e+10 
     515.614927     3.06373e+10 
     515.616840     3.06315e+10 
     515.618753     3.06382e+10 
     515.620665     3.06568e+10 
     515.622578      3.0686e+10 
     515.626403     3.07653e+10 
     515.635967     3.09005e+10 
     515.655096     3.40578e+10 
     515.693357     6.64224e+10 
     515.769896     7.55675e+10 
     515.923043     7.80604e+10 
     516.229610     7.86814e+10 
     516.465741     7.87675e+10 
     516.843839     7.87976e+10 
     518.076691     7.87344e+10 
     519.745316     7.85812e+10 
     520.976281     7.84285e+10 
     521.419314     7.83199e+10 
     521.593952     7.82317e+10 
     521.903337     7.76622e+10 
     522.058168      7.5533e+10 
     522.135617     6.75582e+10 
     522.174351     3.33604e+10 
     522.193720     3.24313e+10 
     522.203405     3.19177e+10 
     522.207279     3.17468e+10 
     522.209216     3.16896e+10 
     522.211153     3.16546e+10 
     522.213090      3.1643e+10 
     522.215027     3.16554e+10 
     522.216964     3.16913e+10 
     522.218901     3.17493e+10 
     522.222776      3.1922e+10 
     522.232462     3.24401e+10 
     522.251835      3.3376e+10 
     522.290586     6.75594e+10 
     522.368104      7.5511e+10 
     522.523210     7.76045e+10 
     522.833699     7.81092e+10 
     523.455786     7.81802e+10 
     524.704410     7.80856e+10 
     525.337761     7.80244e+10 
     527.353870     7.78214e+10 
     528.089795      7.7746e+10 
     531.119500      7.7435e+10 
     534.100271     7.71267e+10 
     534.492127     7.70847e+10 
     535.758018     7.69283e+10 
     536.393215     7.67494e+10 
     536.566112     7.65964e+10 
     536.711379     7.62592e+10 
     536.870602     7.44374e+10 
     536.950249     6.74873e+10 
     536.990082     3.53738e+10 
     537.010000      3.3493e+10 
     537.019960     3.15821e+10 
     537.023944     3.11301e+10 
     537.025936     3.09876e+10 
     537.027928      3.0902e+10 
     537.029920     3.08736e+10 
     537.031912     3.09027e+10 
     537.033904     3.09891e+10 
     537.035896     3.11324e+10 
     537.039881      3.1586e+10 
     537.049841     3.35014e+10 
     537.069764     3.53906e+10 
     537.109614     6.74867e+10 
     537.189332     7.44138e+10 
     537.348840     7.61998e+10 
     537.668138     7.66241e+10 
     538.307875     7.66756e+10 
     539.591927     7.65828e+10 
     543.073365     7.62648e+10 
     546.541236     7.59461e+10 
     549.254378     7.56993e+10 
     559.432391     7.47954e+10 
     562.048332     7.45686e+10 
     571.612294     7.37564e+10 
     577.903319     7.32347e+10 
     581.573025     7.29279e+10 
     582.950423     7.27879e+10 
     583.641571     7.26181e+10 
     583.987760     7.21381e+10 
     584.161009     7.03675e+10 
     584.247671      6.3946e+10 
     584.291013     4.52341e+10 
     584.312685     3.09332e+10 
     584.323523     2.62754e+10 
     584.327857     2.54119e+10 
     584.330025      2.5153e+10 
     584.332192     2.50002e+10 
     584.334360     2.49497e+10 
     584.336528     2.50006e+10 
     584.338695     2.51539e+10 
     584.340863     2.54133e+10 
     584.345198     2.62778e+10 
     584.356036     3.09391e+10 
     584.377714     4.52522e+10 
     584.421074     6.39479e+10 
     584.507814     7.03486e+10 
     584.681372      7.2087e+10 
     585.028796     7.25089e+10 
     585.724884     7.25661e+10 
     587.122042     7.24826e+10 
     590.910144     7.21897e+10 
     597.635613     7.16648e+10 
     611.556526     7.06019e+10 
     621.000000      6.9898e+10 
     631.000000     6.91655e+10 
     641.439006     6.84393e+10 
     651.000000     6.77816e+10 
     661.000000     6.70994e+10 
     671.000000     6.64222e+10 
     681.000000     6.57486e+10 
     691.000000     6.50782e+10 
     701.000000     6.44102e+10 
     711.000000      6.3744e+10 
     721.000000     6.30793e+10 
     731.000000     6.24178e+10 
     741.000000     6.17681e+10 
     751.000000      6.1118e+10 
     761.000000     6.04673e+10 
     771.000000     5.98161e+10 
     781.000000     5.91645e+10 
     791.000000     5.85125e+10 
     801.000000     5.78603e+10 
     802.000000      5.7795e+10 
     803.000000     5.77298e+10 
     804.000000     5.76646e+10 
     805.000000     5.75994e+10 
     806.000000     5.75341e+10 
     807.000000     5.74688e+10 
     808.000000     5.74037e+10 
     809.000000     5.73384e+10 
     810.000000     5.72732e+10 
     811.000000      5.7208e+10 
     812.000000     5.71428e+10 
     813.000000     5.70775e+10 
     814.000000     5.70123e+10 
     815.000000     5.69471e+10 
     816.000000     5.68819e+10 
     817.000000     5.68166e+10 
     818.000000     5.67514e+10 
     819.000000     5.66862e+10 
     820.000000      5.6621e+10 
     821.000000     5.65561e+10 
     822.000000     5.64916e+10 
     823.000000      5.6427e+10 
     824.000000     5.63625e+10 
     825.000000      5.6298e+10 
     826.000000     5.62334e+10 
     827.000000     5.61689e+10 
     828.000000     5.61044e+10 
     829.000000     5.60399e+10 
     830.000000     5.59753e+10 
     831.000000     5.59108e+10 
     832.000000     5.58463e+10 
     833.000000     5.57818e+10 
     834.000000     5.57172e+10 
     835.000000     5.56527e+10 
     836.000000     5.55882e+10 
     837.000000     5.55236e+10 
     838.000000     5.54591e+10 
     839.000000     5.53946e+10 
     840.000000     5.53301e+10 
     841.000000     5.52655e+10 
     842.000000      5.5201e+10 
     843.000000     5.51365e+10 
     844.000000      5.5072e+10 
     845.000000     5.50075e+10 
     846.000000      5.4943e+10 
     847.000000     5.48785e+10 
     848.000000      5.4814e+10 
     849.000000     5.47495e+10 
     850.000000      5.4685e+10 
     851.000000     5.46205e+10 
     852.000000     5.45561e+10 
     853.000000     5.44916e+10 
     854.000000     5.44271e+10 
     855.000000     5.43627e+10 
     856.000000     5.42983e+10 
     857.000000     5.42338e+10 
     858.000000     5.41694e+10 
     859.000000     5.41049e+10 
     860.000000     5.40405e+10 
     861.000000      5.3976e+10 
     862.000000     5.39117e+10 
     863.000000     5.38472e+10 
     864.000000     5.37829e+10 
     865.000000     5.37185e+10 
     866.000000     5.36541e+10 
     867.000000     5.35897e+10 
     868.000000     5.35254e+10 
     869.000000      5.3461e+10 
     870.000000     5.33967e+10 
     871.000000     5.33324e+10 
     872.000000     5.32681e+10 
     873.000000     5.32038e+10 
     874.000000     5.31394e+10 
     875.000000     5.30752e+10 
     876.000000     5.30109e+10 
     877.000000     5.29467e+10 
     878.000000     5.28827e+10 
     879.000000     5.28187e+10 
     880.000000     5.27547e+10 
     881.000000     5.26907e+10 
     882.000000     5.26268e+10 
     883.000000     5.25628e+10 
     884.000000     5.24989e+10 
     885.000000     5.24349e+10 
     886.000000      5.2371e+10 
     887.000000     5.23071e+10 
     888.000000     5.22432e+10 
     889.000000     5.21793e+10 
     890.000000     5.21155e+10 
     891.000000     5.20517e+10 
     892.000000     5.19878e+10 
     893.000000      5.1924e+10 
     894.000000     5.18602e+10 
     895.000000     5.17964e+10 
     896.000000     5.17327e+10 
     897.000000      5.1669e+10 
     898.000000     5.16052e+10 
     899.000000     5.15416e+10 
     900.000000     5.14779e+10 
     900.100000     5.14715e+10 
     900.200000     5.14652e+10 
     900.300000     5.14588e+10 
     900.400000     5.14524e+10 
     900.500000     5.14461e+10 
     900.600000     5.14397e+10 
     900.700000     5.14333e+10 
     900.800000      5.1427e+10 
     900.900000     5.14206e+10 
     901.000000     5.14142e+10 
     901.100000     5.14079e+10 
     901.200000     5.14015e+10 
     901.300000     5.13951e+10 
     901.400000     5.13888e+10 
     901.500000     5.13824e+10 
     901.600000     5.13761e+10 
     901.700000     5.13697e+10 
     901.800000     5.13633e+10 
     901.900000      5.1357e+10 
     902.000000     5.13506e+10 
     902.100000     5.13442e+10 
     902.200000     5.13379e+10 
     902.300000     5.13315e+10 
     902.400000     5.13251e+10 
     902.500000     5.13188e+10 
     902.600000     5.13124e+10 
     902.700000     5.13061e+10 
     902.800000     5.12997e+10 
     902.900000     5.12933e+10 
     903.000000     5.12869e+10 
     903.100000     5.12806e+10 
     903.200000     5.12742e+10 
     903.300000     5.12678e+10 
     903.400000     5.12614e+10 
     903.500000     5.12551e+10 
     903.604800     5.12483e+10 
     903.700000     5.12423e+10 
     903.800000     5.12359e+10 
     903.900000     5.12295e+10 
     904.000000     5.12231e+10 
     904.101893     5.12167e+10 
     904.200000     5.12104e+10 
     904.300000      5.1204e+10 
     904.400000     5.11976e+10 
     904.500000     5.11912e+10 
     904.600000     5.11849e+10 
     904.700000     5.11785e+10 
     904.800000     5.11721e+10 
     904.900000     5.11658e+10 
     905.000000     5.11594e+10 
     905.100000      5.1153e+10 
     905.200000     5.11466e+10 
     905.300000     5.11402e+10 
     905.400000     5.11339e+10 
     905.500000     5.11275e+10 
     905.600000     5.11211e+10 
     905.700000     5.11147e+10 
     905.800000     5.11084e+10 
     905.900000      5.1102e+10 
     906.005594     5.10952e+10 
     906.100000     5.10892e+10 
     906.200000     5.10829e+10 
     906.300000     5.10765e+10 
     906.400000     5.10701e+10 
     906.500000     5.10638e+10 
     906.600000     5.10574e+10 
     906.700000      5.1051e+10 
     906.800000     5.10446e+10 
     906.900000     5.10382e+10 
     907.000000     5.10319e+10 
     907.100000     5.10255e+10 
     907.239730     5.10166e+10 
     907.300000     5.10127e+10 
     907.400000     5.10064e+10 
     907.500000         5.1e+10 
     907.600000     5.09936e+10 
     907.700000     5.09873e+10 
     907.839386     5.09784e+10 
     907.900000     5.09745e+10 
     908.000000     5.09682e+10 
     908.100000     5.09618e+10 
     908.200000     5.09554e+10 
     908.300000     5.09491e+10 
     908.400000     5.09427e+10 
     908.500000     5.09363e+10 
     908.583773      5.0931e+10 
     908.700000     5.09236e+10 
     908.800000     5.09172e+10 
     908.900000     5.09109e+10 
     909.023799      5.0903e+10 
     909.100000     5.08982e+10 
     909.200000     5.08918e+10 
     909.300000     5.08854e+10 
     909.400000     5.08791e+10 
     909.523670     5.08712e+10 
     909.600000     5.08664e+10 
     909.700000     5.08602e+10 
     909.800000     5.08538e+10 
     909.900000     5.08476e+10 
     910.000000     5.08413e+10 
     910.100000      5.0835e+10 
     910.200000     5.08287e+10 
     910.300000     5.08224e+10 
     910.400000     5.08161e+10 
     910.500000     5.08098e+10 
     910.600000     5.08035e+10 
     910.734246     5.07951e+10 
     910.800000     5.07909e+10 
     910.900000     5.07846e+10 
     911.000000     5.07783e+10 
     911.100000     5.07719e+10 
     911.200000     5.07656e+10 
     911.300000     5.07593e+10 
     911.356548     5.07557e+10 
     911.511531     5.07459e+10 
     911.600000     5.07404e+10 
     911.700000      5.0734e+10 
     911.753463     5.06937e+10 
     911.900000     5.06887e+10 
     912.000000     5.06856e+10 
     912.114010      5.0682e+10 
     912.200000     5.06791e+10 
     912.330820      5.0674e+10 
     912.400000     5.06617e+10 
     912.500000     5.06573e+10 
     912.600000     5.06528e+10 
     912.700000     5.06483e+10 
     912.800000     5.06436e+10 
     912.861902     5.06404e+10 
     913.000000     5.06338e+10 
     913.100000     5.06284e+10 
     913.200000     5.06226e+10 
     913.300000     5.06173e+10 
     913.400000      5.0612e+10 
     913.462347     5.06093e+10 
     913.600000     5.05989e+10 
     913.662552      5.0594e+10 
     913.806225     5.05865e+10 
     913.900000     5.05838e+10 
     914.000000     5.05809e+10 
     914.100000     5.05769e+10 
     914.200000     5.05688e+10 
     914.266454     5.05669e+10 
     914.400000     5.05695e+10 
     914.497588     5.05677e+10 
     914.600000     5.05636e+10 
     914.741875     5.05629e+10 
     914.800000     5.05633e+10 
     914.900000      5.0565e+10 
     915.016111      5.0567e+10 
     915.022501     5.05673e+10 
     915.108945     5.05623e+10 
     915.200000     5.05562e+10 
     915.282493     5.05478e+10 
     915.346490     5.05482e+10 
     915.400000     5.05464e+10 
     915.500000     5.05227e+10 
     915.553041     5.04996e+10 
     915.688376     5.04419e+10 
     915.756058     5.03601e+10 
     915.789903     5.02491e+10 
     915.803441     5.02109e+10 
     915.810211     5.01988e+10 
     915.816980     5.01908e+10 
     915.823750     5.01846e+10 
     915.830520     5.01907e+10 
     915.837290      5.0199e+10 
     915.844060     5.02115e+10 
     915.857600     5.02499e+10 
     915.887465      5.0343e+10 
     915.891452     5.03516e+10 
     915.959164     5.04268e+10 
     915.962662      5.0428e+10 
     916.094619     5.04573e+10 
     916.097032     5.04575e+10 
     916.158192      5.0449e+10 
     916.205993     5.04262e+10 
     916.293616     5.03804e+10 
     916.361343     5.02117e+10 
     916.365648     5.01878e+10 
     916.395210     4.99577e+10 
     916.408758     4.98698e+10 
     916.415532     4.98437e+10 
     916.422306     4.98265e+10 
     916.429080      4.9811e+10 
     916.435854     4.98273e+10 
     916.442629     4.98459e+10 
     916.449403     4.98743e+10 
     916.462952     4.99677e+10 
     916.496827     5.02257e+10 
     916.564584     5.04316e+10 
     916.626592     5.05114e+10 
     916.638451     5.05228e+10 
     916.700128     5.05701e+10 
     916.800000     5.05868e+10 
     916.908188     5.05426e+10 
     916.909400     5.05418e+10 
     916.971336     5.04898e+10 
     917.044701     5.04115e+10 
     917.112718     4.99972e+10 
     917.146613     4.93507e+10 
     917.160171     4.91351e+10 
     917.166951     4.90687e+10 
     917.173730     4.90269e+10 
     917.180510     4.89968e+10 
     917.181808     4.90038e+10 
     917.187290     4.90334e+10 
     917.194070      4.9081e+10 
     917.200850     4.91539e+10 
     917.206244     4.92301e+10 
     917.214410     4.93784e+10 
     917.248312     5.00556e+10 
     917.316125     5.05607e+10 
     917.400000     5.07732e+10 
     917.451780     5.08528e+10 
     917.514234     5.09111e+10 
     917.544083     5.09311e+10 
     917.586680     5.09732e+10 
     917.723211     5.09598e+10 
     917.800000     5.08463e+10 
     917.857910     5.07554e+10 
     917.993585      5.0347e+10 
     917.995196     5.03401e+10 
     918.061437     4.94153e+10 
     918.095367     4.79635e+10 
     918.108940     4.75028e+10 
     918.115727     4.73592e+10 
     918.122513     4.72702e+10 
     918.129300     4.72117e+10 
     918.136087     4.72825e+10 
     918.142874     4.73839e+10 
     918.149661     4.75407e+10 
     918.163235     4.80278e+10 
     918.197173     4.95532e+10 
     918.265055     5.06623e+10 
     918.266554     5.06719e+10 
     918.375935     5.12013e+10 
     918.380568     5.12215e+10 
     918.400851     5.13179e+10 
     918.500000     5.16914e+10 
     918.601962     5.18728e+10 
     918.672562     5.19072e+10 
     918.789684     5.18668e+10 
     918.803563      5.1846e+10 
     918.807988     5.18378e+10 
     918.900000     5.15634e+10 
     919.000000      5.1124e+10 
     919.079579      5.0688e+10 
     919.215434     4.96678e+10 
     919.216468     4.96579e+10 
     919.283377     4.77309e+10 
     919.317352     4.49596e+10 
     919.330943     4.41463e+10 
     919.337739     4.38923e+10 
     919.344534      4.3736e+10 
     919.351330     4.36494e+10 
     919.355173        4.37e+10 
     919.358126     4.37498e+10 
     919.364922     4.39202e+10 
     919.371718     4.41901e+10 
     919.378555     4.45676e+10 
     919.385310     4.50377e+10 
     919.419293     4.79147e+10 
     919.464765     4.97518e+10 
     919.487266     5.00964e+10 
     919.623242     5.15938e+10 
     919.700000     5.22568e+10 
     919.772051     5.28865e+10 
     919.875064     5.35076e+10 
     919.895315     5.36364e+10 
     920.010149     5.39972e+10 
     920.100000     5.41237e+10 
     920.176964     5.39669e+10 
     920.283083     5.35708e+10 
     920.306213     5.34209e+10 
     920.386489     5.28347e+10 
     920.418715      5.2549e+10 
     920.439945     5.23424e+10 
     920.468574     5.20383e+10 
     920.487891     5.18003e+10 
     920.522034      5.1423e+10 
     920.539107     5.12276e+10 
     920.545936     5.11451e+10 
     920.549351     5.11024e+10 
     920.552765     5.10591e+10 
     920.555660     5.10208e+10 
     920.559595     5.09659e+10 
     920.563009     5.09182e+10 
     920.566424     5.08712e+10 
     920.573254     5.07799e+10 
     920.590328     5.05621e+10 
     920.624479     5.00895e+10 
     920.690782     4.90536e+10 
     920.692789     4.90205e+10 
     920.785171     4.75952e+10 
     920.826876      4.6921e+10 
     920.829439     4.68775e+10 
     920.894938     4.40294e+10 
     920.928973     4.04163e+10 
     920.942587     3.94366e+10 
     920.949395     3.91235e+10 
     920.956202     3.89339e+10 
     920.963010     3.88508e+10 
     920.969818     3.89388e+10 
     920.971793     3.89835e+10 
     920.976626     3.91341e+10 
     920.983434     3.94536e+10 
     920.997050     4.04499e+10 
     921.014553      4.2301e+10 
     921.031092     4.41359e+10 
     921.099184     4.72974e+10 
     921.102860     4.73736e+10 
     921.235399      4.9995e+10 
     921.287785     5.09783e+10 
     921.424462     5.35594e+10 
     921.438031     5.37775e+10 
     921.492816     5.45824e+10 
     921.507949     5.47793e+10 
     921.526997      5.5024e+10 
     921.531140     5.50834e+10 
     921.540173      5.5218e+10 
     921.544088     5.52781e+10 
     921.550925     5.53949e+10 
     921.554343     5.54515e+10 
     921.557762     5.55089e+10 
     921.561180     5.55658e+10 
     921.564598     5.56245e+10 
     921.568017     5.56824e+10 
     921.571435     5.57375e+10 
     921.578273      5.5849e+10 
     921.595366     5.61226e+10 
     921.629554     5.65907e+10 
     921.647075      5.6832e+10 
     921.650189     5.68746e+10 
     921.697938      5.7394e+10 
     921.834737     5.85429e+10 
     921.864403     5.87158e+10 
     921.950439     5.88685e+10 
     922.024233     5.90465e+10 
     922.053533     5.89653e+10 
     922.059750     5.89445e+10 
     922.108457     5.86959e+10 
     922.193753     5.83299e+10 
     922.300000     5.72658e+10 
     922.400000     5.58242e+10 
     922.467335     5.47252e+10 
     922.493473     5.42077e+10 
     922.604187     5.19185e+10 
     922.656383     5.07066e+10 
     922.672629     5.03016e+10 
     922.706853     4.94046e+10 
     922.723966     4.89871e+10 
     922.730812     4.88105e+10 
     922.734234     4.87229e+10 
     922.737657     4.86368e+10 
     922.741080     4.85521e+10 
     922.744503     4.84696e+10 
     922.746802     4.84135e+10 
     922.747926      4.8386e+10 
     922.751349     4.83023e+10 
     922.758194     4.81272e+10 
     922.775310     4.76911e+10 
     922.809542     4.68473e+10 
     922.877406      4.5055e+10 
     923.013823     4.14489e+10 
     923.014987       4.142e+10 
     923.043507     4.06483e+10 
     923.082046     3.88434e+10 
     923.116162      3.6089e+10 
     923.129809     3.52935e+10 
     923.136632     3.50375e+10 
     923.143456     3.48752e+10 
     923.146642     3.48351e+10 
     923.150280     3.48156e+10 
     923.157104      3.4876e+10 
     923.163928     3.50391e+10 
     923.170752      3.5296e+10 
     923.184401      3.6095e+10 
     923.218524     3.88721e+10 
     923.286778     4.15819e+10 
     923.289057      4.1642e+10 
     923.423316     4.54608e+10 
     923.468162     4.67487e+10 
     923.591014     5.03467e+10 
     923.620365     5.12181e+10 
     923.696513     5.33965e+10 
     923.721312     5.41495e+10 
     923.754193     5.50372e+10 
     923.837686      5.7231e+10 
     923.865010     5.79232e+10 
     924.002070     6.11374e+10 
     924.039856     6.17478e+10 
     924.070615     6.24527e+10 
     924.104891       6.311e+10 
     924.122030     6.34287e+10 
     924.128886     6.35564e+10 
     924.132314     6.36165e+10 
     924.135742     6.36769e+10 
     924.139170     6.37362e+10 
     924.142598     6.38012e+10 
     924.146026     6.38651e+10 
     924.149454     6.39293e+10 
     924.156310     6.40583e+10 
     924.173451     6.43632e+10 
     924.207735      6.5096e+10 
     924.243393     6.58402e+10 
     924.276311     6.62182e+10 
     924.413492     6.79905e+10 
     924.500000     6.86997e+10 
     924.571760      6.8562e+10 
     924.687977     6.94697e+10 
     924.715412     6.92335e+10 
     924.800000     6.85355e+10 
     924.936901      6.7532e+10 
     924.947874     6.73076e+10 
     925.000000     6.67452e+10 
     925.131437     6.45504e+10 
     925.182873     6.38682e+10 
     925.237437     6.26295e+10 
     925.263911     6.16668e+10 
     925.339098      6.0104e+10 
     925.340653     6.00646e+10 
     925.400000     5.82819e+10 
     925.538404     5.40456e+10 
     925.600000     5.22943e+10 
     925.655304     5.03933e+10 
     925.675712     4.97746e+10 
     925.678195     4.96902e+10 
     925.744381     4.73874e+10 
     925.778719     4.62185e+10 
     925.795889     4.55553e+10 
     925.802757      4.5297e+10 
     925.806192     4.51747e+10 
     925.809626     4.50689e+10 
     925.813060     4.49668e+10 
     925.816494      4.4867e+10 
     925.819928     4.47658e+10 
     925.823363     4.46637e+10 
     925.830231     4.44536e+10 
     925.847403     4.39124e+10 
     925.881749     4.27885e+10 
     925.941480     4.08777e+10 
     925.947759     4.06815e+10 
     925.950449     4.05956e+10 
     925.951817     4.05524e+10 
     925.957668     4.03685e+10 
     926.087879     3.63092e+10 
     926.157139     3.40856e+10 
     926.191368     3.24993e+10 
     926.205061     3.19479e+10 
     926.211907     3.17537e+10 
     926.218753     3.16351e+10 
     926.225600     3.15946e+10 
     926.232447     3.16353e+10 
     926.239293     3.17541e+10 
     926.246140     3.19485e+10 
     926.259834     3.25005e+10 
     926.294071     3.40903e+10 
     926.338318     3.55611e+10 
     926.362552     3.63003e+10 
     926.365648     3.64015e+10 
     926.499545     4.06427e+10 
     926.600000     4.40307e+10 
     926.700000      4.7502e+10 
     926.752764      4.9371e+10 
     926.773653     5.01041e+10 
     926.899333     5.44236e+10 
     926.913316      5.4796e+10 
     927.000000     5.79799e+10 
     927.143197     6.26851e+10 
     927.200000     6.45147e+10 
     927.302471     6.75534e+10 
     927.322354     6.79789e+10 
     927.400000     7.08232e+10 
     927.538320     7.42664e+10 
     927.577569     7.55286e+10 
     927.715179     7.80237e+10 
     927.783999     7.98276e+10 
     927.818413     8.00913e+10 
     927.835621     8.01227e+10 
     927.842505      8.0128e+10 
     927.845946     8.01395e+10 
     927.849388     8.01546e+10 
     927.852830     8.01639e+10 
     927.856272     8.02045e+10 
     927.859714     8.02394e+10 
     927.863155     8.02781e+10 
     927.870039     8.03739e+10 
     927.887249     8.06905e+10 
     927.921671     8.16769e+10 
     927.990522     8.38262e+10 
     928.016191     8.42934e+10 
     928.128255      8.4889e+10 
     928.133036     8.49955e+10 
     928.140773     8.51126e+10 
     928.200000     8.63861e+10 
     928.300000     8.74968e+10 
     928.403843     8.74257e+10 
     928.421709     8.75093e+10 
     928.547957     8.84652e+10 
     928.551723     8.84657e+10 
     928.700000     8.70165e+10 
     928.800000     8.75474e+10 
     928.900000     8.52321e+10 
     928.955511     8.45342e+10 
     929.013275     8.46808e+10 
     929.039867     8.44579e+10 
     929.100000     8.23711e+10 
     929.241180     8.01871e+10 
     929.300000     7.75836e+10 
     929.400000     7.62557e+10 
     929.500000     7.19964e+10 
     929.648634     6.72489e+10 
     929.700000     6.64109e+10 
     929.760111     6.40318e+10 
     929.792363     6.23922e+10 
     929.900000     5.88026e+10 
     930.000000      5.5527e+10 
     930.060815     5.30652e+10 
     930.068200     5.28624e+10 
     930.198062     4.79414e+10 
     930.206179      4.7524e+10 
     930.229833     4.64392e+10 
     930.275185     4.49668e+10 
     930.309691     4.34406e+10 
     930.326945      4.2894e+10 
     930.333847     4.26228e+10 
     930.337298     4.24954e+10 
     930.340749     4.23724e+10 
     930.344200     4.22478e+10 
     930.347651     4.21259e+10 
     930.351102     4.20029e+10 
     930.354553     4.18747e+10 
     930.361455     4.15781e+10 
     930.378712     4.10443e+10 
     930.413226     3.99922e+10 
     930.473020     3.79585e+10 
     930.482262     3.76345e+10 
     930.610560     3.34833e+10 
     930.620364     3.31383e+10 
     930.628258     3.28894e+10 
     930.679345      3.1017e+10 
     930.713741     2.94878e+10 
     930.727500     2.88562e+10 
     930.734380     2.86018e+10 
     930.741260     2.84305e+10 
     930.748140     2.83705e+10 
     930.755020     2.84305e+10 
     930.761900     2.86018e+10 
     930.768781     2.88563e+10 
     930.782541     2.94881e+10 
     930.816945     3.10181e+10 
     930.885761     3.34899e+10 
     930.896692     3.38355e+10 
     931.023423     3.80272e+10 
     931.100000     4.07521e+10 
     931.240205     4.58998e+10 
     931.298869       4.813e+10 
     931.449841     5.35502e+10 
     931.500000     5.58687e+10 
     931.600000     5.92531e+10 
     931.700000     6.26971e+10 
     931.800000     6.72135e+10 
     931.850250     6.81472e+10 
     931.968274     7.31287e+10 
     932.104288     7.85378e+10 
     932.200000     8.04192e+10 
     932.279334     8.44945e+10 
     932.344287     8.52799e+10 
     932.400000     8.69156e+10 
     932.500000     9.08821e+10 
     932.558114     9.12575e+10 
     932.700000     9.64208e+10 
     932.800000     9.72224e+10 
     932.897310     1.00877e+11 
     932.954972     1.01732e+11 
     932.966344     1.01765e+11 
     933.100000     1.03341e+11 
     933.174068     1.05455e+11 
     933.312508     1.05266e+11 
     933.381744     1.05884e+11 
     933.387598     1.05925e+11 
     933.416366     1.05761e+11 
     933.433678     1.05425e+11 
     933.440602     1.05267e+11 
     933.444065     1.05238e+11 
     933.447527     1.05232e+11 
     933.450990     1.05199e+11 
     933.454453     1.05348e+11 
     933.457915      1.0547e+11 
     933.461378     1.05616e+11 
     933.468303     1.06039e+11 
     933.485617     1.07198e+11 
     933.520246     1.08684e+11 
     933.589513     1.09673e+11 
     933.728076     1.12367e+11 
     933.800000     1.14255e+11 
     933.900000     1.15397e+11 
     934.005327     1.16016e+11 
     934.100000     1.17349e+11 
     934.200000     1.18689e+11 
     934.300000     1.18958e+11 
     934.400000     1.18966e+11 
     934.500000     1.19281e+11 
     934.560324     1.19477e+11 
     934.700000     1.19119e+11 
     934.782590     1.18433e+11 
     934.900000     1.17752e+11 
     935.000000     1.17054e+11 
     935.072970     1.15657e+11 
     935.172295      1.1416e+11 
     935.175981     1.14139e+11 
     935.300000     1.13052e+11 
     935.400000         1.1e+11 
     935.500000     1.08143e+11 
     935.590244     1.07022e+11 
     935.672297     1.03553e+11 
     935.800000     1.01368e+11 
     935.900000     9.72655e+10 
     936.000000     9.48419e+10 
     936.100000     9.10704e+10 
     936.200000      8.8314e+10 
     936.284730     8.46753e+10 
     936.400000     8.16645e+10 
     936.500000     7.63754e+10 
     936.600000     7.28013e+10 
     936.695470     7.02931e+10 
     936.840090     6.43992e+10 
     936.900000     6.05813e+10 
     937.000000     5.65714e+10 
     937.071427     5.48832e+10 
     937.118018     5.20881e+10 
     937.249063     4.76196e+10 
     937.257043     4.72583e+10 
     937.326571      4.4359e+10 
     937.361339     4.22815e+10 
     937.378724     4.18838e+10 
     937.385679     4.16257e+10 
     937.389156     4.14788e+10 
     937.392633     4.13642e+10 
     937.396110     4.12455e+10 
     937.399587     4.11238e+10 
     937.403064      4.1002e+10 
     937.406542     4.08757e+10 
     937.413496     4.04782e+10 
     937.430883     3.99841e+10 
     937.465659     3.91575e+10 
     937.526104     3.69565e+10 
     937.535218     3.66931e+10 
     937.600000     3.45446e+10 
     937.664687     3.22193e+10 
     937.674367     3.18741e+10 
     937.733993     2.90989e+10 
     937.768650     2.70984e+10 
     937.782514     2.64209e+10 
     937.789446     2.61761e+10 
     937.796378     2.60218e+10 
     937.803310     2.59707e+10 
     937.810242     2.60217e+10 
     937.817175      2.6176e+10 
     937.824107     2.64207e+10 
     937.837972     2.70981e+10 
     937.872637     2.90989e+10 
     937.904201     3.07071e+10 
     937.941974     3.22226e+10 
     937.952790     3.26549e+10 
     938.058904     3.64147e+10 
     938.080680     3.70374e+10 
     938.200000      4.1624e+10 
     938.300000     4.53727e+10 
     938.358213      4.7865e+10 
     938.510132      5.3011e+10 
     938.600000     5.63153e+10 
     938.700000     6.07121e+10 
     938.800000     6.54381e+10 
     938.880225     6.84328e+10 
     938.913774     7.05344e+10 
     939.000000      7.2408e+10 
     939.100000     7.66933e+10 
     939.200000     8.18275e+10 
     939.300000     8.37674e+10 
     939.400000     8.91566e+10 
     939.500000       9.146e+10 
     939.626805     9.64817e+10 
     939.638709     9.66023e+10 
     939.700000     9.84184e+10 
     939.800000     1.03696e+11 
     939.900000     1.04895e+11 
     940.026870     1.11061e+11 
     940.100000     1.12339e+11 
     940.200000     1.14336e+11 
     940.280603     1.18348e+11 
     940.400000     1.20929e+11 
     940.500000     1.22523e+11 
     940.600000     1.26592e+11 
     940.700000     1.28694e+11 
     940.840906     1.30541e+11 
     940.900000     1.31824e+11 
     940.956353     1.33728e+11 
     941.100000     1.36278e+11 
     941.200000     1.37045e+11 
     941.300000     1.37919e+11 
     941.395403     1.39118e+11 
     941.500000     1.39876e+11 
     941.600000     1.39684e+11 
     941.700000     1.39103e+11 
     941.800000     1.38174e+11 
     941.868142     1.37509e+11 
     941.953795     1.36481e+11 
     942.100000     1.33472e+11 
     942.233240     1.29985e+11 
     942.261000     1.29212e+11 
     942.373024     1.25671e+11 
     942.442932      1.2227e+11 
     942.477890     1.15983e+11 
     942.495369       1.112e+11 
     942.502362     1.09714e+11 
     942.505858     1.09289e+11 
     942.509354     1.08958e+11 
     942.512850     1.08487e+11 
     942.516346     1.08975e+11 
     942.519842     1.09323e+11 
     942.523339     1.09765e+11 
     942.530331     1.11288e+11 
     942.547813     1.16182e+11 
     942.582779     1.22866e+11 
     942.652717     1.26855e+11 
     942.792626     1.32342e+11 
     942.900000     1.36272e+11 
     943.000000     1.39763e+11 
     943.072569     1.42262e+11 
     943.200000     1.46079e+11 
     943.300000     1.48821e+11 
     943.400000     1.51284e+11 
     943.500000     1.53489e+11 
     943.632953     1.55923e+11 
     943.700000      1.5705e+11 
     943.800000     1.58493e+11 
     943.900000     1.59718e+11 
     944.000000     1.60626e+11 
     944.090991     1.61597e+11 
     944.200000     1.62435e+11 
     944.300000      1.6267e+11 
     944.400000     1.63194e+11 
     944.500000     1.63352e+11 
     944.600000      1.6345e+11 
     944.700000     1.63192e+11 
     944.755721     1.62976e+11 
     944.842147      1.6272e+11 
     944.900000      1.6268e+11 
     945.000000     1.62241e+11 
     945.100000     1.61544e+11 
     945.200000     1.61075e+11 
     945.270920     1.60308e+11 
     945.400000     1.59258e+11 
     945.500000      1.5825e+11 
     945.600000     1.57256e+11 
     945.700000     1.56099e+11 
     945.800000     1.54508e+11 
     945.900000      1.5313e+11 
     946.000000     1.51583e+11 
     946.100000      1.4995e+11 
     946.200000     1.48304e+11 
     946.300000      1.4617e+11 
     946.400000      1.4427e+11 
     946.500000     1.42098e+11 
     946.600000     1.39436e+11 
     946.700000      1.3732e+11 
     946.761271     1.35917e+11 
     946.900000     1.32406e+11 
     947.009292     1.29072e+11 
     947.079911     1.27184e+11 
     947.200000     1.23912e+11 
     947.300000     1.20586e+11 
     947.400000     1.17211e+11 
     947.501609     1.14308e+11 
     947.600000     1.10663e+11 
     947.700000     1.07051e+11 
     947.800000       1.038e+11 
     947.900000     9.96595e+10 
     948.000000     9.62377e+10 
     948.146765     9.02243e+10 
     948.202773     8.84988e+10 
     948.300000     8.40534e+10 
     948.400000     8.06786e+10 
     948.500000     7.61941e+10 
     948.620906     7.09892e+10 
     948.700763     6.78496e+10 
     948.765203      6.5462e+10 
     948.900000     6.00167e+10 
     949.046668     5.32858e+10 
     949.100000     5.10629e+10 
     949.181546     4.75992e+10 
     949.187463     4.71467e+10 
     949.257876     4.40188e+10 
     949.293087     4.26511e+10 
     949.310693     4.16033e+10 
     949.317736     4.07985e+10 
     949.321257     4.04157e+10 
     949.324779     4.01217e+10 
     949.328300      3.9917e+10 
     949.331821     3.97951e+10 
     949.335343     3.97879e+10 
     949.338864     3.99038e+10 
     949.345908      4.0118e+10 
     949.363516      4.0248e+10 
     949.398734     3.91327e+10 
     949.462115     3.73411e+10 
     949.469179     3.70758e+10 
     949.602462     3.19998e+10 
     949.610099     3.15038e+10 
     949.672651     2.78726e+10 
     949.707749     2.52348e+10 
     949.721789     2.43649e+10 
     949.728809     2.40625e+10 
     949.735830     2.38733e+10 
     949.742850     2.38118e+10 
     949.749870     2.38731e+10 
     949.756891     2.40622e+10 
     949.763912     2.43646e+10 
     949.777954     2.52343e+10 
     949.813060      2.7872e+10 
     949.883280     3.20017e+10 
     949.892066     3.23563e+10 
     950.023751     3.74459e+10 
     950.100000     3.97377e+10 
     950.200000     4.40989e+10 
     950.304818     4.79849e+10 
     950.400000     5.25101e+10 
     950.456502     5.38359e+10 
     950.600000     6.07743e+10 
     950.700000     6.49022e+10 
     950.800000     6.88868e+10 
     950.867452     7.10771e+10 
     951.000000     7.66081e+10 
     951.100000     8.12575e+10 
     951.200000     8.45778e+10 
     951.300000     8.91718e+10 
     951.400000     9.25619e+10 
     951.500000     9.66773e+10 
     951.587390     9.96564e+10 
     951.700000     1.04366e+11 
     951.800000     1.07557e+11 
     951.900000     1.11365e+11 
     951.994719      1.1488e+11 
     952.100000     1.17971e+11 
     952.200000     1.21455e+11 
     952.300000      1.2497e+11 
     952.400000     1.27777e+11 
     952.500000     1.30575e+11 
     952.600000     1.34069e+11 
     952.700000     1.36833e+11 
     952.800000     1.39413e+11 
     952.900000     1.41798e+11 
     953.000000     1.44839e+11 
     953.100000     1.47453e+11 
     953.200000     1.49713e+11 
     953.300000     1.51847e+11 
     953.400000     1.54368e+11 
     953.544787     1.57459e+11 
     953.600000     1.58623e+11 
     953.700000     1.60567e+11 
     953.800000     1.62752e+11 
     953.857257     1.63727e+11 
     954.000000     1.66266e+11 
     954.100000     1.67936e+11 
     954.167530     1.69002e+11 
     954.257293      1.7035e+11 
     954.400000     1.72803e+11 
     954.474655      1.7383e+11 
     954.600000      1.7552e+11 
     954.700000     1.76795e+11 
     954.800000     1.78003e+11 
     954.900000     1.79097e+11 
     955.000000      1.8057e+11 
     955.100000     1.81552e+11 
     955.200000     1.82475e+11 
     955.300000     1.83375e+11 
     955.400000      1.8422e+11 
     955.500000      1.8491e+11 
     955.600000     1.85594e+11 
     955.700000      1.8665e+11 
     955.800000     1.87211e+11 
     955.892016     1.87648e+11 
     956.000000     1.87693e+11 
     956.100000     1.88156e+11 
     956.200000     1.88576e+11 
     956.300000     1.88524e+11 
     956.427380     1.87964e+11 
     956.500000     1.88548e+11 
     956.600000      1.8827e+11 
     956.700000     1.86733e+11 
     956.800000     1.87106e+11 
     956.900000     1.85135e+11 
     957.000000     1.84541e+11 
     957.100000     1.82525e+11 
     957.200000     1.81096e+11 
     957.300000     1.78162e+11 
     957.400000     1.76284e+11 
     957.500000     1.72509e+11 
     957.561324      1.7068e+11 
     957.700000     1.64574e+11 
     957.800000     1.59736e+11 
     957.900000     1.54125e+11 
     958.000000      1.4786e+11 
     958.129305     1.39089e+11 
     958.200000     1.33817e+11 
     958.300000     1.25894e+11 
     958.413548     1.16524e+11 
     958.500000     1.09066e+11 
     958.555733     1.04044e+11 
     958.626841     9.67053e+10 
     958.662399     8.83129e+10 
     958.680179     8.04137e+10 
     958.687292      7.7994e+10 
     958.690848      7.7177e+10 
     958.694404     7.66248e+10 
     958.697960      7.6255e+10 
     958.701516     7.66247e+10 
     958.705072     7.71766e+10 
     958.708629     7.79936e+10 
     958.715741     8.04131e+10 
     958.733523     8.83125e+10 
     958.769089     9.67088e+10 
     958.814858     1.01615e+11 
     958.840229     1.04055e+11 
     958.900000     1.09446e+11 
     958.982541     1.16573e+11 
     959.100000     1.26303e+11 
     959.200000      1.3431e+11 
     959.267291     1.39407e+11 
     959.400000     1.48649e+11 
     959.500000     1.55156e+11 
     959.600000     1.61067e+11 
     959.700000     1.66257e+11 
     959.837298     1.72931e+11 
     959.900000     1.75101e+11 
     960.011529     1.79893e+11 
     960.100000     1.81964e+11 
     960.200000     1.85606e+11 
     960.300000     1.87645e+11 
     960.400000     1.90485e+11 
     960.500000     1.91657e+11 
     960.600000     1.94593e+11 
     960.700000     1.94809e+11 
     960.800000     1.97175e+11 
     960.900000     1.98426e+11 
     960.979346     1.98499e+11 
     961.100000     2.00139e+11 
     961.200000     2.01275e+11 
     961.300000     2.01579e+11 
     961.412550     2.01855e+11 
     961.500000     2.02792e+11 
     961.600000     2.03302e+11 
     961.700000     2.03579e+11 
     961.800000     2.03715e+11 
     961.900000     2.03898e+11 
     962.000000     2.04397e+11 
     962.100000     2.04624e+11 
     962.200000     2.04733e+11 
     962.300000     2.04842e+11 
     962.400000     2.04885e+11 
     962.500000     2.04891e+11 
     962.600000     2.04965e+11 
     962.700000     2.05002e+11 
     962.800000     2.04975e+11 
     962.900000     2.04917e+11 
     963.000000     2.04844e+11 
     963.100000     2.04745e+11 
     963.200000     2.04643e+11 
     963.271617     2.04543e+11 
     963.420951     2.04307e+11 
     963.500000     2.04172e+11 
     963.600000     2.03979e+11 
     963.700000     2.03764e+11 
     963.800000     2.03551e+11 
     963.900000     2.03295e+11 
     964.000000     2.03023e+11 
     964.100000     2.02731e+11 
     964.200000     2.02418e+11 
     964.300000     2.02077e+11 
     964.400000     2.01726e+11 
     964.500000     2.01374e+11 
     964.600000     2.00979e+11 
     964.700000     2.00565e+11 
     964.800000      2.0013e+11 
     964.900000     1.99674e+11 
     965.000000     1.99194e+11 
     965.100000     1.98692e+11 
     965.200000     1.98166e+11 
     965.300000     1.97615e+11 
     965.400000     1.97049e+11 
     965.500000     1.96446e+11 
     965.600000     1.95815e+11 
     965.700000     1.95094e+11 
     965.800000     1.94407e+11 
     965.900000     1.93683e+11 
     966.000000     1.92936e+11 
     966.100000     1.92157e+11 
     966.200000     1.91346e+11 
     966.300000     1.90499e+11 
     966.400000     1.89621e+11 
     966.500000     1.88709e+11 
     966.600000     1.87758e+11 
     966.700000     1.86767e+11 
     966.800000     1.85718e+11 
     966.900000     1.84472e+11 
     967.000000     1.83357e+11 
     967.100000     1.82196e+11 
     967.200000     1.80988e+11 
     967.300000     1.79734e+11 
     967.400000     1.78437e+11 
     967.517553     1.76844e+11 
     967.600000     1.75688e+11 
     967.700000     1.73921e+11 
     967.800000     1.72422e+11 
     967.900000     1.70861e+11 
     967.957285     1.69939e+11 
     968.061850     1.68207e+11 
     968.200000     1.65815e+11 
     968.300000     1.64038e+11 
     968.400000      1.6176e+11 
     968.500000     1.59846e+11 
     968.600000      1.5785e+11 
     968.700000     1.55794e+11 
     968.800000     1.53693e+11 
     968.900000     1.51035e+11 
     969.000000      1.4879e+11 
     969.100000     1.46467e+11 
     969.200000      1.4408e+11 
     969.300000     1.41664e+11 
     969.400000     1.38632e+11 
     969.486630     1.36406e+11 
     969.600000     1.33363e+11 
     969.700000     1.30145e+11 
     969.809022     1.27142e+11 
     969.900000     1.24506e+11 
     970.000000      1.2158e+11 
     970.100000     1.18139e+11 
     970.241509     1.13743e+11 
     970.300000     1.11942e+11 
     970.400000     1.08332e+11 
     970.500000      1.0504e+11 
     970.600000      1.0135e+11 
     970.700000     9.79836e+10 
     970.757387     9.60245e+10 
     970.900000     9.07355e+10 
     970.958831     8.82383e+10 
     971.100000      8.3264e+10 
     971.200000     7.93606e+10 
     971.300000     7.53528e+10 
     971.387669      7.2129e+10 
     971.534759     6.63104e+10 
     971.600000     6.36294e+10 
     971.700000     5.95647e+10 
     971.822979     5.45172e+10 
     971.900000     5.12379e+10 
     971.961765     4.85545e+10 
     971.967153     4.83381e+10 
     972.039256      4.4461e+10 
     972.075312     4.14314e+10 
     972.093341      3.9235e+10 
     972.100552     3.82903e+10 
     972.104158     3.78775e+10 
     972.107764     3.75687e+10 
     972.111370     3.74225e+10 
     972.114976      3.7423e+10 
     972.118582     3.75543e+10 
     972.122188     3.77736e+10 
     972.129400      3.8274e+10 
     972.147431      3.9198e+10 
     972.183495       3.945e+10 
     972.249068     3.75649e+10 
     972.255630     3.73928e+10 
     972.392783     3.15608e+10 
     972.399932     3.10502e+10 
     972.464656     2.51096e+10 
     972.500597     2.25931e+10 
     972.514974     2.20928e+10 
     972.522162     2.19553e+10 
     972.529351     2.18805e+10 
     972.536540      2.1857e+10 
     972.543729     2.18803e+10 
     972.550918     2.19549e+10 
     972.558107     2.20922e+10 
     972.572486     2.25922e+10 
     972.608435     2.51083e+10 
     972.680340     3.15614e+10 
     972.688666      3.2155e+10 
     972.824182     3.76895e+10 
     972.900000     4.08205e+10 
     973.000000     4.47198e+10 
     973.111995     4.92874e+10 
     973.200000     5.28677e+10 
     973.266648     5.54497e+10 
     973.400000     6.09522e+10 
     973.500000     6.47251e+10 
     973.600000     6.87167e+10 
     973.688132     7.22288e+10 
     973.800000     7.66139e+10 
     973.900000      8.0235e+10 
     974.000000     8.41149e+10 
     974.100000       8.757e+10 
     974.200000      9.1436e+10 
     974.300000     9.47526e+10 
     974.424676     9.93742e+10 
     974.500000     1.01794e+11 
     974.600000     1.05455e+11 
     974.692250     1.08418e+11 
     974.842454     1.13463e+11 
     974.900000     1.15235e+11 
     975.000000     1.18213e+11 
     975.100000     1.21557e+11 
     975.200000     1.24418e+11 
     975.300000     1.27215e+11 
     975.400000     1.30424e+11 
     975.500000     1.33004e+11 
     975.600000     1.35603e+11 
     975.700000     1.38116e+11 
     975.800000     1.41063e+11 
     975.900000     1.43393e+11 
     976.000000     1.45696e+11 
     976.100000      1.4794e+11 
     976.200000     1.50103e+11 
     976.300000     1.52696e+11 
     976.400000      1.5472e+11 
     976.500000     1.56705e+11 
     976.600000     1.58616e+11 
     976.749018     1.61346e+11 
     976.800000     1.62708e+11 
     976.900000     1.64427e+11 
     977.000000     1.66089e+11 
     977.100000      1.6772e+11 
     977.159329      1.6866e+11 
     977.300000     1.70808e+11 
     977.400000     1.72264e+11 
     977.500000     1.74012e+11 
     977.600000     1.75383e+11 
     977.700000     1.76687e+11 
     977.800000     1.77948e+11 
     977.900000     1.79176e+11 
     978.000000     1.80361e+11 
     978.100000     1.81502e+11 
     978.200000     1.82602e+11 
     978.300000      1.8366e+11 
     978.400000     1.84882e+11 
     978.500000     1.85876e+11 
     978.600000     1.86826e+11 
     978.700000     1.87739e+11 
     978.800000     1.88616e+11 
     978.900000     1.89467e+11 
     979.000000     1.90288e+11 
     979.100000      1.9108e+11 
     979.200000     1.91843e+11 
     979.300000     1.92577e+11 
     979.400000     1.93285e+11 
     979.500000     1.94047e+11 
     979.600000     1.94707e+11 
     979.700000     1.95342e+11 
     979.800000     1.95956e+11 
     979.900000     1.96546e+11 
     980.000000     1.97114e+11 
     980.100000      1.9766e+11 
     980.200000     1.98188e+11 
     980.300000     1.98697e+11 
     980.400000     1.99187e+11 
     980.500000      1.9966e+11 
     980.600000     2.00116e+11 
     980.700000     2.00556e+11 
     980.800000     2.00979e+11 
     980.900000     2.01388e+11 
     981.000000     2.01799e+11 
     981.100000     2.02179e+11 
     981.200000     2.02545e+11 
     981.300000     2.02898e+11 
     981.441306     2.03375e+11 
     981.500000     2.03566e+11 
     981.600000     2.03882e+11 
     981.700000     2.04186e+11 
     981.826275     2.04555e+11 
     981.900000     2.04762e+11 
     982.000000     2.05034e+11 
     982.100000     2.05296e+11 
     982.200000     2.05549e+11 
     982.300000     2.05792e+11 
     982.400000     2.06026e+11 
     982.500000     2.06252e+11 
     982.600000     2.06469e+11 
     982.700000     2.06678e+11 
     982.800000     2.06878e+11 
     982.900000     2.07072e+11 
     983.000000     2.07259e+11 
     983.050987     2.07549e+11 
     983.200000     2.07802e+11 
     983.300000     2.07963e+11 
     983.400000     2.08117e+11 
     983.500000     2.08265e+11 
     983.600000     2.08407e+11 
     983.700000     2.08543e+11 
     983.800000     2.08673e+11 
     983.900000     2.08797e+11 
     984.000000     2.08916e+11 
     984.100000     2.09029e+11 
     984.200000     2.09136e+11 
     984.300000     2.09238e+11 
     984.400000     2.09336e+11 
     984.500000     2.09428e+11 
     984.600000     2.09515e+11 
     984.700000     2.09597e+11 
     984.800000     2.09674e+11 
     984.900000     2.09747e+11 
     985.000000     2.09814e+11 
     985.100000     2.09878e+11 
     985.200000     2.09933e+11 
     985.300000     2.09987e+11 
     985.400000     2.10037e+11 
     985.500000     2.10081e+11 
     985.600000     2.10121e+11 
     985.700000     2.10157e+11 
     985.800000     2.10187e+11 
     985.900000     2.10214e+11 
     986.000000     2.10235e+11 
     986.100000     2.10252e+11 
     986.200000     2.10264e+11 
     986.300000     2.10271e+11 
     986.400000     2.10273e+11 
     986.500000     2.10255e+11 
     986.600000     2.10246e+11 
     986.700000     2.10231e+11 
     986.800000     2.10211e+11 
     986.900000     2.10184e+11 
     987.000000     2.10151e+11 
     987.101437     2.10521e+11 
     987.200000     2.10474e+11 
     987.300000     2.10419e+11 
     987.400000     2.10314e+11 
     987.500000     2.10242e+11 
     987.600000     2.10159e+11 
     987.673492     2.10092e+11 
     987.800000     2.09964e+11 
     987.900000     2.09851e+11 
     988.000000     2.09733e+11 
     988.100000       2.096e+11 
     988.200000     2.09372e+11 
     988.317335     2.09177e+11 
     988.400000     2.09021e+11 
     988.500000     2.08813e+11 
     988.600000     2.08588e+11 
     988.700000      2.0834e+11 
     988.800000     2.07959e+11 
     988.900000     2.07656e+11 
     989.000000     2.07325e+11 
     989.100000     2.06946e+11 
     989.200000      2.0643e+11 
     989.300000     2.05944e+11 
     989.400000     2.05328e+11 
     989.500000     2.04775e+11 
     989.600000     2.04072e+11 
     989.700000     2.03304e+11 
     989.800000     2.02471e+11 
     989.900000      2.0116e+11 
     990.012698     1.99981e+11 
     990.100000     1.99052e+11 
     990.200000     1.97726e+11 
     990.300000     1.95424e+11 
     990.400000     1.93575e+11 
     990.500000     1.92039e+11 
     990.600000     1.89027e+11 
     990.700000        1.86e+11 
     990.800000     1.84228e+11 
     990.900000     1.78016e+11 
     991.000000     1.76822e+11 
     991.100000     1.69997e+11 
     991.186461     1.67794e+11 
     991.295194     1.62082e+11 
     991.400000     1.54522e+11 
     991.500000     1.47299e+11 
     991.600000     1.40284e+11 
     991.700000     1.33088e+11 
     991.774386     1.26609e+11 
     991.900000     1.14565e+11 
     992.000000     1.03919e+11 
     992.068611     9.58098e+10 
     992.215789     7.68005e+10 
     992.289394     6.47099e+10 
     992.326201     5.57546e+10 
     992.344605     4.91209e+10 
     992.351967     4.65001e+10 
     992.355648     4.55075e+10 
     992.359329     4.48594e+10 
     992.363010     4.46358e+10 
     992.366691     4.48591e+10 
     992.370372      4.5507e+10 
     992.374053     4.64993e+10 
     992.381416     4.91195e+10 
     992.399822     5.57511e+10 
     992.436637     6.47013e+10 
     992.510275     7.67773e+10 
     992.600000     8.88749e+10 
     992.657584     9.57416e+10 
     992.800000     1.11256e+11 
     992.900000     1.21267e+11 
     992.952333     1.26397e+11 
     993.100000     1.38977e+11 
     993.200000     1.46449e+11 
     993.300000     1.53484e+11 
     993.400000     1.59108e+11 
     993.542356     1.67186e+11 
     993.600000     1.69333e+11 
     993.700000     1.74069e+11 
     993.800000     1.77262e+11 
     993.900000     1.81914e+11 
     994.000000     1.84804e+11 
     994.100000      1.8636e+11 
     994.200000     1.90534e+11 
     994.300000     1.92101e+11 
     994.400000     1.93344e+11 
     994.500000     1.96004e+11 
     994.600000     1.97285e+11 
     994.724508     1.98655e+11 
     994.800000      1.9932e+11 
     994.900000     2.00674e+11 
     995.000000     2.01511e+11 
     995.100000     2.02266e+11 
     995.200000     2.02987e+11 
     995.300000     2.03479e+11 
     995.400000     2.04024e+11 
     995.500000      2.0453e+11 
     995.600000     2.05024e+11 
     995.700000     2.05365e+11 
     995.800000     2.05675e+11 
     995.900000      2.0594e+11 
     996.000000     2.06189e+11 
     996.100000     2.06513e+11 
     996.200000     2.06703e+11 
     996.300000     2.06882e+11 
     996.400000     2.07041e+11 
     996.500000      2.0718e+11 
     996.600000       2.073e+11 
     996.700000     2.07486e+11 
     996.800000     2.07578e+11 
     996.900000     2.07659e+11 
     997.000000     2.07737e+11 
     997.097272     2.07804e+11 
     997.200000     2.07865e+11 
     997.300000     2.07916e+11 
     997.400000     2.08003e+11 
     997.500000     2.08039e+11 
     997.600000     2.08069e+11 
     997.700000     2.08092e+11 
     997.800000      2.0811e+11 
     997.900000     2.08126e+11 
     998.000000     2.08138e+11 
     998.100000     2.08145e+11 
     998.200000     2.08149e+11 
     998.300000     2.08149e+11 
     998.400000     2.08162e+11 
     998.500000     2.08155e+11 
     998.600000     2.08146e+11 
     998.700000     2.08134e+11 
     998.800000     2.08119e+11 
     998.900000     2.08102e+11 
     999.000000     2.08082e+11 
     999.100000     2.08061e+11 
     999.200000     2.08038e+11 
     999.300000     2.08013e+11 
     999.400000     2.07986e+11 
     999.500000     2.07957e+11 
     999.600000     2.07927e+11 
     999.700000     2.07898e+11 
     999.800000     2.07865e+11 
     999.900000     2.07831e+11 
    1001.000000     2.07372e+11 
    1001.500000     2.07125e+11 
    1002.000000     2.06859e+11 
    1002.500000     2.06576e+11 
    1002.949837     2.06307e+11 
    1003.530528     2.05888e+11 
    1004.000000     2.05576e+11 
    1004.500000     2.05229e+11 
    1005.000000     2.04867e+11 
    1005.500000      2.0449e+11 
    1006.000000     2.04097e+11 
    1006.672300     2.03542e+11 
    1007.000000     2.03259e+11 
    1007.500000     2.02811e+11 
    1008.000000     2.02342e+11 
    1008.500000      2.0185e+11 
    1009.000000     2.01331e+11 
    1009.500000     2.00784e+11 
    1010.000000     2.00204e+11 
    1010.500000     1.99588e+11 
    1010.791728      1.9921e+11 
    1011.500000     1.98227e+11 
    1012.000000      1.9747e+11 
    1012.500000     1.96652e+11 
    1013.000000     1.95763e+11 
    1013.500000     1.94794e+11 
    1013.988058     1.93756e+11 
    1014.500000     1.92556e+11 
    1014.952254     1.91417e+11 
    1015.500000      1.8983e+11 
    1016.107844     1.87818e+11 
    1016.500000     1.86353e+11 
    1017.000000      1.8426e+11 
    1017.500000     1.81871e+11 
    1018.000000      1.7913e+11 
    1018.500000      1.7597e+11 
    1019.000000     1.72311e+11 
    1019.500000     1.68061e+11 
    1020.000000     1.63114e+11 
    1020.426917      1.5825e+11 
    1020.892258     1.52179e+11 
    1021.500000     1.42875e+11 
    1022.000000     1.33911e+11 
    1022.500000     1.23665e+11 
    1022.843696     1.15835e+11 
    1023.301400     1.04395e+11 
    1024.056384     8.29167e+10 
    1024.510240     6.84178e+10 
    1024.663806      6.3252e+10 
    1024.967788     5.24594e+10 
    1025.115732      4.6513e+10 
    1025.119846     4.62787e+10 
    1025.195893     4.15632e+10 
    1025.233920     3.57922e+10 
    1025.252935     3.09704e+10 
    1025.260541     2.90337e+10 
    1025.264344     2.82736e+10 
    1025.268147     2.77651e+10 
    1025.271950     2.75787e+10 
    1025.275753     2.77164e+10 
    1025.279556     2.81697e+10 
    1025.283360     2.88626e+10 
    1025.290966     3.06145e+10 
    1025.309983     3.45429e+10 
    1025.348019     3.75741e+10 
    1025.418746     3.59857e+10 
    1025.424099      3.5801e+10 
    1025.570321     2.88691e+10 
    1025.576293     2.82178e+10 
    1025.646125     2.06304e+10 
    1025.684031     1.84533e+10 
    1025.699194     1.80124e+10 
    1025.706776     1.78768e+10 
    1025.714358     1.77959e+10 
    1025.721940     1.77689e+10 
    1025.729522     1.77957e+10 
    1025.737104     1.78763e+10 
    1025.744687     1.80116e+10 
    1025.759852     1.84521e+10 
    1025.797766     2.06279e+10 
    1025.873604     2.88676e+10 
    1025.880816     2.95232e+10 
    1026.025313     3.61197e+10 
    1026.328865     4.75125e+10 
    1026.490406     5.32987e+10 
    1026.936509     6.84835e+10 
    1027.711761     9.20851e+10 
    1028.153958     1.03932e+11 
    1028.500000     1.12374e+11 
    1029.000000     1.23333e+11 
    1029.500000     1.32882e+11 
    1030.163211     1.43538e+11 
    1030.597537     1.49391e+11 
    1031.000000      1.5411e+11 
    1031.500000     1.59138e+11 
    1032.000000     1.63364e+11 
    1032.500000     1.66909e+11 
    1033.000000     1.69878e+11 
    1033.500000     1.72364e+11 
    1034.000000     1.74446e+11 
    1034.500000      1.7619e+11 
    1035.000000     1.77649e+11 
    1035.519705     1.78915e+11 
    1036.000000     1.79892e+11 
    1036.500000     1.80745e+11 
    1036.809808       1.812e+11 
    1037.500000     1.82042e+11 
    1038.000000     1.82527e+11 
    1038.706224     1.83064e+11 
    1039.000000     1.83236e+11 
    1039.500000     1.83491e+11 
    1040.000000      1.8369e+11 
    1040.500000     1.83839e+11 
    1041.000000     1.83947e+11 
    1041.500000     1.84017e+11 
    1042.000000     1.84054e+11 
    1042.500000     1.84063e+11 
    1043.000000     1.84047e+11 
    1043.500000     1.84008e+11 
    1044.000000      1.8395e+11 
    1044.500000     1.83875e+11 
    1045.000000     1.83784e+11 
    1045.506454     1.83677e+11 
    1046.000000     1.83561e+11 
    1046.500000     1.83433e+11 
    1047.000000     1.83294e+11 
    1047.500000     1.83147e+11 
    1048.000000     1.82992e+11 
    1048.610303     1.82831e+11 
    1049.000000     1.82697e+11 
    1049.500000      1.8252e+11 
    1050.000000     1.82337e+11 
    1050.500000      1.8215e+11 
    1051.000000     1.81959e+11 
    1051.500000     1.81764e+11 
    1052.179718     1.81553e+11 
    1052.500000     1.81422e+11 
    1053.000000     1.81216e+11 
    1053.500000     1.81007e+11 
    1054.000000     1.80796e+11 
    1054.500000     1.80582e+11 
    1055.000000     1.80366e+11 
    1055.500000     1.80148e+11 
    1055.831606     1.80003e+11 
    1056.500000     1.79696e+11 
    1057.000000     1.79474e+11 
    1057.500000      1.7925e+11 
    1058.000000     1.79024e+11 
    1058.500000     1.78798e+11 
    1059.000000     1.78571e+11 
    1059.500000     1.78342e+11 
    1060.000000     1.78113e+11 
    1060.500000     1.77883e+11 
    1061.000000     1.77652e+11 
    1061.320826     1.77503e+11 
    1062.000000     1.77188e+11 
    1062.500000     1.76955e+11 
    1063.000000     1.76721e+11 
    1063.500000     1.76487e+11 
    1064.000000     1.76252e+11 
    1064.500000     1.76017e+11 
    1065.000000     1.75781e+11 
    1065.500000     1.75544e+11 
    1066.069201     1.75274e+11 
    1066.500000     1.75069e+11 
    1067.000000     1.74831e+11 
    1067.500000     1.74591e+11 
    1068.000000     1.74352e+11 
    1068.500000     1.74111e+11 
    1069.000000     1.73869e+11 
    1069.500000     1.73627e+11 
    1070.000000     1.73383e+11 
    1070.500000     1.73138e+11 
    1071.000000     1.72891e+11 
    1071.500000     1.72643e+11 
    1072.000000     1.72392e+11 
    1072.500000     1.72139e+11 
    1073.001463     1.71883e+11 
    1073.500000     1.71624e+11 
    1074.000000      1.7136e+11 
    1074.500000     1.71092e+11 
    1075.000000     1.70816e+11 
    1075.500000     1.70532e+11 
    1076.000000     1.70239e+11 
    1076.500000     1.69932e+11 
    1077.000000     1.69608e+11 
    1077.500000     1.69263e+11 
    1078.000000     1.68888e+11 
    1078.500000     1.68473e+11 
    1079.000000     1.68004e+11 
    1079.500000     1.67457e+11 
    1079.815060     1.67057e+11 
    1080.500000     1.65967e+11 
    1081.000000     1.64869e+11 
    1081.500000     1.63324e+11 
    1082.000000     1.61012e+11 
    1082.372493     1.58612e+11 
    1083.000000     1.51413e+11 
    1083.655758     1.35889e+11 
    1084.000000     1.22294e+11 
    1084.298533     1.05492e+11 
    1084.620206     7.88052e+10 
    1084.781114     5.95457e+10 
    1084.861586     4.48787e+10 
    1084.901827     3.15948e+10 
    1084.921948     2.46572e+10 
    1084.929997     2.27874e+10 
    1084.934021     2.21806e+10 
    1084.938046     2.18127e+10 
    1084.942070     2.16945e+10 
    1084.946095     2.18126e+10 
    1084.950119     2.21804e+10 
    1084.954144      2.2787e+10 
    1084.962193     2.46564e+10 
    1084.982316     3.15928e+10 
    1085.022566     4.48721e+10 
    1085.103074     5.95244e+10 
    1085.264125     7.87362e+10 
    1085.586372     1.05263e+11 
    1086.231439     1.35154e+11 
    1086.500000     1.42571e+11 
    1087.000000     1.51413e+11 
    1087.523876     1.56571e+11 
    1088.000000     1.59108e+11 
    1088.500000      1.6064e+11 
    1089.000000      1.6159e+11 
    1089.500000     1.62145e+11 
    1090.117999     1.62511e+11 
    1090.500000     1.62627e+11 
    1091.000000     1.62691e+11 
    1091.500000     1.62685e+11 
    1092.000000      1.6263e+11 
    1092.500000     1.62539e+11 
    1093.000000     1.62421e+11 
    1093.500000     1.62284e+11 
    1094.000000     1.62131e+11 
    1094.500000     1.61967e+11 
    1095.000000     1.61793e+11 
    1095.500000     1.61612e+11 
    1096.000000     1.61426e+11 
    1096.500000     1.61234e+11 
    1097.151423      1.6098e+11 
    1097.500000     1.60842e+11 
    1098.000000     1.60641e+11 
    1098.500000     1.60439e+11 
    1099.000000     1.60235e+11 
    1099.500000     1.60029e+11 
    1100.000000     1.59823e+11 
    1100.500000     1.59615e+11 
    1101.000000     1.59407e+11 
    1101.500000     1.59198e+11 
    1102.000000     1.58989e+11 
    1102.500000     1.58779e+11 
    1103.000000     1.58569e+11 
    1103.500000     1.58359e+11 
    1104.000000     1.58149e+11 
    1104.500000     1.57938e+11 
    1105.000000     1.57728e+11 
    1105.500000     1.57517e+11 
    1106.000000     1.57307e+11 
    1106.500000     1.57096e+11 
    1107.000000     1.56886e+11 
    1107.500000     1.56676e+11 
    1108.000000     1.56466e+11 
    1108.500000     1.56256e+11 
    1109.000000     1.56046e+11 
    1109.638699     1.55779e+11 
    1109.720588     1.55793e+11 
    1110.000000     1.55675e+11 
    1110.500000     1.55466e+11 
    1111.000000     1.55256e+11 
    1111.500000     1.55046e+11 
    1112.000000     1.54837e+11 
    1112.500000     1.54628e+11 
    1113.000000     1.54419e+11 
    1113.500000     1.54211e+11 
    1114.000000     1.54003e+11 
    1114.500000     1.53795e+11 
    1115.000000     1.53587e+11 
    1115.500000      1.5338e+11 
    1116.000000     1.53173e+11 
    1116.500000     1.52966e+11 
    1117.000000     1.52759e+11 
    1117.500000     1.52553e+11 
    1118.000000     1.52347e+11 
    1118.500000     1.52142e+11 
    1119.000000     1.51937e+11 
    1119.500000     1.51732e+11 
    1120.000000     1.51527e+11 
    1120.500000     1.51322e+11 
    1121.000000     1.51118e+11 
    1121.500000     1.50915e+11 
    1122.000000     1.50711e+11 
    1122.500000     1.50508e+11 
    1123.000000     1.50305e+11 
    1123.500000     1.50103e+11 
    1124.000000     1.49901e+11 
    1124.500000     1.49699e+11 
    1125.000000     1.49497e+11 
    1125.500000     1.49296e+11 
    1126.000000     1.49095e+11 
    1126.500000     1.48894e+11 
    1127.000000     1.48694e+11 
    1127.500000     1.48494e+11 
    1128.000000     1.48294e+11 
    1128.500000     1.48095e+11 
    1129.000000     1.47896e+11 
    1129.500000     1.47697e+11 
    1130.127492     1.47448e+11 
    1130.500000       1.473e+11 
    1131.000000     1.47102e+11 
    1131.500000     1.46905e+11 
    1132.000000     1.46708e+11 
    1132.500000     1.46511e+11 
    1133.000000     1.46314e+11 
    1133.500000     1.46118e+11 
    1134.000000     1.45922e+11 
    1134.500000     1.45726e+11 
    1135.000000     1.45531e+11 
    1135.485861     1.45346e+11 
    1136.000000     1.45146e+11 
    1136.500000     1.44951e+11 
    1137.000000     1.44756e+11 
    1137.500000     1.44562e+11 
    1138.000000     1.44369e+11 
    1138.500000     1.44175e+11 
    1139.000000     1.43982e+11 
    1139.500000     1.43789e+11 
    1140.000000     1.43597e+11 
    1140.500000     1.43404e+11 
    1141.000000     1.43212e+11 
    1141.500000     1.43021e+11 
    1142.000000     1.42829e+11 
    1142.500000     1.42638e+11 
    1143.000000     1.42447e+11 
    1143.500000     1.42257e+11 
    1144.000000     1.42067e+11 
    1144.500000     1.41877e+11 
    1145.000000     1.41687e+11 
    1145.500000     1.41498e+11 
    1146.000000     1.41309e+11 
    1146.500000      1.4112e+11 
    1147.000000     1.40932e+11 
    1147.500000     1.40743e+11 
    1148.000000     1.40555e+11 
    1148.500000     1.40368e+11 
    1149.000000      1.4018e+11 
    1149.500000     1.39993e+11 
    1150.000000     1.39806e+11 
    1150.500000      1.3962e+11 
    1151.000000     1.39433e+11 
    1151.500000     1.39247e+11 
    1152.000000     1.39062e+11 
    1152.500000     1.38876e+11 
    1153.000000     1.38691e+11 
    1153.500000     1.38506e+11 
    1154.000000     1.38321e+11 
    1154.500000     1.38137e+11 
    1155.000000     1.37952e+11 
    1155.500000     1.37768e+11 
    1156.000000     1.37585e+11 
    1156.500000     1.37401e+11 
    1157.000000     1.37218e+11 
    1157.500000     1.37035e+11 
    1158.000000     1.36852e+11 
    1158.500000      1.3667e+11 
    1159.000000     1.36487e+11 
    1159.500000     1.36305e+11 
    1160.000000     1.36123e+11 
    1160.500000     1.35942e+11 
    1161.000000      1.3576e+11 
    1161.500000     1.35579e+11 
    1162.000000     1.35398e+11 
    1162.500000     1.35218e+11 
    1163.000000     1.35037e+11 
    1163.348933     1.34911e+11 
    1164.000000     1.34668e+11 
    1164.500000     1.34488e+11 
    1165.000000     1.34308e+11 
    1165.500000     1.34129e+11 
    1166.000000     1.33949e+11 
    1166.500000     1.33769e+11 
    1167.000000      1.3359e+11 
    1167.500000     1.33411e+11 
    1168.000000     1.33232e+11 
    1168.500000     1.33053e+11 
    1169.000000     1.32874e+11 
    1169.500000     1.32696e+11 
    1170.000000     1.32517e+11 
    1170.500000     1.32339e+11 
    1171.000000     1.32161e+11 
    1171.339413      1.3204e+11 
    1172.000000     1.31804e+11 
    1172.500000     1.31626e+11 
    1173.000000     1.31448e+11 
    1173.500000      1.3127e+11 
    1174.000000     1.31092e+11 
    1174.500000     1.30914e+11 
    1175.000000     1.30736e+11 
    1175.500000     1.30558e+11 
    1176.000000      1.3038e+11 
    1176.500000     1.30202e+11 
    1177.000000     1.30024e+11 
    1177.500000     1.29846e+11 
    1178.000000     1.29667e+11 
    1178.500000     1.29489e+11 
    1179.000000      1.2931e+11 
    1179.500000     1.29131e+11 
    1180.000000     1.28952e+11 
    1180.500000     1.28773e+11 
    1181.000000     1.28593e+11 
    1181.500000     1.28413e+11 
    1182.000000     1.28233e+11 
    1182.500000     1.28052e+11 
    1183.000000     1.27871e+11 
    1183.500000     1.27689e+11 
    1184.000000     1.27507e+11 
    1184.500000     1.27324e+11 
    1185.000000     1.27141e+11 
    1185.500000     1.26956e+11 
    1186.000000     1.26771e+11 
    1186.500000     1.26585e+11 
    1187.000000     1.26398e+11 
    1187.500000      1.2621e+11 
    1188.000000     1.26021e+11 
    1188.677243     1.25762e+11 
    1189.000000     1.25638e+11 
    1189.500000     1.25444e+11 
    1190.000000     1.25248e+11 
    1190.500000     1.25051e+11 
    1191.000000     1.24851e+11 
    1191.500000     1.24649e+11 
    1192.000000     1.24444e+11 
    1192.500000     1.24236e+11 
    1193.093452     1.23985e+11 
    1193.500000     1.23811e+11 
    1194.000000     1.23592e+11 
    1194.500000     1.23369e+11 
    1195.000000     1.23142e+11 
    1195.500000     1.22909e+11 
    1196.000000     1.22669e+11 
    1196.500000     1.22424e+11 
    1197.000000      1.2217e+11 
    1197.500000     1.21908e+11 
    1198.000000     1.21637e+11 
    1198.500000     1.21355e+11 
    1199.000000      1.2106e+11 
    1199.500000     1.20752e+11 
    1200.000000     1.20428e+11 
    1200.500000     1.20086e+11 
    1201.000000     1.19724e+11 
    1201.500000     1.19338e+11 
    1201.759534     1.19128e+11 
    1202.500000     1.18482e+11 
    1203.000000     1.18002e+11 
    1203.500000      1.1748e+11 
    1204.000000     1.16908e+11 
    1204.276322     1.16568e+11 
    1205.000000     1.15581e+11 
    1205.500000     1.14803e+11 
    1206.000000      1.1393e+11 
    1206.500000     1.12942e+11 
    1207.000000     1.11818e+11 
    1207.500000     1.10529e+11 
    1208.000000     1.09043e+11 
    1208.500000     1.07318e+11 
    1209.000000     1.05305e+11 
    1209.390749     1.03492e+11 
    1209.946740     1.00478e+11 
    1210.500000     9.68673e+10 
    1211.000000     9.29681e+10 
    1211.500000     8.83465e+10 
    1212.000000     8.28752e+10 
    1212.255069     7.97131e+10 
    1212.802021     7.19861e+10 
    1213.692324     5.64483e+10 
    1214.234721     4.57841e+10 
    1214.412230     4.24631e+10 
    1214.772503     3.65995e+10 
    1214.952341     3.37956e+10 
    1215.042848     3.03774e+10 
    1215.087917     1.99881e+10 
    1215.110453     1.61272e+10 
    1215.119468     1.54353e+10 
    1215.123975     1.52343e+10 
    1215.128483     1.51173e+10 
    1215.132990     1.50792e+10 
    1215.137497     1.51177e+10 
    1215.142005     1.52352e+10 
    1215.146512     1.54366e+10 
    1215.155528     1.61288e+10 
    1215.178066     1.99231e+10 
    1215.223145     2.89898e+10 
    1215.311469     2.95984e+10 
    1215.313314     2.95832e+10 
    1215.491113     2.25417e+10 
    1215.493691     2.22439e+10 
    1215.580955     1.39376e+10 
    1215.625881     1.22326e+10 
    1215.643852     1.19179e+10 
    1215.652838     1.18231e+10 
    1215.661824      1.1767e+10 
    1215.670810     1.17483e+10 
    1215.679796     1.17667e+10 
    1215.688783     1.18225e+10 
    1215.697769     1.19169e+10 
    1215.715743      1.2231e+10 
    1215.760678     1.39341e+10 
    1215.850560     2.25365e+10 
    1215.854607     2.29973e+10 
    1216.030363     2.98138e+10 
    1216.390129     3.42753e+10 
    1216.577081     3.67904e+10 
    1217.110300     4.58001e+10 
    1217.500000     5.34041e+10 
    1218.024608     6.31443e+10 
    1218.553203     7.16665e+10 
    1219.000000     7.78035e+10 
    1219.500000     8.36185e+10 
    1220.000000     8.84634e+10 
    1220.500000     9.24832e+10 
    1220.930020     9.53815e+10 
    1221.449297     9.83039e+10 
    1222.000000     1.00831e+11 
    1222.500000      1.0271e+11 
    1223.000000     1.04264e+11 
    1223.500000     1.05551e+11 
    1224.000000     1.06618e+11 
    1224.500000     1.07504e+11 
    1225.000000      1.0824e+11 
    1225.500000      1.0885e+11 
    1226.000000     1.09357e+11 
    1226.500000     1.09776e+11 
    1227.000000     1.10122e+11 
    1227.282980     1.10289e+11 
    1228.000000     1.10636e+11 
    1228.500000     1.10823e+11 
    1228.807442     1.10918e+11 
    1229.500000     1.11086e+11 
    1230.000000     1.11172e+11 
    1230.500000     1.11234e+11 
    1231.000000     1.11275e+11 
    1231.500000     1.11298e+11 
    1232.000000     1.11304e+11 
    1232.500000     1.11296e+11 
    1233.000000     1.11275e+11 
    1233.500000     1.11243e+11 
    1234.000000     1.11202e+11 
    1234.500000     1.11152e+11 
    1235.000000     1.11095e+11 
    1235.500000      1.1103e+11 
    1236.000000     1.10959e+11 
    1236.500000     1.10883e+11 
    1237.000000     1.10803e+11 
    1237.500000     1.10717e+11 
    1238.000000     1.10628e+11 
    1238.500000     1.10535e+11 
    1239.119130     1.10416e+11 
    1239.500000      1.1034e+11 
    1240.000000     1.10239e+11 
    1240.500000     1.10135e+11 
    1241.000000     1.10029e+11 
    1241.500000     1.09921e+11 
    1242.000000     1.09811e+11 
    1242.500000       1.097e+11 
    1242.793166     1.09634e+11 
    1243.500000     1.09473e+11 
    1244.000000     1.09358e+11 
    1244.500000     1.09241e+11 
    1245.000000     1.09124e+11 
    1245.500000     1.09006e+11 
    1246.000000     1.08886e+11 
    1246.500000     1.08766e+11 
    1247.000000     1.08646e+11 
    1247.500000     1.08524e+11 
    1248.000000     1.08403e+11 
    1248.500000      1.0828e+11 
    1249.000000     1.08157e+11 
    1249.500000     1.08034e+11 
    1250.000000      1.0791e+11 
    1250.500000     1.07786e+11 
    1251.000000     1.07662e+11 
    1251.500000     1.07538e+11 
    1252.000000     1.07413e+11 
    1252.500000     1.07288e+11 
    1253.000000     1.07162e+11 
    1253.500000     1.07037e+11 
    1254.000000     1.06911e+11 
    1254.500000     1.06786e+11 
    1255.000000      1.0666e+11 
    1255.500000     1.06534e+11 
    1256.000000     1.06408e+11 
    1256.500000     1.06282e+11 
    1257.000000     1.06155e+11 
    1257.500000     1.06029e+11 
    1258.000000     1.05903e+11 
    1258.500000     1.05777e+11 
    1259.000000      1.0565e+11 
    1259.500000     1.05524e+11 
    1260.000000     1.05398e+11 
    1260.500000     1.05271e+11 
    1261.000000     1.05145e+11 
    1261.500000     1.05019e+11 
    1262.000000     1.04893e+11 
    1262.500000     1.04767e+11 
    1263.000000     1.04641e+11 
    1263.489800     1.04518e+11 
    1264.000000     1.04389e+11 
    1264.500000     1.04263e+11 
    1265.000000     1.04138e+11 
    1265.500000     1.04012e+11 
    1266.000000     1.03887e+11 
    1266.500000     1.03761e+11 
    1267.000000     1.03636e+11 
    1267.500000     1.03511e+11 
    1268.000000     1.03386e+11 
    1268.500000     1.03261e+11 
    1269.000000     1.03136e+11 
    1269.500000     1.03011e+11 
    1270.000000     1.02887e+11 
    1270.500000     1.02762e+11 
    1271.000000     1.02638e+11 
    1271.741936     1.02457e+11 
    1272.000000     1.02393e+11 
    1272.500000     1.02269e+11 
    1273.000000     1.02145e+11 
    1273.500000     1.02021e+11 
    1274.000000     1.01898e+11 
    1274.500000     1.01774e+11 
    1275.000000     1.01651e+11 
    1275.500000     1.01528e+11 
    1276.000000     1.01405e+11 
    1276.500000     1.01282e+11 
    1277.000000     1.01159e+11 
    1277.500000     1.01037e+11 
    1278.000000     1.00914e+11 
    1278.500000     1.00792e+11 
    1279.000000      1.0067e+11 
    1279.500000     1.00548e+11 
    1280.000000     1.00426e+11 
    1280.500000     1.00304e+11 
    1281.000000     1.00183e+11 
    1281.500000     1.00062e+11 
    1282.000000     9.99405e+10 
    1282.500000     9.98195e+10 
    1283.000000     9.96987e+10 
    1283.500000     9.95779e+10 
    1284.000000     9.94575e+10 
    1284.500000     9.93371e+10 
    1285.000000     9.92169e+10 
    1285.500000     9.90968e+10 
    1286.000000      9.8977e+10 
    1286.500000     9.88573e+10 
    1287.000000     9.87377e+10 
    1287.500000     9.86183e+10 
    1288.000000     9.84991e+10 
    1288.500000       9.838e+10 
    1289.000000     9.82612e+10 
    1289.500000     9.81424e+10 
    1290.000000     9.80239e+10 
    1290.500000     9.79055e+10 
    1291.000000     9.77873e+10 
    1291.500000     9.76693e+10 
    1292.000000     9.75514e+10 
    1292.500000     9.74336e+10 
    1293.000000      9.7316e+10 
    1293.500000     9.71987e+10 
    1294.000000     9.70815e+10 
    1294.500000     9.69644e+10 
    1295.000000     9.68475e+10 
    1295.500000     9.67307e+10 
    1296.000000     9.66142e+10 
    1296.500000     9.64978e+10 
    1297.000000     9.63815e+10 
    1297.500000     9.62655e+10 
    1298.000000     9.61496e+10 
    1298.500000     9.60338e+10 
    1299.000000     9.59183e+10 
    1299.500000     9.58028e+10 
    1300.000000     9.56877e+10 
    1302.000000     9.52284e+10 
    1303.000000     9.49998e+10 
    1304.000000     9.47718e+10 
    1305.000000     9.45445e+10 
    1306.000000     9.43178e+10 
    1307.000000     9.40918e+10 
    1308.000000     9.38665e+10 
    1309.000000     9.36418e+10 
    1310.000000     9.34178e+10 
    1311.000000     9.31944e+10 
    1312.000000     9.29717e+10 
    1313.000000     9.27496e+10 
    1314.000000     9.25285e+10 
    1315.224793     9.22585e+10 
    1316.000000     9.20881e+10 
    1317.000000     9.18688e+10 
    1318.000000     9.16502e+10 
    1319.000000     9.14323e+10 
    1320.000000      9.1215e+10 
    1321.000000     9.09983e+10 
    1322.000000     9.07823e+10 
    1323.000000     9.05668e+10 
    1324.000000      9.0352e+10 
    1325.000000     9.01379e+10 
    1326.000000     8.99244e+10 
    1327.000000     8.97114e+10 
    1328.000000     8.94992e+10 
    1329.000000     8.92875e+10 
    1330.000000     8.90765e+10 
    1331.000000      8.8866e+10 
    1332.000000     8.86562e+10 
    1333.000000      8.8447e+10 
    1334.000000     8.82384e+10 
    1335.000000     8.80304e+10 
    1336.000000      8.7823e+10 
    1337.000000     8.76162e+10 
    1338.000000     8.74099e+10 
    1339.000000     8.72043e+10 
    1340.000000     8.69993e+10 
    1341.000000     8.67949e+10 
    1342.000000     8.65911e+10 
    1343.000000     8.63879e+10 
    1344.000000     8.61853e+10 
    1345.000000     8.59832e+10 
    1346.000000     8.57818e+10 
    1347.000000     8.55809e+10 
    1348.000000     8.53807e+10 
    1349.000000      8.5181e+10 
    1350.000000     8.49819e+10 
    1351.000000     8.47834e+10 
    1352.000000     8.45855e+10 
    1353.000000     8.43881e+10 
    1354.000000     8.41913e+10 
    1355.000000     8.39951e+10 
    1356.000000     8.37995e+10 
    1357.000000     8.36044e+10 
    1358.000000     8.34099e+10 
    1359.000000      8.3216e+10 
    1360.000000     8.30226e+10 
    1361.000000     8.28298e+10 
    1362.000000     8.26375e+10 
    1363.000000     8.24458e+10 
    1364.000000     8.22547e+10 
    1365.000000     8.20641e+10 
    1366.000000     8.18741e+10 
    1367.000000     8.16846e+10 
    1368.000000     8.14957e+10 
    1369.000000     8.13073e+10 
    1370.000000     8.11194e+10 
    1371.000000     8.09321e+10 
    1372.000000     8.07454e+10 
    1373.000000     8.05591e+10 
    1374.000000     8.03734e+10 
    1375.000000     8.01883e+10 
    1376.000000     8.00036e+10 
    1377.000000     7.98195e+10 
    1378.000000     7.96359e+10 
    1379.000000     7.94529e+10 
    1380.000000     7.92704e+10 
    1381.000000     7.90884e+10 
    1382.000000      7.8907e+10 
    1383.000000      7.8726e+10 
    1384.000000     7.85456e+10 
    1385.000000     7.83656e+10 
    1386.000000     7.81863e+10 
    1387.000000     7.80074e+10 
    1388.000000      7.7829e+10 
    1389.000000     7.76512e+10 
    1390.000000     7.74738e+10 
    1391.000000      7.7297e+10 
    1392.000000     7.71207e+10 
    1393.000000     7.69449e+10 
    1394.000000     7.67695e+10 
    1395.000000     7.65947e+10 
    1396.000000     7.64204e+10 
    1397.000000     7.62465e+10 
    1398.000000     7.60732e+10 
    1399.000000     7.59004e+10 
    1400.000000      7.5728e+10 
    1401.000000     7.55562e+10 
    1402.000000     7.53847e+10 
    1403.000000     7.52139e+10 
    1404.000000     7.50435e+10 
    1405.000000     7.48735e+10 
    1406.000000     7.47041e+10 
    1407.000000     7.45352e+10 
    1408.000000     7.43667e+10 
    1409.000000     7.41987e+10 
    1410.000000     7.40312e+10 
    1411.000000     7.38642e+10 
    1412.000000     7.36975e+10 
    1413.000000     7.35314e+10 
    1414.000000     7.33658e+10 
    1415.000000     7.32006e+10 
    1416.000000     7.30359e+10 
    1417.000000     7.28717e+10 
    1418.000000     7.27079e+10 
    1419.000000     7.25446e+10 
    1420.000000     7.23818e+10 
    1421.000000     7.22193e+10 
    1422.000000     7.20573e+10 
    1423.000000     7.18958e+10 
    1424.000000     7.17347e+10 
    1425.000000     7.15741e+10 
    1426.000000     7.14139e+10 
    1427.000000     7.12541e+10 
    1428.000000     7.10948e+10 
    1429.000000     7.09359e+10 
    1430.000000     7.07774e+10 
    1431.000000     7.06195e+10 
    1432.000000     7.04619e+10 
    1432.538558     7.03788e+10 
    1434.000000     7.01496e+10 
    1435.000000     6.99934e+10 
    1436.000000     6.98376e+10 
    1437.000000     6.96822e+10 
    1438.000000     6.95272e+10 
    1439.000000     6.93727e+10 
    1440.000000     6.92186e+10 
    1441.000000      6.9065e+10 
    1442.000000     6.89118e+10 
    1443.000000      6.8759e+10 
    1444.000000     6.86066e+10 
    1445.000000     6.84547e+10 
    1446.000000     6.83032e+10 
    1447.000000      6.8152e+10 
    1448.000000     6.80014e+10 
    1449.000000     6.78511e+10 
    1450.000000     6.77013e+10 
    1451.000000     6.75519e+10 
    1452.000000     6.74029e+10 
    1453.000000     6.72543e+10 
    1454.000000     6.71061e+10 
    1455.000000     6.69583e+10 
    1456.000000     6.68109e+10 
    1457.000000      6.6664e+10 
    1458.000000     6.65175e+10 
    1459.000000     6.63713e+10 
    1460.000000     6.62256e+10 
    1461.000000     6.60802e+10 
    1462.000000     6.59352e+10 
    1463.000000     6.57907e+10 
    1464.000000     6.56465e+10 
    1465.000000     6.55028e+10 
    1466.000000     6.53595e+10 
    1467.000000     6.52164e+10 
    1468.000000     6.50739e+10 
    1469.000000     6.49317e+10 
    1470.000000     6.47899e+10 
    1471.000000     6.46484e+10 
    1472.000000     6.45074e+10 
    1473.000000     6.43668e+10 
    1474.000000     6.42266e+10 
    1475.000000     6.40867e+10 
    1476.000000     6.39472e+10 
    1477.000000     6.38081e+10 
    1478.000000     6.36694e+10 
    1479.000000      6.3531e+10 
    1480.000000     6.33931e+10 
    1481.000000     6.32555e+10 
    1482.000000     6.31182e+10 
    1483.000000     6.29814e+10 
    1484.000000     6.28449e+10 
    1485.000000     6.27089e+10 
    1486.000000     6.25731e+10 
    1487.000000     6.24377e+10 
    1488.000000     6.23028e+10 
    1489.000000     6.21681e+10 
    1490.000000     6.20339e+10 
    1491.000000        6.19e+10 
    1492.000000     6.17664e+10 
    1493.000000     6.16333e+10 
    1494.000000     6.15004e+10 
    1495.000000      6.1368e+10 
    1496.000000     6.12359e+10 
    1497.000000     6.11041e+10 
    1498.000000     6.09728e+10 
    1499.000000     6.08417e+10 
    1500.000000     6.07111e+10 
    1501.000000     6.05807e+10 
    1502.000000     6.04508e+10 
    1503.000000     6.03212e+10 
    1504.000000     6.01918e+10 
    1505.000000      6.0063e+10 
    1506.000000     5.99343e+10 
    1507.000000     5.98061e+10 
    1508.000000     5.96783e+10 
    1509.000000     5.95507e+10 
    1510.000000     5.94235e+10 
    1511.000000     5.92967e+10 
    1512.000000     5.91701e+10 
    1513.000000     5.90439e+10 
    1514.000000     5.89181e+10 
    1515.000000     5.87926e+10 
    1516.000000     5.86675e+10 
    1517.000000     5.85426e+10 
    1518.000000     5.84181e+10 
    1519.000000     5.82939e+10 
    1520.000000     5.81701e+10 
    1521.000000     5.80466e+10 
    1522.000000     5.79234e+10 
    1523.000000     5.78006e+10 
    1524.000000     5.76779e+10 
    1525.000000     5.75557e+10 
    1526.000000     5.74338e+10 
    1527.000000     5.73122e+10 
    1528.000000     5.71909e+10 
    1529.000000       5.707e+10 
    1530.000000     5.69494e+10 
    1531.000000      5.6829e+10 
    1532.000000      5.6709e+10 
    1533.000000     5.65894e+10 
    1534.000000       5.647e+10 
    1535.000000      5.6351e+10 
    1536.000000     5.62322e+10 
    1537.000000     5.61138e+10 
    1538.000000     5.59957e+10 
    1539.000000      5.5878e+10 
    1540.000000     5.57605e+10 
    1541.000000     5.56433e+10 
    1542.000000     5.55265e+10 
    1543.000000     5.54099e+10 
    1544.000000     5.52937e+10 
    1545.000000     5.51778e+10 
    1546.000000     5.50621e+10 
    1547.000000     5.49468e+10 
    1548.000000     5.48318e+10 
    1549.000000     5.47171e+10 
    1550.000000     5.46027e+10 
    1551.000000     5.44886e+10 
    1552.000000     5.43748e+10 
    1553.000000     5.42613e+10 
    1554.000000     5.41481e+10 
    1555.000000     5.40351e+10 
    1556.000000     5.39225e+10 
    1557.000000     5.38102e+10 
    1558.000000     5.36982e+10 
    1559.000000     5.35864e+10 
    1560.000000      5.3475e+10 
    1561.000000     5.33638e+10 
    1562.000000     5.32529e+10 
    1563.000000     5.31424e+10 
    1564.000000     5.30321e+10 
    1565.000000     5.29221e+10 
    1566.000000     5.28124e+10 
    1567.000000      5.2703e+10 
    1568.000000     5.25938e+10 
    1569.000000      5.2485e+10 
    1570.470723     5.23254e+10 
    1571.000000     5.22649e+10 
    1572.000000     5.21568e+10 
    1573.000000      5.2049e+10 
    1574.000000     5.19414e+10 
    1575.000000     5.18341e+10 
    1576.000000     5.17271e+10 
    1577.000000     5.16203e+10 
    1578.000000     5.15138e+10 
    1579.000000     5.14076e+10 
    1580.000000     5.13016e+10 
    1581.000000     5.11959e+10 
    1582.000000     5.10905e+10 
    1583.000000     5.09853e+10 
    1584.000000     5.08804e+10 
    1585.000000     5.07757e+10 
    1586.000000     5.06713e+10 
    1587.000000     5.05672e+10 
    1588.000000     5.04633e+10 
    1589.000000     5.03596e+10 
    1590.000000     5.02562e+10 
    1591.000000     5.01531e+10 
    1592.000000     5.00502e+10 
    1593.000000     4.99475e+10 
    1594.000000     4.98451e+10 
    1595.000000     4.97428e+10 
    1596.000000     4.96409e+10 
    1597.000000     4.95391e+10 
    1598.000000     4.94376e+10 
    1599.000000     4.93363e+10 
    1600.000000     4.92352e+10 
    1601.000000     4.91343e+10 
    1602.000000     4.90336e+10 
    1603.000000     4.89331e+10 
    1604.000000     4.88327e+10 
    1604.662846     4.87663e+10 
    1606.000000     4.86325e+10 
    1607.000000     4.85327e+10 
    1608.000000      4.8433e+10 
    1609.000000     4.83333e+10 
    1610.000000     4.82338e+10 
    1611.000000     4.81343e+10 
    1612.000000     4.80348e+10 
    1613.000000     4.79353e+10 
    1614.000000     4.78358e+10 
    1615.000000     4.77362e+10 
    1616.000000     4.76364e+10 
    1617.000000     4.75363e+10 
    1618.000000     4.74359e+10 
    1619.000000      4.7335e+10 
    1620.000000     4.72335e+10 
    1621.000000      4.7131e+10 
    1622.323373     4.69937e+10 
    1623.000000     4.69225e+10 
    1624.000000     4.68154e+10 
    1625.000000     4.67057e+10 
    1626.000000     4.65924e+10 
    1627.000000     4.64743e+10 
    1628.000000     4.63495e+10 
    1629.000000     4.62152e+10 
    1630.000000     4.60673e+10 
    1631.000000     4.58993e+10 
    1632.000000     4.57004e+10 
    1632.625183      4.5553e+10 
    1634.000000     4.51257e+10 
    1635.000000     4.46615e+10 
    1636.491892     4.34541e+10 
    1637.000000     4.27832e+10 
    1638.432123     3.93358e+10 
    1639.403965     3.39791e+10 
    1639.890318     2.82193e+10 
    1640.133603     2.25572e+10 
    1640.255272     1.57404e+10 
    1640.316114     8.03622e+09 
    1640.346536     6.84941e+09 
    1640.358706     6.63982e+09 
    1640.364790     6.57728e+09 
    1640.370875     6.54039e+09 
    1640.376960     6.52816e+09 
    1640.383045     6.54027e+09 
    1640.389130     6.57703e+09 
    1640.395215     6.63945e+09 
    1640.407385     6.84878e+09 
    1640.437811     8.03479e+09 
    1640.498666     1.57355e+10 
    1640.620389     2.25427e+10 
    1640.863891     2.81804e+10 
    1641.351111     3.38774e+10 
    1642.326420     3.90777e+10 
    1643.000000     4.09484e+10 
    1644.280519     4.28303e+10 
    1645.000000     4.33752e+10 
    1646.000000     4.38192e+10 
    1647.000000     4.40535e+10 
    1648.202700      4.4184e+10 
    1649.000000     4.42173e+10 
    1650.000000     4.42222e+10 
    1651.000000     4.42003e+10 
    1652.000000     4.41606e+10 
    1653.000000     4.41089e+10 
    1654.000000     4.40489e+10 
    1655.000000     4.39829e+10 
    1656.000000     4.39126e+10 
    1657.000000     4.38391e+10 
    1658.000000     4.37633e+10 
    1658.836878     4.36985e+10 
    1660.000000     4.36068e+10 
    1661.000000     4.35269e+10 
    1662.000000     4.34462e+10 
    1663.000000     4.33649e+10 
    1664.000000     4.32832e+10 
    1665.000000     4.32012e+10 
    1666.000000     4.31189e+10 
    1667.000000     4.30365e+10 
    1668.000000     4.29539e+10 
    1669.000000     4.28714e+10 
    1670.000000     4.27887e+10 
    1671.000000     4.27062e+10 
    1672.000000     4.26236e+10 
    1673.000000     4.25411e+10 
    1674.000000     4.24587e+10 
    1675.000000     4.23764e+10 
    1676.000000     4.22942e+10 
    1677.000000     4.22122e+10 
    1677.717001     4.21534e+10 
    1679.000000     4.20484e+10 
    1680.000000     4.19668e+10 
    1681.000000     4.18853e+10 
    1682.000000     4.18039e+10 
    1683.000000     4.17227e+10 
    1684.000000     4.16417e+10 
    1685.000000     4.15609e+10 
    1686.000000     4.14801e+10 
    1687.000000     4.13997e+10 
    1688.000000     4.13193e+10 
    1689.000000     4.12391e+10 
    1690.000000     4.11591e+10 
    1691.000000     4.10793e+10 
    1692.000000     4.09997e+10 
    1693.000000     4.09202e+10 
    1694.000000      4.0841e+10 
    1695.000000     4.07619e+10 
    1696.000000     4.06829e+10 
    1697.000000     4.06042e+10 
    1698.000000     4.05257e+10 
    1699.000000     4.04473e+10 
    1700.000000     4.03691e+10 
    1701.000000     4.02911e+10 
    1702.000000     4.02133e+10 
    1703.000000     4.01356e+10 
    1704.000000     4.00582e+10 
    1705.000000     3.99809e+10 
    1706.000000     3.99038e+10 
    1707.000000     3.98269e+10 
    1708.000000     3.97502e+10 
    1709.000000     3.96736e+10 
    1710.000000     3.95972e+10 
    1711.000000      3.9521e+10 
    1712.000000     3.94451e+10 
    1713.000000     3.93692e+10 
    1714.000000     3.92936e+10 
    1715.000000     3.92181e+10 
    1716.000000     3.91428e+10 
    1716.796588     3.90844e+10 
    1718.000000     3.89941e+10 
    1719.000000     3.89193e+10 
    1720.000000     3.88447e+10 
    1721.000000     3.87703e+10 
    1722.000000      3.8696e+10 
    1723.000000     3.86219e+10 
    1724.000000      3.8548e+10 
    1725.000000     3.84742e+10 
    1726.000000     3.84007e+10 
    1727.000000     3.83273e+10 
    1728.000000     3.82541e+10 
    1729.000000     3.81811e+10 
    1730.000000     3.81082e+10 
    1731.000000     3.80356e+10 
    1732.000000     3.79631e+10 
    1733.000000     3.78907e+10 
    1734.000000     3.78186e+10 
    1735.000000     3.77466e+10 
    1736.000000     3.76748e+10 
    1737.000000     3.76032e+10 
    1738.000000     3.75317e+10 
    1739.000000     3.74604e+10 
    1740.000000     3.73893e+10 
    1741.000000     3.73183e+10 
    1742.000000     3.72475e+10 
    1743.000000     3.71769e+10 
    1744.000000     3.71065e+10 
    1745.000000     3.70362e+10 
    1746.000000     3.69661e+10 
    1747.000000     3.68961e+10 
    1748.000000     3.68263e+10 
    1749.000000     3.67567e+10 
    1750.000000     3.66873e+10 
    1751.000000      3.6618e+10 
    1752.000000     3.65489e+10 
    1753.000000     3.64799e+10 
    1754.000000     3.64111e+10 
    1755.000000     3.63425e+10 
    1756.000000      3.6274e+10 
    1757.000000     3.62057e+10 
    1758.000000     3.61376e+10 
    1759.000000     3.60696e+10 
    1760.000000     3.60018e+10 
    1761.000000     3.59341e+10 
    1762.000000     3.58666e+10 
    1763.000000     3.57993e+10 
    1764.000000     3.57321e+10 
    1765.000000     3.56651e+10 
    1766.000000     3.55982e+10 
    1767.000000     3.55315e+10 
    1768.000000     3.54649e+10 
    1769.000000     3.53985e+10 
    1770.000000     3.53323e+10 
    1771.000000     3.52662e+10 
    1772.000000     3.52003e+10 
    1773.000000     3.51345e+10 
    1774.000000     3.50689e+10 
    1775.000000     3.50034e+10 
    1776.000000     3.49381e+10 
    1777.000000     3.48729e+10 
    1778.000000     3.48079e+10 
    1779.000000     3.47431e+10 
    1780.000000     3.46784e+10 
    1781.000000     3.46138e+10 
    1782.000000     3.45494e+10 
    1783.000000     3.44852e+10 
    1784.000000     3.44211e+10 
    1785.000000     3.43571e+10 
    1786.000000     3.42933e+10 
    1787.000000     3.42297e+10 
    1788.000000     3.41662e+10 
    1789.000000     3.41028e+10 
    1790.000000     3.40396e+10 
    1791.000000     3.39765e+10 
    1792.000000     3.39136e+10 
    1793.000000     3.38508e+10 
    1794.000000     3.37881e+10 
    1795.000000     3.37256e+10 
    1796.000000     3.36632e+10 
    1797.000000      3.3601e+10 
    1798.000000     3.35389e+10 
    1799.000000      3.3477e+10 
    1800.000000     3.34152e+10 
    1801.000000     3.33536e+10 
    1802.000000     3.32921e+10 
    1803.000000     3.32307e+10 
    1804.000000     3.31695e+10 
    1805.000000     3.31084e+10 
    1806.000000     3.30475e+10 
    1807.000000     3.29867e+10 
    1808.000000     3.29261e+10 
    1809.000000     3.28656e+10 
    1810.000000     3.28052e+10 
    1811.000000     3.27449e+10 
    1812.000000     3.26849e+10 
    1813.000000     3.26249e+10 
    1814.000000     3.25651e+10 
    1815.000000     3.25054e+10 
    1816.000000     3.24459e+10 
    1817.000000     3.23865e+10 
    1818.000000     3.23272e+10 
    1819.000000     3.22681e+10 
    1820.000000     3.22091e+10 
    1821.000000     3.21502e+10 
    1822.000000     3.20915e+10 
    1823.000000     3.20329e+10 
    1824.000000     3.19745e+10 
    1825.000000     3.19162e+10 
    1826.000000     3.18581e+10 
    1827.000000     3.18001e+10 
    1828.000000     3.17422e+10 
    1829.000000     3.16845e+10 
    1830.000000     3.16269e+10 
    1831.000000     3.15695e+10 
    1832.000000     3.15121e+10 
    1833.000000     3.14549e+10 
    1834.000000     3.13979e+10 
    1835.000000     3.13409e+10 
    1836.000000     3.12841e+10 
    1837.000000     3.12274e+10 
    1838.000000     3.11708e+10 
    1839.000000     3.11144e+10 
    1840.000000     3.10581e+10 
    1841.000000     3.10019e+10 
    1842.000000     3.09459e+10 
    1843.000000       3.089e+10 
    1844.000000     3.08342e+10 
    1845.000000     3.07785e+10 
    1846.000000      3.0723e+10 
    1847.000000     3.06676e+10 
    1848.000000     3.06123e+10 
    1849.000000     3.05572e+10 
    1850.000000     3.05021e+10 
    1851.000000     3.04472e+10 
    1852.000000     3.03924e+10 
    1853.000000     3.03377e+10 
    1854.000000     3.02832e+10 
    1855.000000     3.02288e+10 
    1856.000000     3.01745e+10 
    1857.000000     3.01203e+10 
    1858.000000     3.00663e+10 
    1859.000000     3.00123e+10 
    1860.000000     2.99585e+10 
    1861.000000     2.99048e+10 
    1862.000000     2.98513e+10 
    1863.000000     2.97978e+10 
    1864.000000     2.97444e+10 
    1865.000000     2.96913e+10 
    1866.000000     2.96382e+10 
    1867.000000     2.95852e+10 
    1868.000000     2.95323e+10 
    1869.000000     2.94796e+10 
    1870.000000      2.9427e+10 
    1871.000000     2.93745e+10 
    1872.000000     2.93221e+10 
    1873.000000     2.92698e+10 
    1874.000000     2.92177e+10 
    1875.000000     2.91657e+10 
    1876.000000     2.91137e+10 
    1877.000000     2.90619e+10 
    1878.000000     2.90102e+10 
    1879.000000     2.89587e+10 
    1880.000000     2.89072e+10 
    1881.000000     2.88559e+10 
    1882.000000     2.88047e+10 
    1883.000000     2.87536e+10 
    1884.000000     2.87025e+10 
    1885.000000     2.86517e+10 
    1886.000000     2.86009e+10 
    1887.000000     2.85502e+10 
    1888.000000     2.84997e+10 
    1889.000000     2.84493e+10 
    1890.000000     2.83989e+10 
    1891.000000     2.83487e+10 
    1892.000000     2.82986e+10 
    1893.000000     2.82487e+10 
    1894.000000     2.81988e+10 
    1895.000000      2.8149e+10 
    1896.000000     2.80994e+10 
    1897.000000     2.80498e+10 
    1898.000000     2.80004e+10 
    1899.000000      2.7951e+10 
    1900.000000     2.79018e+10 
    1901.000000     2.78527e+10 
    1902.000000     2.78037e+10 
    1903.000000     2.77549e+10 
    1904.000000     2.77061e+10 
    1905.000000     2.76574e+10 
    1906.000000     2.76088e+10 
    1907.000000     2.75604e+10 
    1908.000000      2.7512e+10 
    1909.000000     2.74638e+10 
    1910.000000     2.74156e+10 
    1911.000000     2.73676e+10 
    1912.000000     2.73197e+10 
    1913.000000     2.72719e+10 
    1914.000000     2.72241e+10 
    1915.000000     2.71765e+10 
    1916.000000      2.7129e+10 
    1917.000000     2.70816e+10 
    1918.000000     2.70343e+10 
    1919.000000     2.69871e+10 
    1920.000000       2.694e+10 
    1921.000000      2.6893e+10 
    1922.000000     2.68461e+10 
    1923.000000     2.67994e+10 
    1924.000000     2.67527e+10 
    1925.000000     2.67061e+10 
    1926.000000     2.66596e+10 
    1927.000000     2.66132e+10 
    1928.000000      2.6567e+10 
    1929.000000     2.65208e+10 
    1930.000000     2.64747e+10 
    1931.000000     2.64288e+10 
    1932.000000     2.63829e+10 
    1933.000000     2.63371e+10 
    1934.000000     2.62914e+10 
    1935.000000     2.62459e+10 
    1936.000000     2.62004e+10 
    1937.000000      2.6155e+10 
    1938.000000     2.61097e+10 
    1939.000000     2.60646e+10 
    1940.000000     2.60195e+10 
    1941.000000     2.59745e+10 
    1942.000000     2.59296e+10 
    1943.000000     2.58848e+10 
    1944.000000     2.58401e+10 
    1945.000000     2.57955e+10 
    1946.000000      2.5751e+10 
    1947.000000     2.57067e+10 
    1948.000000     2.56624e+10 
    1949.000000     2.56181e+10 
    1950.000000      2.5574e+10 
    1951.000000       2.553e+10 
    1952.000000     2.54861e+10 
    1953.000000     2.54423e+10 
    1954.000000     2.53985e+10 
    1955.000000     2.53549e+10 
    1956.000000     2.53114e+10 
    1957.000000     2.52679e+10 
    1958.000000     2.52246e+10 
    1959.000000     2.51813e+10 
    1960.000000     2.51381e+10 
    1961.000000     2.50951e+10 
    1962.000000     2.50521e+10 
    1963.000000     2.50092e+10 
    1964.000000     2.49664e+10 
    1965.000000     2.49237e+10 
    1966.000000      2.4881e+10 
    1967.000000     2.48385e+10 
    1968.000000     2.47961e+10 
    1969.000000     2.47537e+10 
    1970.000000     2.47115e+10 
    1971.000000     2.46693e+10 
    1972.000000     2.46272e+10 
    1973.000000     2.45852e+10 
    1974.000000     2.45432e+10 
    1975.000000     2.45014e+10 
    1976.000000     2.44597e+10 
    1977.000000      2.4418e+10 
    1978.000000     2.43765e+10 
    1979.000000      2.4335e+10 
    1980.000000     2.42936e+10 
    1981.000000     2.42523e+10 
    1982.000000     2.42111e+10 
    1983.000000       2.417e+10 
    1984.000000      2.4129e+10 
    1985.000000     2.40881e+10 
    1986.000000     2.40472e+10 
    1987.000000     2.40064e+10 
    1988.000000     2.39658e+10 
    1989.000000     2.39252e+10 
    1990.000000     2.38847e+10 
    1991.000000     2.38442e+10 
    1992.000000     2.38039e+10 
    1993.000000     2.37637e+10 
    1994.000000     2.37235e+10 
    1995.000000     2.36834e+10 
    1996.000000     2.36434e+10 
    1997.000000     2.36035e+10 
    1998.000000     2.35637e+10 
    1999.000000     2.35239e+10 
    2000.000000     2.34843e+10 
    2001.000000     2.34447e+10 
    2002.000000     2.34052e+10 
    2003.000000     2.33658e+10 
    2004.000000     2.33265e+10 
    2005.000000     2.32873e+10 
    2006.000000     2.32481e+10 
    2007.000000     2.32091e+10 
    2008.000000     2.31701e+10 
    2009.000000     2.31312e+10 
    2010.000000     2.30923e+10 
    2011.000000     2.30536e+10 
    2012.000000     2.30149e+10 
    2013.000000     2.29764e+10 
    2014.000000     2.29379e+10 
    2015.000000     2.28994e+10 
    2016.000000     2.28611e+10 
    2017.000000     2.28228e+10 
    2018.000000     2.27847e+10 
    2019.000000     2.27466e+10 
    2020.000000     2.27086e+10 
    2021.000000     2.26707e+10 
    2022.000000     2.26328e+10 
    2023.000000      2.2595e+10 
    2024.000000     2.25574e+10 
    2025.000000     2.25197e+10 
    2026.000000     2.24822e+10 
    2027.000000     2.24448e+10 
    2028.000000     2.24074e+10 
    2029.000000     2.23701e+10 
    2030.000000     2.23329e+10 
    2031.000000     2.22957e+10 
    2032.000000     2.22587e+10 
    2033.000000     2.22217e+10 
    2034.000000     2.21848e+10 
    2035.000000      2.2148e+10 
    2036.000000     2.21112e+10 
    2037.000000     2.20745e+10 
    2038.000000     2.20379e+10 
    2039.000000     2.20014e+10 
    2040.000000     2.19649e+10 
    2041.000000     2.19286e+10 
    2042.000000     2.18923e+10 
    2043.000000      2.1856e+10 
    2044.000000     2.18199e+10 
    2045.000000     2.17838e+10 
    2046.000000     2.17478e+10 
    2047.000000     2.17119e+10 
    2048.000000      2.1676e+10 
    2049.000000     2.16403e+10 
    2050.000000     2.16046e+10 
    2050.653530     2.15813e+10 
    2052.000000     2.15337e+10 
    2053.000000     2.14984e+10 
    2054.000000     2.14632e+10 
    2055.000000      2.1428e+10 
    2056.000000     2.13929e+10 
    2057.000000     2.13579e+10 
    2058.000000      2.1323e+10 
    2059.000000     2.12882e+10 
    2060.000000     2.12534e+10 
    2061.000000     2.12187e+10 
    2062.000000      2.1184e+10 
    2063.000000     2.11494e+10 
    2064.000000     2.11149e+10 
    2065.000000     2.10805e+10 
    2066.000000     2.10461e+10 
    2067.000000     2.10118e+10 
    2068.000000     2.09776e+10 
    2069.000000     2.09435e+10 
    2070.000000     2.09094e+10 
    2071.000000     2.08754e+10 
    2072.000000     2.08415e+10 
    2073.000000     2.08076e+10 
    2074.000000     2.07738e+10 
    2075.000000     2.07401e+10 
    2076.000000     2.07064e+10 
    2077.000000     2.06729e+10 
    2078.000000     2.06394e+10 
    2079.000000     2.06059e+10 
    2080.000000     2.05726e+10 
    2081.000000     2.05393e+10 
    2082.000000     2.05061e+10 
    2083.000000      2.0473e+10 
    2084.000000     2.04399e+10 
    2085.000000     2.04069e+10 
    2086.000000      2.0374e+10 
    2087.000000     2.03412e+10 
    2087.913065     2.03113e+10 
    2089.000000     2.02757e+10 
    2090.000000     2.02431e+10 
    2091.000000     2.02105e+10 
    2092.000000     2.01781e+10 
    2092.858078     2.01502e+10 
    2093.114837     2.01419e+10 
    2094.000000     2.01131e+10 
    2095.339379     2.00697e+10 
    2096.000000     2.00481e+10 
    2096.582237     2.00289e+10 
    2097.204219     2.00075e+10 
    2097.515348     1.99961e+10 
    2097.670948     1.99901e+10 
    2097.748756     1.99872e+10 
    2097.787662     1.99859e+10 
    2097.803225     1.99853e+10 
    2097.811007     1.99851e+10 
    2097.818788     1.99848e+10 
    2097.826570     1.99845e+10 
    2097.834352     1.99843e+10 
    2097.842134     1.99841e+10 
    2097.849915     1.99838e+10 
    2097.865479     1.99834e+10 
    2097.904390     1.99822e+10 
    2097.982216     1.99801e+10 
    2098.072170     1.99778e+10 
    2098.137884     1.99761e+10 
    2098.449291     1.99676e+10 
    2099.072381      1.9949e+10 
    2099.240512     1.99438e+10 
    2100.319673     1.99095e+10 
    2100.559652     1.99017e+10 
    2101.805607     1.98609e+10 
    2102.429138     1.98389e+10 
    2102.741043     1.98267e+10 
    2102.818709     1.98235e+10 
    2102.897030     1.98203e+10 
    2102.975032     1.98172e+10 
    2103.014035     1.98157e+10 
    2103.029637     1.98152e+10 
    2103.037438     1.98149e+10 
    2103.045239     1.98147e+10 
    2103.053040     1.98144e+10 
    2103.060841     1.98142e+10 
    2103.068642     1.98139e+10 
    2103.076444     1.98137e+10 
    2103.092046     1.98133e+10 
    2103.131054     1.98123e+10 
    2103.209073     1.98104e+10 
    2103.365130      1.9807e+10 
    2103.677312     1.97994e+10 
    2104.212353     1.97845e+10 
    2104.301955     1.97819e+10 
    2105.000000     1.97608e+10 
    2105.552354     1.97436e+10 
    2106.525075     1.97128e+10 
    2106.707115     1.97067e+10 
    2107.834663     1.96693e+10 
    2107.956716     1.96651e+10 
    2108.057616     1.96615e+10 
    2108.582072     1.96418e+10 
    2108.894890     1.96284e+10 
    2109.051333     1.96213e+10 
    2109.129564     1.96178e+10 
    2109.168681     1.96162e+10 
    2109.184329     1.96156e+10 
    2109.192152     1.96154e+10 
    2109.199976     1.96151e+10 
    2109.207800     1.96149e+10 
    2109.215624     1.96146e+10 
    2109.223448     1.96144e+10 
    2109.231272     1.96142e+10 
    2109.246920     1.96138e+10 
    2109.286042     1.96129e+10 
    2109.364290     1.96115e+10 
    2109.520803      1.9609e+10 
    2109.833899     1.96029e+10 
    2110.460370     1.95871e+10 
    2111.000000     1.95718e+10 
    2111.514168     1.95566e+10 
    2111.714429     1.95506e+10 
    2113.086067     1.95083e+10 
    2114.017587     1.94782e+10 
    2114.227022     1.94713e+10 
    2115.271525     1.94347e+10 
    2115.284196     1.94342e+10 
    2115.899051     1.94088e+10 
    2116.212954     1.93935e+10 
    2116.369940      1.9385e+10 
    2116.448442      1.9381e+10 
    2116.487695     1.93792e+10 
    2116.503397     1.93786e+10 
    2116.511248     1.93783e+10 
    2116.519099      1.9378e+10 
    2116.526950     1.93778e+10 
    2116.534801     1.93776e+10 
    2116.542652     1.93774e+10 
    2116.550503     1.93772e+10 
    2116.566206     1.93769e+10 
    2116.605464     1.93762e+10 
    2116.683983     1.93755e+10 
    2116.841039     1.93744e+10 
    2117.155222     1.93705e+10 
    2117.783867     1.93576e+10 
    2119.042277     1.93244e+10 
    2119.270190     1.93181e+10 
    2120.294035     1.92879e+10 
    2121.000000     1.92663e+10 
    2121.563589     1.92484e+10 
    2122.807863     1.92065e+10 
    2124.067014     1.91583e+10 
    2124.697150     1.91289e+10 
    2125.012358     1.91106e+10 
    2125.169997     1.91002e+10 
    2125.248826     1.90952e+10 
    2125.288242      1.9093e+10 
    2125.304009     1.90923e+10 
    2125.311893      1.9092e+10 
    2125.319776     1.90917e+10 
    2125.327660     1.90915e+10 
    2125.335544     1.90913e+10 
    2125.343428     1.90911e+10 
    2125.351311     1.90909e+10 
    2125.367079     1.90907e+10 
    2125.406500     1.90905e+10 
    2125.485346     1.90909e+10 
    2125.643055     1.90921e+10 
    2125.958544     1.90919e+10 
    2126.013463     1.90916e+10 
    2126.589803     1.90829e+10 
    2126.624257     1.90826e+10 
    2127.853446     1.90566e+10 
    2129.000000     1.90269e+10 
    2130.385242     1.89873e+10 
    2131.048713      1.8967e+10 
    2132.000000     1.89363e+10 
    2133.000000     1.89005e+10 
    2133.575292     1.88775e+10 
    2134.840830     1.88183e+10 
    2135.466953     1.87817e+10 
    2135.474162     1.87812e+10 
    2135.790969     1.87574e+10 
    2135.949408     1.87435e+10 
    2136.028636     1.87367e+10 
    2136.068252     1.87339e+10 
    2136.084099      1.8733e+10 
    2136.092023     1.87327e+10 
    2136.099946     1.87324e+10 
    2136.107870     1.87321e+10 
    2136.115794     1.87319e+10 
    2136.123718     1.87318e+10 
    2136.131641     1.87317e+10 
    2136.147489     1.87317e+10 
    2136.187110     1.87322e+10 
    2136.266356     1.87344e+10 
    2136.424865     1.87393e+10 
    2136.741954      1.8745e+10 
    2137.376415     1.87465e+10 
    2138.000000     1.87418e+10 
    2138.646467     1.87332e+10 
    2139.201824     1.87236e+10 
    2140.000000     1.87044e+10 
    2141.191106     1.86747e+10 
    2142.000000     1.86528e+10 
    2143.000000     1.86232e+10 
    2144.268309     1.85829e+10 
    2145.000000     1.85568e+10 
    2146.298592     1.85041e+10 
    2146.810562     1.84781e+10 
    2148.083950      1.8397e+10 
    2148.721211      1.8344e+10 
    2149.039983      1.8311e+10 
    2149.199405     1.82914e+10 
    2149.279124     1.82817e+10 
    2149.318986     1.82777e+10 
    2149.334932     1.82765e+10 
    2149.342904      1.8276e+10 
    2149.350877     1.82756e+10 
    2149.358850     1.82753e+10 
    2149.366823     1.82752e+10 
    2149.374796     1.82751e+10 
    2149.382769     1.82751e+10 
    2149.398715     1.82754e+10 
    2149.438581     1.82773e+10 
    2149.518319     1.82826e+10 
    2149.677811     1.82934e+10 
    2149.996868     1.83087e+10 
    2150.635264     1.83261e+10 
    2151.913195     1.83358e+10 
    2153.000000     1.83267e+10 
    2154.473619     1.82996e+10 
    2155.000000     1.82875e+10 
    2155.778179     1.82689e+10 
    2157.000000     1.82332e+10 
    2158.000000     1.82052e+10 
    2159.000000     1.81752e+10 
    2159.612788     1.81586e+10 
    2160.883923     1.81143e+10 
    2162.000000     1.80673e+10 
    2163.445876     1.79815e+10 
    2164.000000      1.7936e+10 
    2164.729131     1.78617e+10 
    2165.371330     1.77807e+10 
    2165.692572     1.77318e+10 
    2165.853229     1.77026e+10 
    2165.933567     1.76876e+10 
    2165.973738     1.76814e+10 
    2165.989806     1.76796e+10 
    2165.997841     1.76789e+10 
    2166.005875     1.76782e+10 
    2166.013910     1.76778e+10 
    2166.021945     1.76778e+10 
    2166.029979     1.76781e+10 
    2166.038014     1.76784e+10 
    2166.054084     1.76793e+10 
    2166.094259     1.76833e+10 
    2166.174615      1.7694e+10 
    2166.335343     1.77147e+10 
    2166.656871     1.77463e+10 
    2167.300215     1.77924e+10 
    2168.000000     1.78256e+10 
    2168.588048     1.78417e+10 
    2170.000000     1.78479e+10 
    2171.168312      1.7833e+10 
    2172.000000     1.78162e+10 
    2173.000000     1.77935e+10 
    2174.000000     1.77696e+10 
    2175.000000     1.77442e+10 
    2176.347304     1.77124e+10 
    2177.038653     1.76937e+10 
    2178.000000     1.76624e+10 
    2179.000000      1.7633e+10 
    2180.000000     1.76026e+10 
    2181.000000     1.75711e+10 
    2182.194751      1.7526e+10 
    2183.000000      1.7491e+10 
    2184.000000      1.7431e+10 
    2184.781969     1.73651e+10 
    2186.077881     1.71918e+10 
    2186.726413     1.70681e+10 
    2187.050823      1.6994e+10 
    2187.213065     1.69495e+10 
    2187.294194     1.69255e+10 
    2187.334761     1.69153e+10 
    2187.350989     1.69122e+10 
    2187.359102      1.6911e+10 
    2187.367216     1.69101e+10 
    2187.375330     1.69082e+10 
    2187.383444     1.69097e+10 
    2187.391558     1.69102e+10 
    2187.399672      1.6911e+10 
    2187.415900     1.69133e+10 
    2187.456472     1.69214e+10 
    2187.537619     1.69412e+10 
    2187.699933     1.69775e+10 
    2188.024632     1.70348e+10 
    2188.674320     1.71245e+10 
    2189.974855     1.72284e+10 
    2191.000000     1.72558e+10 
    2192.000000     1.72558e+10 
    2192.580565     1.72495e+10 
    2194.000000     1.72246e+10 
    2195.000000     1.72026e+10 
    2196.000000     1.71794e+10 
    2197.000000     1.71552e+10 
    2197.810633     1.71387e+10 
    2199.000000     1.71074e+10 
    2200.000000     1.70811e+10 
    2201.000000     1.70548e+10 
    2202.000000     1.70286e+10 
    2203.000000     1.70025e+10 
    2204.000000     1.69764e+10 
    2204.971118      1.6951e+10 
    2206.000000     1.69183e+10 
    2207.000000     1.68897e+10 
    2208.000000     1.68596e+10 
    2209.000000     1.68275e+10 
    2210.193371     1.67835e+10 
    2211.000000     1.67466e+10 
    2212.000000     1.66834e+10 
    2212.813785     1.66014e+10 
    2214.126324     1.63633e+10 
    2214.783177     1.61757e+10 
    2215.111750     1.60605e+10 
    2215.276073     1.59905e+10 
    2215.358243     1.59509e+10 
    2215.399331     1.59299e+10 
    2215.415766     1.59187e+10 
    2215.423984     1.59159e+10 
    2215.432202     1.59134e+10 
    2215.440420     1.59082e+10 
    2215.448638     1.59131e+10 
    2215.456856     1.59152e+10 
    2215.465074     1.59175e+10 
    2215.481511      1.5928e+10 
    2215.522603     1.59471e+10 
    2215.604792     1.59827e+10 
    2215.769188     1.60449e+10 
    2216.098053     1.61441e+10 
    2216.756077     1.62989e+10 
    2218.073298     1.64694e+10 
    2219.000000     1.65106e+10 
    2220.000000     1.65187e+10 
    2220.712441     1.65152e+10 
    2222.000000     1.64955e+10 
    2223.000000     1.64765e+10 
    2224.000000     1.64548e+10 
    2225.000000     1.64319e+10 
    2226.009613     1.64119e+10 
    2227.000000      1.6387e+10 
    2228.000000     1.63619e+10 
    2229.000000     1.63369e+10 
    2230.000000     1.63118e+10 
    2231.000000     1.62869e+10 
    2232.000000      1.6262e+10 
    2233.000000     1.62371e+10 
    2234.000000     1.62122e+10 
    2235.000000     1.61874e+10 
    2236.000000     1.61627e+10 
    2237.000000      1.6138e+10 
    2238.000000     1.61133e+10 
    2239.000000     1.60887e+10 
    2240.000000     1.60641e+10 
    2241.000000     1.60396e+10 
    2242.000000     1.60151e+10 
    2242.819304     1.59951e+10 
    2244.000000     1.59604e+10 
    2245.000000     1.59338e+10 
    2246.000000     1.59061e+10 
    2247.000000     1.58751e+10 
    2248.131196      1.5837e+10 
    2249.000000     1.57949e+10 
    2250.000000     1.57292e+10 
    2250.796589      1.5646e+10 
    2252.131657     1.53458e+10 
    2252.799785     1.50725e+10 
    2253.133998     1.48954e+10 
    2253.301142      1.4784e+10 
    2253.384723     1.47171e+10 
    2253.426516     1.46383e+10 
    2253.443233      1.4609e+10 
    2253.451592     1.46012e+10 
    2253.459951     1.45953e+10 
    2253.468310     1.45844e+10 
    2253.476669      1.4595e+10 
    2253.485028     1.46005e+10 
    2253.493387      1.4608e+10 
    2253.510106     1.46366e+10 
    2253.551903     1.47136e+10 
    2253.635503     1.47769e+10 
    2253.802721     1.48811e+10 
    2254.137232     1.50434e+10 
    2254.806550     1.52856e+10 
    2256.146381      1.5521e+10 
    2257.000000     1.55675e+10 
    2258.000000     1.55834e+10 
    2258.830825     1.55819e+10 
    2260.000000      1.5565e+10 
    2261.000000     1.55476e+10 
    2262.000000     1.55271e+10 
    2263.000000     1.55056e+10 
    2264.218923     1.54824e+10 
    2265.000000     1.54641e+10 
    2266.000000     1.54406e+10 
    2267.000000     1.54172e+10 
    2268.000000     1.53939e+10 
    2269.000000     1.53706e+10 
    2270.000000     1.53473e+10 
    2271.000000     1.53241e+10 
    2272.000000      1.5301e+10 
    2273.000000     1.52778e+10 
    2274.000000     1.52547e+10 
    2275.000000     1.52317e+10 
    2276.000000     1.52087e+10 
    2277.000000     1.51857e+10 
    2278.000000     1.51628e+10 
    2279.000000     1.51399e+10 
    2280.000000     1.51171e+10 
    2281.000000     1.50943e+10 
    2282.000000     1.50716e+10 
    2283.000000     1.50489e+10 
    2284.000000     1.50262e+10 
    2285.000000     1.50036e+10 
    2286.000000      1.4981e+10 
    2287.000000     1.49585e+10 
    2288.000000      1.4936e+10 
    2289.000000     1.49135e+10 
    2290.000000     1.48911e+10 
    2291.000000     1.48687e+10 
    2292.000000     1.48464e+10 
    2293.000000     1.48241e+10 
    2294.000000     1.48019e+10 
    2295.000000     1.47797e+10 
    2296.087195     1.47556e+10 
    2297.000000     1.47306e+10 
    2298.000000     1.47069e+10 
    2299.000000     1.46825e+10 
    2300.000000     1.46562e+10 
    2301.000000     1.46272e+10 
    2301.525248     1.46084e+10 
    2303.000000     1.45452e+10 
    2304.253945      1.4428e+10 
    2305.000000     1.42875e+10 
    2305.620721     1.40797e+10 
    2306.304718     1.37014e+10 
    2306.646868     1.34333e+10 
    2306.817981      1.3257e+10 
    2306.903547      1.3113e+10 
    2306.946333     1.29645e+10 
    2306.963448     1.29195e+10 
    2306.972005     1.29097e+10 
    2306.980562     1.29003e+10 
    2306.989120     1.28772e+10 
    2306.997678        1.29e+10 
    2307.006235     1.29091e+10 
    2307.014793     1.29186e+10 
    2307.031909      1.2963e+10 
    2307.074699     1.31099e+10 
    2307.160284     1.32508e+10 
    2307.331474     1.34205e+10 
    2307.673929     1.36752e+10 
    2308.359144     1.40246e+10 
    2309.000000     1.42084e+10 
    2309.730796     1.43123e+10 
    2311.000000     1.43737e+10 
    2312.478997      1.4372e+10 
    2313.000000     1.43678e+10 
    2314.000000     1.43532e+10 
    2315.000000     1.43358e+10 
    2316.000000     1.43168e+10 
    2317.000000     1.42969e+10 
    2317.995064     1.42802e+10 
    2319.000000     1.42589e+10 
    2320.000000     1.42377e+10 
    2321.000000     1.42165e+10 
    2322.000000     1.41954e+10 
    2323.000000     1.41743e+10 
    2324.000000     1.41533e+10 
    2325.000000     1.41323e+10 
    2326.000000     1.41113e+10 
    2327.000000     1.40904e+10 
    2328.000000     1.40695e+10 
    2329.000000     1.40486e+10 
    2330.000000     1.40278e+10 
    2331.000000     1.40071e+10 
    2332.000000     1.39863e+10 
    2333.000000     1.39656e+10 
    2334.000000      1.3945e+10 
    2335.000000     1.39244e+10 
    2336.000000     1.39038e+10 
    2337.000000     1.38833e+10 
    2338.000000     1.38628e+10 
    2339.000000     1.38423e+10 
    2340.000000     1.38219e+10 
    2341.000000     1.38015e+10 
    2342.000000     1.37811e+10 
    2343.000000     1.37608e+10 
    2344.000000     1.37405e+10 
    2345.000000     1.37203e+10 
    2346.000000     1.37001e+10 
    2347.000000     1.36799e+10 
    2348.000000     1.36598e+10 
    2349.000000     1.36397e+10 
    2350.000000     1.36196e+10 
    2351.000000     1.35996e+10 
    2352.000000     1.35796e+10 
    2353.000000     1.35597e+10 
    2354.000000     1.35398e+10 
    2355.000000     1.35199e+10 
    2356.000000     1.35001e+10 
    2357.000000     1.34803e+10 
    2358.000000     1.34605e+10 
    2359.000000     1.34408e+10 
    2360.000000     1.34211e+10 
    2361.000000     1.34014e+10 
    2362.000000     1.33818e+10 
    2363.000000     1.33622e+10 
    2364.000000     1.33427e+10 
    2365.000000     1.33232e+10 
    2366.000000     1.33037e+10 
    2367.000000     1.32843e+10 
    2368.000000     1.32649e+10 
    2369.000000     1.32455e+10 
    2370.000000     1.32262e+10 
    2371.000000     1.32069e+10 
    2372.000000     1.31876e+10 
    2373.000000     1.31684e+10 
    2374.000000     1.31492e+10 
    2374.944238     1.31311e+10 
    2376.000000     1.31069e+10 
    2377.000000     1.30866e+10 
    2378.000000     1.30656e+10 
    2379.000000     1.30436e+10 
    2380.000000     1.30195e+10 
    2380.569056     1.30044e+10 
    2382.000000     1.29529e+10 
    2383.391468      1.2841e+10 
    2384.000000     1.27485e+10 
    2384.805185     1.25001e+10 
    2385.512672     1.20425e+10 
    2385.866574     1.16653e+10 
    2386.043564     1.13984e+10 
    2386.132069     1.11895e+10 
    2386.176323     1.09853e+10 
    2386.194026     1.09177e+10 
    2386.202877     1.08969e+10 
    2386.211729     1.08817e+10 
    2386.220580     1.08651e+10 
    2386.229432     1.08814e+10 
    2386.238283     1.08964e+10 
    2386.247135     1.09169e+10 
    2386.264838      1.0984e+10 
    2386.309098     1.11869e+10 
    2386.397623     1.13932e+10 
    2386.574691     1.16545e+10 
    2386.928908     1.20196e+10 
    2387.637656     1.24511e+10 
    2389.056417     1.27376e+10 
    2390.000000     1.27899e+10 
    2391.000000     1.27972e+10 
    2391.899002     1.27928e+10 
    2393.000000     1.27796e+10 
    2394.000000     1.27647e+10 
    2395.000000     1.27484e+10 
    2396.000000     1.27314e+10 
    2397.000000      1.2714e+10 
    2397.604514     1.27062e+10 
    2399.000000     1.26806e+10 
    2400.000000     1.26623e+10 
    2401.000000      1.2644e+10 
    2402.000000     1.26258e+10 
    2403.000000     1.26076e+10 
    2404.000000     1.25894e+10 
    2405.000000     1.25713e+10 
    2406.000000     1.25532e+10 
    2407.000000     1.25351e+10 
    2408.000000      1.2517e+10 
    2409.000000      1.2499e+10 
    2410.000000      1.2481e+10 
    2411.000000     1.24631e+10 
    2412.000000     1.24452e+10 
    2413.000000     1.24273e+10 
    2414.000000     1.24095e+10 
    2415.000000     1.23917e+10 
    2416.000000     1.23739e+10 
    2417.000000     1.23561e+10 
    2418.000000     1.23384e+10 
    2419.000000     1.23207e+10 
    2420.000000      1.2303e+10 
    2421.000000     1.22854e+10 
    2422.000000     1.22678e+10 
    2423.000000     1.22503e+10 
    2424.000000     1.22327e+10 
    2425.000000     1.22152e+10 
    2426.000000     1.21978e+10 
    2427.000000     1.21803e+10 
    2428.000000     1.21629e+10 
    2429.000000     1.21456e+10 
    2430.000000     1.21282e+10 
    2431.000000     1.21109e+10 
    2432.000000     1.20936e+10 
    2433.000000     1.20764e+10 
    2434.000000     1.20592e+10 
    2435.000000      1.2042e+10 
    2436.000000     1.20248e+10 
    2437.000000     1.20077e+10 
    2438.000000     1.19906e+10 
    2439.000000     1.19735e+10 
    2440.000000     1.19565e+10 
    2441.000000     1.19395e+10 
    2442.000000     1.19225e+10 
    2443.000000     1.19056e+10 
    2444.000000     1.18887e+10 
    2445.000000     1.18718e+10 
    2446.000000     1.18549e+10 
    2447.000000     1.18381e+10 
    2448.000000     1.18213e+10 
    2449.000000     1.18045e+10 
    2450.000000     1.17878e+10 
    2451.000000     1.17711e+10 
    2452.000000     1.17544e+10 
    2453.000000     1.17378e+10 
    2454.000000     1.17212e+10 
    2455.000000     1.17046e+10 
    2456.000000      1.1688e+10 
    2457.000000     1.16715e+10 
    2458.000000      1.1655e+10 
    2459.000000     1.16385e+10 
    2460.000000     1.16221e+10 
    2461.000000     1.16057e+10 
    2462.000000     1.15893e+10 
    2463.000000      1.1573e+10 
    2464.000000     1.15566e+10 
    2465.000000     1.15403e+10 
    2466.000000     1.15241e+10 
    2467.000000     1.15078e+10 
    2468.000000     1.14916e+10 
    2469.000000     1.14755e+10 
    2470.000000     1.14593e+10 
    2471.000000     1.14432e+10 
    2472.000000     1.14271e+10 
    2473.000000      1.1411e+10 
    2474.000000      1.1395e+10 
    2475.000000      1.1379e+10 
    2476.000000      1.1363e+10 
    2477.000000      1.1347e+10 
    2478.000000     1.13311e+10 
    2479.000000     1.13152e+10 
    2480.000000     1.12994e+10 
    2481.000000     1.12835e+10 
    2482.000000     1.12677e+10 
    2483.000000     1.12519e+10 
    2484.000000     1.12362e+10 
    2485.000000     1.12204e+10 
    2486.000000     1.12047e+10 
    2487.000000      1.1189e+10 
    2488.000000     1.11734e+10 
    2489.000000     1.11577e+10 
    2490.000000     1.11421e+10 
    2491.000000     1.11266e+10 
    2492.000000      1.1111e+10 
    2493.000000     1.10955e+10 
    2494.000000       1.108e+10 
    2495.000000     1.10645e+10 
    2496.000000     1.10491e+10 
    2497.000000     1.10337e+10 
    2498.000000     1.10183e+10 
    2499.000000     1.10029e+10 
    2500.188224     1.09848e+10 
    2501.000000     1.09694e+10 
    2502.000000     1.09534e+10 
    2503.000000      1.0937e+10 
    2504.000000       1.092e+10 
    2505.000000     1.09021e+10 
    2506.109670     1.08798e+10 
    2507.000000     1.08584e+10 
    2508.000000     1.08241e+10 
    2509.080923      1.0757e+10 
    2510.000000     1.06319e+10 
    2510.569193     1.04574e+10 
    2511.313991     9.97444e+09 
    2511.686555     9.50447e+09 
    2511.872879     9.13139e+09 
    2511.966051     8.84722e+09 
    2512.012640      8.6186e+09 
    2512.031276     8.53017e+09 
    2512.040594     8.49843e+09 
    2512.049912     8.47717e+09 
    2512.059230     8.46782e+09 
    2512.068548     8.47698e+09 
    2512.077867     8.49804e+09 
    2512.087185      8.5296e+09 
    2512.105822     8.61763e+09 
    2512.152416     8.84522e+09 
    2512.245609     9.12723e+09 
    2512.432016     9.49567e+09 
    2512.804912     9.95549e+09 
    2513.551037     1.04161e+10 
    2515.044616     1.06695e+10 
    2516.000000     1.07002e+10 
    2517.000000     1.07078e+10 
    2518.037106     1.07016e+10 
    2519.000000     1.06921e+10 
    2520.000000     1.06801e+10 
    2521.000000      1.0667e+10 
    2522.000000     1.06535e+10 
    2523.000000     1.06395e+10 
    2524.043501      1.0627e+10 
    2525.000000     1.06129e+10 
    2526.000000     1.05983e+10 
    2527.000000     1.05837e+10 
    2528.000000     1.05691e+10 
    2529.000000     1.05545e+10 
    2530.000000       1.054e+10 
    2531.000000     1.05255e+10 
    2532.000000      1.0511e+10 
    2533.000000     1.04965e+10 
    2534.000000     1.04821e+10 
    2535.000000     1.04677e+10 
    2536.000000     1.04533e+10 
    2537.000000     1.04389e+10 
    2538.000000     1.04246e+10 
    2539.000000     1.04103e+10 
    2540.000000      1.0396e+10 
    2541.000000     1.03817e+10 
    2542.000000     1.03675e+10 
    2543.000000     1.03532e+10 
    2544.000000     1.03391e+10 
    2545.000000     1.03249e+10 
    2546.000000     1.03107e+10 
    2547.000000     1.02966e+10 
    2548.000000     1.02825e+10 
    2549.000000     1.02684e+10 
    2550.000000     1.02544e+10 
    2551.000000     1.02404e+10 
    2552.000000     1.02264e+10 
    2553.000000     1.02124e+10 
    2554.000000     1.01985e+10 
    2555.000000     1.01845e+10 
    2556.000000     1.01706e+10 
    2557.000000     1.01567e+10 
    2558.000000     1.01429e+10 
    2559.000000     1.01291e+10 
    2560.000000     1.01153e+10 
    2561.000000     1.01015e+10 
    2562.000000     1.00877e+10 
    2563.000000      1.0074e+10 
    2564.000000     1.00603e+10 
    2565.000000     1.00466e+10 
    2566.000000     1.00329e+10 
    2567.000000     1.00193e+10 
    2568.000000     1.00056e+10 
    2569.000000     9.99204e+09 
    2570.000000     9.97846e+09 
    2571.000000     9.96491e+09 
    2572.000000     9.95138e+09 
    2573.000000     9.93788e+09 
    2574.000000     9.92439e+09 
    2575.000000     9.91094e+09 
    2576.000000      9.8975e+09 
    2577.000000     9.88409e+09 
    2578.000000     9.87069e+09 
    2579.000000     9.85733e+09 
    2580.000000     9.84398e+09 
    2581.000000     9.83066e+09 
    2582.000000     9.81736e+09 
    2583.000000     9.80408e+09 
    2584.000000     9.79083e+09 
    2585.000000      9.7776e+09 
    2586.000000     9.76438e+09 
    2587.000000     9.75119e+09 
    2588.000000     9.73803e+09 
    2589.000000     9.72488e+09 
    2590.000000     9.71177e+09 
    2591.000000     9.69867e+09 
    2592.000000      9.6856e+09 
    2593.000000     9.67254e+09 
    2594.000000     9.65951e+09 
    2595.000000      9.6465e+09 
    2596.000000     9.63351e+09 
    2597.000000     9.62055e+09 
    2598.000000     9.60759e+09 
    2599.000000     9.59468e+09 
    2600.458889     9.57487e+09 
    2601.000000      9.5679e+09 
    2602.000000     9.55505e+09 
    2603.000000     9.54222e+09 
    2604.000000      9.5294e+09 
    2605.000000     9.51661e+09 
    2606.000000     9.50385e+09 
    2607.000000      9.4911e+09 
    2608.000000     9.47837e+09 
    2609.000000     9.46567e+09 
    2610.000000     9.45299e+09 
    2611.000000     9.44033e+09 
    2612.000000     9.42769e+09 
    2613.000000     9.41507e+09 
    2614.000000     9.40247e+09 
    2615.000000     9.38989e+09 
    2616.000000     9.37734e+09 
    2617.000000      9.3648e+09 
    2618.000000     9.35229e+09 
    2619.000000     9.33979e+09 
    2620.000000     9.32732e+09 
    2621.000000     9.31488e+09 
    2622.000000     9.30243e+09 
    2623.000000     9.29003e+09 
    2624.000000     9.27764e+09 
    2625.000000     9.26528e+09 
    2626.000000     9.25293e+09 
    2627.000000      9.2406e+09 
    2628.000000      9.2283e+09 
    2629.000000     9.21602e+09 
    2630.000000     9.20375e+09 
    2631.000000     9.19151e+09 
    2632.000000     9.17929e+09 
    2633.000000      9.1671e+09 
    2634.000000     9.15492e+09 
    2635.000000     9.14277e+09 
    2636.000000     9.13063e+09 
    2637.000000     9.11853e+09 
    2638.000000     9.10644e+09 
    2639.000000     9.09437e+09 
    2640.000000     9.08233e+09 
    2641.000000      9.0703e+09 
    2642.000000     9.05831e+09 
    2643.000000     9.04633e+09 
    2644.000000     9.03437e+09 
    2645.000000     9.02244e+09 
    2646.000000     9.01052e+09 
    2647.000000     8.99863e+09 
    2648.000000     8.98676e+09 
    2649.000000     8.97491e+09 
    2650.000000     8.96309e+09 
    2651.000000     8.95128e+09 
    2652.000000     8.93951e+09 
    2653.000000     8.92774e+09 
    2654.000000       8.916e+09 
    2655.000000     8.90428e+09 
    2656.000000     8.89259e+09 
    2657.000000     8.88091e+09 
    2658.000000     8.86926e+09 
    2659.000000     8.85763e+09 
    2660.000000     8.84601e+09 
    2661.000000     8.83442e+09 
    2662.000000     8.82285e+09 
    2663.000000     8.81129e+09 
    2664.000000     8.79977e+09 
    2665.000000     8.78825e+09 
    2666.000000     8.77676e+09 
    2667.000000     8.76529e+09 
    2668.000000     8.75384e+09 
    2669.000000     8.74241e+09 
    2670.000000     8.73099e+09 
    2671.000000     8.71959e+09 
    2672.000000     8.70821e+09 
    2673.000000     8.69686e+09 
    2674.000000     8.68551e+09 
    2675.000000     8.67419e+09 
    2676.000000     8.66288e+09 
    2677.000000     8.65159e+09 
    2678.000000     8.64033e+09 
    2679.000000     8.62907e+09 
    2680.000000     8.61784e+09 
    2681.000000     8.60662e+09 
    2682.000000     8.59543e+09 
    2683.000000     8.58424e+09 
    2684.000000     8.57307e+09 
    2685.000000     8.56192e+09 
    2686.000000      8.5508e+09 
    2687.000000     8.53968e+09 
    2688.000000     8.52859e+09 
    2689.000000      8.5175e+09 
    2690.000000     8.50644e+09 
    2691.000000     8.49539e+09 
    2692.000000     8.48435e+09 
    2693.000000     8.47335e+09 
    2694.000000     8.46235e+09 
    2695.000000     8.45136e+09 
    2696.000000     8.44041e+09 
    2697.000000     8.42946e+09 
    2698.000000     8.41853e+09 
    2699.000000     8.40761e+09 
    2700.000000     8.39671e+09 
    2701.000000     8.38583e+09 
    2702.000000     8.37497e+09 
    2703.000000     8.36411e+09 
    2704.000000     8.35328e+09 
    2705.000000     8.34246e+09 
    2706.000000     8.33166e+09 
    2707.000000     8.32089e+09 
    2708.000000     8.31011e+09 
    2709.000000     8.29937e+09 
    2710.000000     8.28864e+09 
    2711.000000     8.27791e+09 
    2712.000000     8.26722e+09 
    2713.000000     8.25653e+09 
    2714.000000     8.24586e+09 
    2715.000000     8.23521e+09 
    2716.000000     8.22458e+09 
    2717.000000     8.21396e+09 
    2718.000000     8.20336e+09 
    2719.000000     8.19277e+09 
    2720.000000      8.1822e+09 
    2721.299249     8.16849e+09 
    2722.000000     8.15917e+09 
    2723.000000     8.14819e+09 
    2724.000000     8.13707e+09 
    2725.000000     8.12569e+09 
    2726.000000      8.1139e+09 
    2727.000000      8.1014e+09 
    2727.744374     8.09125e+09 
    2729.000000     8.07091e+09 
    2730.000000     8.04824e+09 
    2730.978398     8.01098e+09 
    2732.000000     7.91488e+09 
    2732.598288     7.80451e+09 
    2733.408953     7.39407e+09 
    2733.814466     6.92615e+09 
    2734.017268     6.49473e+09 
    2734.118680     6.13778e+09 
    2734.169389     5.89741e+09 
    2734.189673     5.80374e+09 
    2734.199815      5.7683e+09 
    2734.209958     5.74488e+09 
    2734.220100     5.73663e+09 
    2734.230242     5.74475e+09 
    2734.240385     5.76805e+09 
    2734.250527     5.80335e+09 
    2734.270813     5.89675e+09 
    2734.321527     6.13639e+09 
    2734.422962     6.49177e+09 
    2734.625854     6.91971e+09 
    2735.031728     7.37986e+09 
    2735.843839     7.77331e+09 
    2737.469507     7.94518e+09 
    2738.000000     7.95706e+09 
    2739.000000     7.96372e+09 
    2740.000000      7.9617e+09 
    2740.726646     7.95762e+09 
    2742.000000      7.9481e+09 
    2743.000000     7.93944e+09 
    2744.000000     7.93025e+09 
    2745.000000     7.92079e+09 
    2746.000000     7.91115e+09 
    2747.264233     7.90035e+09 
    2748.000000     7.89291e+09 
    2749.000000     7.88281e+09 
    2750.000000     7.87273e+09 
    2751.000000     7.86266e+09 
    2752.000000     7.85262e+09 
    2753.000000     7.84259e+09 
    2754.000000     7.83257e+09 
    2755.000000     7.82257e+09 
    2756.000000     7.81258e+09 
    2757.000000     7.80261e+09 
    2758.000000     7.79266e+09 
    2759.000000     7.78273e+09 
    2760.000000      7.7728e+09 
    2761.000000     7.76289e+09 
    2762.000000       7.753e+09 
    2763.000000     7.74313e+09 
    2764.000000     7.73327e+09 
    2765.000000     7.72343e+09 
    2766.000000      7.7136e+09 
    2767.000000     7.70379e+09 
    2768.000000     7.69399e+09 
    2769.000000     7.68421e+09 
    2770.000000     7.67444e+09 
    2771.000000     7.66469e+09 
    2772.000000     7.65496e+09 
    2773.000000     7.64524e+09 
    2774.000000     7.63553e+09 
    2775.000000     7.62585e+09 
    2776.000000     7.61617e+09 
    2777.000000     7.60651e+09 
    2778.000000     7.59687e+09 
    2779.000000     7.58724e+09 
    2780.000000     7.57763e+09 
    2781.000000     7.56803e+09 
    2782.000000     7.55846e+09 
    2783.000000     7.54889e+09 
    2784.000000     7.53933e+09 
    2785.000000      7.5298e+09 
    2786.000000     7.52028e+09 
    2787.000000     7.51077e+09 
    2788.000000     7.50128e+09 
    2789.000000      7.4918e+09 
    2790.000000     7.48234e+09 
    2791.000000     7.47289e+09 
    2792.000000     7.46347e+09 
    2793.000000     7.45405e+09 
    2794.000000     7.44464e+09 
    2795.000000     7.43526e+09 
    2796.000000     7.42589e+09 
    2797.000000     7.41653e+09 
    2798.000000     7.40718e+09 
    2799.000000     7.39785e+09 
    2800.000000     7.38854e+09 
    2801.000000     7.37924e+09 
    2802.000000     7.36996e+09 
    2803.000000     7.36069e+09 
    2804.000000     7.35144e+09 
    2805.000000     7.34219e+09 
    2806.000000     7.33297e+09 
    2807.000000     7.32376e+09 
    2808.000000     7.31457e+09 
    2809.000000     7.30538e+09 
    2810.000000     7.29622e+09 
    2811.000000     7.28706e+09 
    2812.000000     7.27792e+09 
    2813.000000      7.2688e+09 
    2814.000000     7.25969e+09 
    2815.000000     7.25059e+09 
    2816.000000     7.24151e+09 
    2817.000000     7.23244e+09 
    2818.000000     7.22339e+09 
    2819.000000     7.21435e+09 
    2820.000000     7.20532e+09 
    2821.000000     7.19631e+09 
    2822.000000     7.18732e+09 
    2823.000000     7.17833e+09 
    2824.000000     7.16936e+09 
    2825.000000     7.16041e+09 
    2826.000000     7.15147e+09 
    2827.000000     7.14255e+09 
    2828.000000     7.13363e+09 
    2829.000000     7.12473e+09 
    2830.000000     7.11585e+09 
    2831.000000     7.10698e+09 
    2832.000000     7.09812e+09 
    2833.000000     7.08928e+09 
    2834.000000     7.08045e+09 
    2835.000000     7.07163e+09 
    2836.000000     7.06283e+09 
    2837.000000     7.05404e+09 
    2838.000000     7.04527e+09 
    2839.000000      7.0365e+09 
    2840.000000     7.02776e+09 
    2841.000000     7.01903e+09 
    2842.000000      7.0103e+09 
    2843.000000      7.0016e+09 
    2844.000000      6.9929e+09 
    2845.000000     6.98423e+09 
    2846.000000     6.97556e+09 
    2847.000000     6.96691e+09 
    2848.000000     6.95827e+09 
    2849.000000     6.94965e+09 
    2850.000000     6.94103e+09 
    2851.000000     6.93243e+09 
    2852.000000     6.92385e+09 
    2853.000000     6.91528e+09 
    2854.000000     6.90672e+09 
    2855.000000     6.89817e+09 
    2856.000000     6.88964e+09 
    2857.000000     6.88112e+09 
    2858.000000     6.87262e+09 
    2859.000000     6.86412e+09 
    2860.000000     6.85564e+09 
    2861.000000     6.84718e+09 
    2862.000000     6.83872e+09 
    2863.000000     6.83028e+09 
    2864.000000     6.82186e+09 
    2865.000000     6.81344e+09 
    2866.000000     6.80504e+09 
    2867.000000     6.79665e+09 
    2868.000000     6.78827e+09 
    2869.000000     6.77992e+09 
    2870.000000     6.77156e+09 
    2871.000000     6.76323e+09 
    2872.000000      6.7549e+09 
    2873.000000      6.7466e+09 
    2874.000000     6.73829e+09 
    2875.000000     6.73001e+09 
    2876.000000     6.72174e+09 
    2877.000000     6.71347e+09 
    2878.000000     6.70522e+09 
    2879.000000     6.69698e+09 
    2880.000000     6.68875e+09 
    2881.000000     6.68054e+09 
    2881.825174     6.67377e+09 
    2883.000000     6.66414e+09 
    2884.000000     6.65597e+09 
    2885.000000      6.6478e+09 
    2886.000000     6.63965e+09 
    2887.000000     6.63151e+09 
    2888.000000     6.62338e+09 
    2889.000000     6.61526e+09 
    2890.000000     6.60716e+09 
    2891.000000     6.59908e+09 
    2892.000000       6.591e+09 
    2893.000000     6.58293e+09 
    2894.000000     6.57488e+09 
    2895.000000     6.56684e+09 
    2896.000000     6.55881e+09 
    2897.000000      6.5508e+09 
    2898.000000     6.54279e+09 
    2899.000000      6.5348e+09 
    2900.000000     6.52682e+09 
    2901.000000     6.51886e+09 
    2902.000000      6.5109e+09 
    2903.000000     6.50296e+09 
    2904.000000     6.49503e+09 
    2905.000000     6.48711e+09 
    2906.000000      6.4792e+09 
    2907.000000      6.4713e+09 
    2908.000000     6.46342e+09 
    2909.000000     6.45556e+09 
    2910.000000     6.44769e+09 
    2911.000000     6.43985e+09 
    2912.000000     6.43202e+09 
    2913.000000     6.42419e+09 
    2913.541837     6.41996e+09 
    2915.000000     6.40858e+09 
    2916.000000      6.4008e+09 
    2917.000000     6.39302e+09 
    2918.000000     6.38526e+09 
    2919.000000     6.37751e+09 
    2920.000000     6.36976e+09 
    2921.000000     6.36204e+09 
    2922.000000     6.35432e+09 
    2923.000000     6.34662e+09 
    2924.000000     6.33892e+09 
    2925.000000     6.33124e+09 
    2926.000000     6.32357e+09 
    2927.000000     6.31591e+09 
    2928.000000     6.30827e+09 
    2929.000000     6.30063e+09 
    2930.000000     6.29301e+09 
    2931.000000      6.2854e+09 
    2932.042929     6.27746e+09 
    2933.000000      6.2702e+09 
    2934.000000     6.26262e+09 
    2935.000000     6.25505e+09 
    2936.000000     6.24749e+09 
    2937.000000     6.23994e+09 
    2938.000000      6.2324e+09 
    2938.987179     6.22496e+09 
    2940.000000     6.21732e+09 
    2941.000000     6.20979e+09 
    2942.471653     6.19863e+09 
    2943.000000     6.19457e+09 
    2944.216991     6.18473e+09 
    2945.090436     6.17465e+09 
    2945.527353     6.15573e+09 
    2945.745860     6.03768e+09 
    2945.855126     5.66866e+09 
    2945.909762     5.46715e+09 
    2945.931617     5.41823e+09 
    2945.942545     5.40277e+09 
    2945.953472      5.3933e+09 
    2945.964400     5.38937e+09 
    2945.975328     5.39317e+09 
    2945.986256     5.40252e+09 
    2945.997184     5.41784e+09 
    2946.019040      5.4665e+09 
    2946.073682     5.66727e+09 
    2946.182972     6.03458e+09 
    2946.401576     6.14928e+09 
    2946.838883     6.16167e+09 
    2947.713885     6.15874e+09 
    2949.465448     6.14664e+09 
    2950.000000     6.14276e+09 
    2951.000000     6.13545e+09 
    2952.000000     6.12812e+09 
    2952.974828     6.12097e+09 
    2954.000000     6.11345e+09 
    2955.000000     6.10612e+09 
    2956.000000      6.0988e+09 
    2957.000000     6.09149e+09 
    2958.000000     6.08418e+09 
    2959.000000     6.07689e+09 
    2960.018701     6.06948e+09 
    2961.000000     6.06234e+09 
    2962.000000     6.05508e+09 
    2963.000000     6.04783e+09 
    2964.000000     6.04059e+09 
    2965.000000     6.03336e+09 
    2966.000000     6.02614e+09 
    2967.000000     6.01893e+09 
    2968.000000     6.01173e+09 
    2969.000000     6.00455e+09 
    2970.000000     5.99737e+09 
    2971.000000      5.9902e+09 
    2972.000000     5.98305e+09 
    2973.000000     5.97591e+09 
    2974.000000     5.96877e+09 
    2975.000000     5.96165e+09 
    2976.000000     5.95454e+09 
    2977.000000     5.94744e+09 
    2978.000000     5.94035e+09 
    2979.116695     5.93244e+09 
    2980.000000      5.9262e+09 
    2981.000000     5.91914e+09 
    2982.000000     5.91209e+09 
    2983.000000     5.90505e+09 
    2984.000000     5.89803e+09 
    2985.000000     5.89101e+09 
    2986.000000       5.884e+09 
    2987.000000       5.877e+09 
    2988.000000     5.87002e+09 
    2989.000000     5.86304e+09 
    2990.000000     5.85608e+09 
    2991.000000     5.84912e+09 
    2992.000000     5.84217e+09 
    2993.000000     5.83524e+09 
    2994.000000     5.82832e+09 
    2995.000000     5.82141e+09 
    2996.000000      5.8145e+09 
    2997.000000     5.80761e+09 
    2998.000000     5.80073e+09 
    2999.000000     5.79386e+09 
    3000.000000     5.78699e+09 
    3001.000000     5.78014e+09 
    3002.000000      5.7733e+09 
    3003.000000     5.76647e+09 
    3004.000000     5.75965e+09 
    3005.000000     5.75283e+09 
    3006.000000     5.74604e+09 
    3007.000000     5.73924e+09 
    3008.000000     5.73246e+09 
    3009.000000     5.72569e+09 
    3010.000000     5.71893e+09 
    3011.000000     5.71218e+09 
    3012.000000     5.70544e+09 
    3013.023639     5.69855e+09 
    3014.000000     5.69198e+09 
    3015.000000     5.68527e+09 
    3016.000000     5.67857e+09 
    3017.000000     5.67188e+09 
    3018.000000      5.6652e+09 
    3019.000000     5.65853e+09 
    3020.000000     5.65186e+09 
    3021.000000     5.64521e+09 
    3022.000000     5.63857e+09 
    3023.000000     5.63194e+09 
    3024.000000     5.62532e+09 
    3025.000000      5.6187e+09 
    3026.000000      5.6121e+09 
    3027.000000     5.60551e+09 
    3028.000000     5.59892e+09 
    3029.000000     5.59235e+09 
    3030.000000     5.58578e+09 
    3031.000000     5.57923e+09 
    3032.000000     5.57269e+09 
    3033.000000     5.56615e+09 
    3034.000000     5.55962e+09 
    3035.000000     5.55311e+09 
    3036.000000      5.5466e+09 
    3037.000000      5.5401e+09 
    3038.000000     5.53362e+09 
    3039.000000     5.52714e+09 
    3040.000000     5.52067e+09 
    3041.000000     5.51421e+09 
    3042.000000     5.50776e+09 
    3043.000000     5.50132e+09 
    3044.000000     5.49489e+09 
    3045.000000     5.48847e+09 
    3046.000000     5.48205e+09 
    3047.000000     5.47566e+09 
    3048.000000     5.46926e+09 
    3049.000000     5.46288e+09 
    3050.000000     5.45651e+09 
    3051.000000     5.45014e+09 
    3052.000000     5.44378e+09 
    3052.777367     5.43885e+09 
    3054.000000      5.4311e+09 
    3055.000000     5.42477e+09 
    3056.000000     5.41845e+09 
    3057.000000     5.41214e+09 
    3058.000000     5.40584e+09 
    3059.000000     5.39955e+09 
    3060.000000     5.39327e+09 
    3061.000000     5.38699e+09 
    3062.000000     5.38073e+09 
    3063.000000     5.37447e+09 
    3064.000000     5.36823e+09 
    3065.000000     5.36199e+09 
    3066.000000     5.35576e+09 
    3067.000000     5.34954e+09 
    3068.000000     5.34333e+09 
    3069.000000     5.33713e+09 
    3070.000000     5.33094e+09 
    3071.000000     5.32476e+09 
    3072.000000     5.31858e+09 
    3073.000000     5.31242e+09 
    3074.000000     5.30626e+09 
    3075.000000     5.30011e+09 
    3076.000000     5.29397e+09 
    3077.000000     5.28785e+09 
    3078.000000     5.28172e+09 
    3079.000000     5.27561e+09 
    3080.000000     5.26951e+09 
    3081.000000     5.26341e+09 
    3082.000000     5.25733e+09 
    3083.000000     5.25126e+09 
    3084.000000     5.24518e+09 
    3085.000000     5.23913e+09 
    3086.000000     5.23308e+09 
    3087.000000     5.22704e+09 
    3088.000000     5.22101e+09 
    3089.000000     5.21498e+09 
    3090.000000     5.20897e+09 
    3091.000000     5.20296e+09 
    3092.000000     5.19696e+09 
    3093.000000     5.19098e+09 
    3094.000000     5.18499e+09 
    3095.000000     5.17903e+09 
    3096.000000     5.17306e+09 
    3097.000000     5.16711e+09 
    3098.000000     5.16116e+09 
    3099.000000     5.15522e+09 
    3100.000000     5.14929e+09 
    3101.000000     5.14337e+09 
    3102.000000     5.13746e+09 
    3103.000000     5.13156e+09 
    3104.000000     5.12567e+09 
    3105.000000     5.11978e+09 
    3106.000000      5.1139e+09 
    3107.000000     5.10803e+09 
    3108.000000     5.10217e+09 
    3109.000000     5.09632e+09 
    3110.000000     5.09047e+09 
    3111.000000     5.08464e+09 
    3112.000000     5.07881e+09 
    3113.000000     5.07299e+09 
    3114.000000     5.06718e+09 
    3115.000000     5.06139e+09 
    3116.000000     5.05559e+09 
    3117.000000      5.0498e+09 
    3118.000000     5.04403e+09 
    3119.242114     5.03686e+09 
    3120.000000      5.0325e+09 
    3121.000000     5.02675e+09 
    3121.753758     5.02233e+09 
    3123.000000     5.01518e+09 
    3124.000000     5.00945e+09 
    3125.000000     5.00373e+09 
    3126.000000     4.99802e+09 
    3127.000000     4.99231e+09 
    3128.000000     4.98662e+09 
    3129.000000     4.98094e+09 
    3130.000000     4.97526e+09 
    3131.000000     4.96958e+09 
    3132.000000     4.96392e+09 
    3133.000000     4.95827e+09 
    3134.000000     4.95262e+09 
    3135.000000     4.94699e+09 
    3136.000000     4.94136e+09 
    3137.000000     4.93573e+09 
    3138.000000     4.93012e+09 
    3139.000000     4.92452e+09 
    3140.000000     4.91892e+09 
    3141.000000     4.91333e+09 
    3142.000000     4.90774e+09 
    3143.000000     4.90217e+09 
    3144.000000     4.89661e+09 
    3145.000000     4.89105e+09 
    3146.000000      4.8855e+09 
    3147.000000     4.87996e+09 
    3148.000000     4.87443e+09 
    3149.000000      4.8689e+09 
    3150.000000     4.86339e+09 
    3151.000000     4.85788e+09 
    3152.000000     4.85238e+09 
    3153.000000     4.84688e+09 
    3153.571729     4.84375e+09 
    3155.000000     4.83592e+09 
    3156.000000     4.83045e+09 
    3157.000000     4.82499e+09 
    3158.000000     4.81954e+09 
    3159.000000     4.81409e+09 
    3160.000000     4.80865e+09 
    3161.000000     4.80322e+09 
    3162.000000     4.79779e+09 
    3163.000000     4.79238e+09 
    3164.000000     4.78697e+09 
    3165.000000     4.78157e+09 
    3166.000000     4.77618e+09 
    3167.000000     4.77079e+09 
    3168.000000     4.76542e+09 
    3169.000000     4.76005e+09 
    3170.000000     4.75469e+09 
    3171.000000     4.74933e+09 
    3172.000000     4.74398e+09 
    3173.000000     4.73864e+09 
    3173.597019     4.73546e+09 
    3175.000000     4.72798e+09 
    3176.000000     4.72267e+09 
    3177.000000     4.71736e+09 
    3178.000000     4.71205e+09 
    3179.000000     4.70675e+09 
    3180.000000     4.70147e+09 
    3181.113366     4.69558e+09 
    3182.000000      4.6909e+09 
    3183.000000     4.68561e+09 
    3184.000000     4.68033e+09 
    3184.884906     4.67563e+09 
    3186.000000     4.66963e+09 
    3186.774032     4.66527e+09 
    3187.719435     4.65845e+09 
    3188.192348     4.64756e+09 
    3188.428856     4.54243e+09 
    3188.547124     4.14657e+09 
    3188.606261     3.97496e+09 
    3188.629916     3.93739e+09 
    3188.641744     3.92569e+09 
    3188.653572     3.91865e+09 
    3188.665400     3.91615e+09 
    3188.677228     3.91855e+09 
    3188.689056      3.9255e+09 
    3188.700885     3.93711e+09 
    3188.724541     3.97448e+09 
    3188.783685     4.14556e+09 
    3188.901979     4.54009e+09 
    3189.039408     4.63423e+09 
    3189.138593     4.64181e+09 
    3189.611926     4.64764e+09 
    3190.559015     4.64441e+09 
    3192.454880     4.63452e+09 
    3193.000000     4.63152e+09 
    3194.000000     4.62591e+09 
    3195.000000      4.6201e+09 
    3196.253377     4.61235e+09 
    3196.592328     4.61008e+09 
    3198.000000     4.59971e+09 
    3199.000000     4.59007e+09 
    3200.382221     4.56917e+09 
    3201.000000     4.55224e+09 
    3202.280539     4.45985e+09 
    3203.230542     4.24172e+09 
    3203.705756      3.9213e+09 
    3203.877554     3.69448e+09 
    3203.943415     3.57676e+09 
    3204.062258     3.27215e+09 
    3204.121683     3.08076e+09 
    3204.145454     3.01483e+09 
    3204.157339     2.99086e+09 
    3204.169224      2.9756e+09 
    3204.181110     2.97055e+09 
    3204.192996     2.97553e+09 
    3204.204881     2.99071e+09 
    3204.216767     3.01461e+09 
    3204.240539     3.08039e+09 
    3204.299971     3.27138e+09 
    3204.418840     3.57508e+09 
    3204.656605     3.91754e+09 
    3205.132242     4.23333e+09 
    3206.083939     4.44163e+09 
    3207.000000     4.50949e+09 
    3207.989029     4.53094e+09 
    3209.000000     4.53707e+09 
    3210.000000     4.53735e+09 
    3211.000000     4.53535e+09 
    3211.806009     4.53269e+09 
    3213.000000     4.52809e+09 
    3214.000000     4.52379e+09 
    3215.000000     4.51928e+09 
    3216.000000     4.51464e+09 
    3217.000000     4.50989e+09 
    3218.000000      4.5051e+09 
    3219.467285     4.49879e+09 
    3220.000000     4.49613e+09 
    3221.000000     4.49114e+09 
    3222.000000     4.48616e+09 
    3223.000000     4.48119e+09 
    3224.000000     4.47622e+09 
    3224.548922      4.4735e+09 
    3226.000000     4.46631e+09 
    3227.000000     4.46136e+09 
    3228.000000     4.45642e+09 
    3229.000000     4.45149e+09 
    3230.000000     4.44656e+09 
    3231.000000     4.44165e+09 
    3232.000000     4.43673e+09 
    3233.000000     4.43183e+09 
    3234.000000     4.42693e+09 
    3235.000000     4.42204e+09 
    3236.000000     4.41715e+09 
    3237.000000     4.41227e+09 
    3238.000000      4.4074e+09 
    3239.000000     4.40253e+09 
    3240.000000     4.39768e+09 
    3241.000000     4.39283e+09 
    3242.000000     4.38798e+09 
    3243.000000     4.38314e+09 
    3244.000000     4.37831e+09 
    3245.000000     4.37348e+09 
    3246.000000     4.36867e+09 
    3247.000000     4.36385e+09 
    3248.000000     4.35905e+09 
    3249.000000     4.35425e+09 
    3250.000000     4.34945e+09 
    3251.000000     4.34467e+09 
    3252.000000     4.33989e+09 
    3253.000000     4.33512e+09 
    3254.000000     4.33035e+09 
    3255.000000     4.32559e+09 
    3256.000000     4.32084e+09 
    3257.000000     4.31609e+09 
    3258.000000     4.31135e+09 
    3259.000000     4.30661e+09 
    3260.000000     4.30189e+09 
    3261.249263     4.29599e+09 
    3262.000000     4.29245e+09 
    3263.000000     4.28774e+09 
    3264.000000     4.28304e+09 
    3265.000000     4.27834e+09 
    3266.000000     4.27365e+09 
    3267.000000     4.26897e+09 
    3268.000000     4.26429e+09 
    3269.000000     4.25962e+09 
    3270.000000     4.25496e+09 
    3271.000000      4.2503e+09 
    3272.000000     4.24565e+09 
    3273.000000       4.241e+09 
    3274.000000     4.23636e+09 
    3275.000000     4.23173e+09 
    3276.000000     4.22711e+09 
    3277.000000     4.22248e+09 
    3278.000000     4.21787e+09 
    3279.000000     4.21327e+09 
    3280.000000     4.20866e+09 
    3281.000000     4.20407e+09 
    3282.000000     4.19948e+09 
    3283.000000      4.1949e+09 
    3284.000000     4.19032e+09 
    3285.000000     4.18575e+09 
    3286.000000     4.18119e+09 
    3287.000000     4.17663e+09 
    3288.000000     4.17208e+09 
    3289.000000     4.16753e+09 
    3290.000000       4.163e+09 
    3291.000000     4.15846e+09 
    3292.000000     4.15394e+09 
    3293.000000     4.14942e+09 
    3294.000000      4.1449e+09 
    3295.000000     4.14039e+09 
    3296.000000     4.13589e+09 
    3297.000000      4.1314e+09 
    3298.000000     4.12691e+09 
    3299.000000     4.12242e+09 
    3300.000000     4.11794e+09 
    3301.000000     4.11347e+09 
    3302.000000     4.10901e+09 
    3303.000000     4.10454e+09 
    3304.000000     4.10009e+09 
    3305.000000     4.09564e+09 
    3306.000000      4.0912e+09 
    3307.000000     4.08677e+09 
    3308.000000     4.08234e+09 
    3309.000000     4.07792e+09 
    3310.000000      4.0735e+09 
    3311.000000     4.06908e+09 
    3312.000000     4.06468e+09 
    3313.000000     4.06028e+09 
    3314.000000     4.05588e+09 
    3315.000000      4.0515e+09 
    3316.000000     4.04712e+09 
    3317.000000     4.04274e+09 
    3318.000000     4.03837e+09 
    3319.000000     4.03401e+09 
    3320.000000     4.02965e+09 
    3321.000000     4.02529e+09 
    3322.000000     4.02095e+09 
    3323.000000     4.01661e+09 
    3324.000000     4.01227e+09 
    3325.000000     4.00794e+09 
    3326.000000     4.00362e+09 
    3327.000000      3.9993e+09 
    3328.000000     3.99499e+09 
    3329.000000     3.99069e+09 
    3330.000000     3.98639e+09 
    3331.000000     3.98209e+09 
    3332.000000     3.97781e+09 
    3333.000000     3.97352e+09 
    3334.000000     3.96924e+09 
    3335.000000     3.96497e+09 
    3336.000000     3.96071e+09 
    3337.214563     3.95554e+09 
    3338.000000     3.95219e+09 
    3339.000000     3.94795e+09 
    3340.000000      3.9437e+09 
    3341.000000     3.93947e+09 
    3342.000000     3.93524e+09 
    3343.000000     3.93101e+09 
    3344.000000     3.92679e+09 
    3345.000000     3.92258e+09 
    3346.000000     3.91837e+09 
    3347.000000     3.91417e+09 
    3348.000000     3.90997e+09 
    3349.000000     3.90578e+09 
    3350.000000     3.90159e+09 
    3351.000000     3.89741e+09 
    3352.000000     3.89324e+09 
    3353.000000     3.88907e+09 
    3354.000000     3.88491e+09 
    3355.000000     3.88075e+09 
    3356.000000      3.8766e+09 
    3357.000000     3.87245e+09 
    3358.000000     3.86831e+09 
    3359.000000     3.86417e+09 
    3360.000000     3.86004e+09 
    3361.000000     3.85592e+09 
    3362.000000      3.8518e+09 
    3363.000000     3.84768e+09 
    3364.000000     3.84358e+09 
    3365.000000     3.83947e+09 
    3366.000000     3.83538e+09 
    3367.000000     3.83129e+09 
    3368.000000      3.8272e+09 
    3369.000000     3.82312e+09 
    3370.000000     3.81904e+09 
    3371.000000     3.81497e+09 
    3372.000000     3.81091e+09 
    3373.000000     3.80685e+09 
    3374.000000      3.8028e+09 
    3375.000000     3.79875e+09 
    3376.000000     3.79471e+09 
    3377.000000     3.79067e+09 
    3378.000000     3.78664e+09 
    3379.000000     3.78261e+09 
    3380.000000     3.77859e+09 
    3381.000000     3.77457e+09 
    3382.000000     3.77057e+09 
    3383.000000     3.76656e+09 
    3384.000000     3.76256e+09 
    3385.000000     3.75857e+09 
    3386.000000     3.75458e+09 
    3387.000000      3.7506e+09 
    3388.000000     3.74662e+09 
    3389.000000     3.74264e+09 
    3390.000000     3.73867e+09 
    3391.000000     3.73471e+09 
    3392.000000     3.73075e+09 
    3393.000000     3.72681e+09 
    3394.000000     3.72286e+09 
    3395.000000     3.71891e+09 
    3396.000000     3.71498e+09 
    3397.000000     3.71105e+09 
    3398.000000     3.70712e+09 
    3399.000000      3.7032e+09 
    3400.000000     3.69929e+09 
    3401.000000     3.69537e+09 
    3402.000000     3.69147e+09 
    3403.000000     3.68757e+09 
    3404.000000     3.68367e+09 
    3405.000000     3.67979e+09 
    3406.000000      3.6759e+09 
    3407.000000     3.67202e+09 
    3408.000000     3.66815e+09 
    3409.000000     3.66428e+09 
    3410.000000     3.66041e+09 
    3411.000000     3.65656e+09 
    3412.000000      3.6527e+09 
    3413.000000     3.64885e+09 
    3414.000000     3.64501e+09 
    3415.000000     3.64117e+09 
    3416.000000     3.63734e+09 
    3417.000000     3.63351e+09 
    3418.000000     3.62968e+09 
    3419.000000     3.62587e+09 
    3420.000000     3.62205e+09 
    3421.000000     3.61824e+09 
    3421.868257     3.61494e+09 
    3423.000000     3.61079e+09 
    3424.000000       3.607e+09 
    3425.000000     3.60321e+09 
    3426.000000     3.59943e+09 
    3427.000000     3.59565e+09 
    3428.000000     3.59188e+09 
    3429.000000     3.58812e+09 
    3430.000000     3.58435e+09 
    3431.000000      3.5806e+09 
    3432.000000     3.57685e+09 
    3433.000000      3.5731e+09 
    3434.000000     3.56936e+09 
    3435.000000     3.56562e+09 
    3436.000000     3.56189e+09 
    3437.000000     3.55816e+09 
    3438.000000     3.55444e+09 
    3439.000000     3.55073e+09 
    3440.000000     3.54701e+09 
    3441.000000      3.5433e+09 
    3442.000000      3.5396e+09 
    3443.000000      3.5359e+09 
    3444.000000     3.53221e+09 
    3445.000000     3.52852e+09 
    3446.000000     3.52484e+09 
    3447.000000     3.52116e+09 
    3448.000000     3.51749e+09 
    3449.000000     3.51382e+09 
    3450.000000     3.51015e+09 
    3451.000000      3.5065e+09 
    3452.000000     3.50284e+09 
    3453.000000     3.49919e+09 
    3454.000000     3.49555e+09 
    3455.000000     3.49191e+09 
    3456.000000     3.48828e+09 
    3457.000000     3.48465e+09 
    3458.000000     3.48102e+09 
    3459.000000      3.4774e+09 
    3460.000000     3.47378e+09 
    3461.000000     3.47017e+09 
    3462.000000     3.46657e+09 
    3463.000000     3.46297e+09 
    3464.000000     3.45937e+09 
    3465.000000     3.45578e+09 
    3466.000000     3.45219e+09 
    3467.000000     3.44861e+09 
    3468.000000     3.44503e+09 
    3469.000000     3.44146e+09 
    3470.000000      3.4379e+09 
    3471.000000     3.43434e+09 
    3472.000000     3.43078e+09 
    3473.000000     3.42723e+09 
    3474.000000     3.42368e+09 
    3475.000000     3.42014e+09 
    3476.000000      3.4166e+09 
    3477.000000     3.41307e+09 
    3478.000000     3.40954e+09 
    3479.000000     3.40602e+09 
    3480.000000     3.40251e+09 
    3481.000000       3.399e+09 
    3482.000000     3.39549e+09 
    3483.000000     3.39199e+09 
    3484.000000     3.38849e+09 
    3485.000000       3.385e+09 
    3486.000000     3.38152e+09 
    3487.000000     3.37804e+09 
    3488.000000     3.37456e+09 
    3489.000000     3.37109e+09 
    3490.000000     3.36763e+09 
    3491.000000     3.36417e+09 
    3492.000000     3.36071e+09 
    3493.000000     3.35726e+09 
    3494.000000     3.35382e+09 
    3495.000000     3.35038e+09 
    3496.000000     3.34694e+09 
    3497.000000     3.34352e+09 
    3498.000000     3.34009e+09 
    3499.000000     3.33667e+09 
    3500.000000     3.33325e+09 
    3501.000000     3.32985e+09 
    3502.000000     3.32644e+09 
    3503.000000     3.32304e+09 
    3504.000000     3.31965e+09 
    3505.000000     3.31627e+09 
    3506.000000     3.31288e+09 
    3507.000000      3.3095e+09 
    3508.000000     3.30613e+09 
    3509.000000     3.30276e+09 
    3510.000000      3.2994e+09 
    3511.000000     3.29604e+09 
    3512.000000     3.29269e+09 
    3513.000000     3.28934e+09 
    3514.000000     3.28599e+09 
    3515.000000     3.28266e+09 
    3516.000000     3.27932e+09 
    3517.000000     3.27599e+09 
    3518.000000     3.27267e+09 
    3519.000000     3.26935e+09 
    3520.000000     3.26603e+09 
    3521.000000     3.26272e+09 
    3522.000000     3.25941e+09 
    3523.000000     3.25612e+09 
    3524.000000     3.25282e+09 
    3525.000000     3.24953e+09 
    3526.000000     3.24624e+09 
    3527.000000     3.24295e+09 
    3528.000000     3.23967e+09 
    3529.000000      3.2364e+09 
    3530.000000     3.23313e+09 
    3531.000000     3.22986e+09 
    3532.000000      3.2266e+09 
    3533.000000     3.22334e+09 
    3534.000000     3.22009e+09 
    3535.000000     3.21684e+09 
    3535.974418     3.21368e+09 
    3537.000000     3.21035e+09 
    3538.000000     3.20711e+09 
    3539.000000     3.20388e+09 
    3540.000000     3.20065e+09 
    3541.000000     3.19742e+09 
    3542.000000      3.1942e+09 
    3543.000000     3.19098e+09 
    3544.000000     3.18777e+09 
    3545.000000     3.18456e+09 
    3546.000000     3.18135e+09 
    3547.000000     3.17815e+09 
    3548.000000     3.17495e+09 
    3549.000000     3.17176e+09 
    3550.000000     3.16857e+09 
    3551.000000     3.16538e+09 
    3552.000000     3.16219e+09 
    3553.000000     3.15901e+09 
    3554.000000     3.15584e+09 
    3555.000000     3.15266e+09 
    3556.000000     3.14949e+09 
    3557.000000     3.14632e+09 
    3558.000000     3.14316e+09 
    3559.000000        3.14e+09 
    3560.000000     3.13685e+09 
    3561.000000      3.1337e+09 
    3562.000000     3.13055e+09 
    3563.000000      3.1274e+09 
    3564.000000     3.12426e+09 
    3565.000000     3.12112e+09 
    3566.000000     3.11799e+09 
    3567.000000     3.11486e+09 
    3568.000000     3.11173e+09 
    3569.000000     3.10861e+09 
    3570.000000     3.10549e+09 
    3571.000000     3.10237e+09 
    3572.000000     3.09925e+09 
    3573.000000     3.09614e+09 
    3574.000000     3.09304e+09 
    3574.890487     3.09027e+09 
    3576.000000     3.08683e+09 
    3577.000000     3.08374e+09 
    3578.000000     3.08064e+09 
    3579.000000     3.07755e+09 
    3580.000000     3.07447e+09 
    3581.000000     3.07139e+09 
    3582.000000     3.06831e+09 
    3583.000000     3.06523e+09 
    3584.000000     3.06216e+09 
    3585.000000     3.05909e+09 
    3586.000000     3.05602e+09 
    3587.000000     3.05296e+09 
    3588.000000     3.04991e+09 
    3589.000000     3.04685e+09 
    3590.000000      3.0438e+09 
    3591.000000     3.04075e+09 
    3592.000000     3.03771e+09 
    3593.000000     3.03467e+09 
    3594.000000     3.03163e+09 
    3595.000000      3.0286e+09 
    3596.000000     3.02557e+09 
    3597.000000     3.02254e+09 
    3597.591166     3.02075e+09 
    3599.000000      3.0165e+09 
    3600.000000     3.01348e+09 
    3601.000000     3.01047e+09 
    3602.000000     3.00745e+09 
    3603.000000     3.00445e+09 
    3604.000000     3.00144e+09 
    3605.000000     2.99844e+09 
    3606.111700     2.99511e+09 
    3607.000000     2.99245e+09 
    3608.000000     2.98946e+09 
    3609.000000     2.98647e+09 
    3610.387120     2.98232e+09 
    3611.000000     2.98047e+09 
    3612.000000     2.97745e+09 
    3612.528634     2.97582e+09 
    3613.600344     2.97214e+09 
    3614.136437     2.96836e+09 
    3614.404544     2.95135e+09 
    3614.538612     2.89142e+09 
    3614.605650     2.85084e+09 
    3614.632466     2.83995e+09 
    3614.645874     2.83643e+09 
    3614.659282     2.83424e+09 
    3614.672690     2.83321e+09 
    3614.686098     2.83416e+09 
    3614.699507     2.83629e+09 
    3614.712915     2.83973e+09 
    3614.739733     2.85047e+09 
    3614.806778     2.89067e+09 
    3614.940876     2.94978e+09 
    3615.209102     2.96519e+09 
    3615.745673     2.96578e+09 
    3616.819292      2.9631e+09 
    3618.000000     2.95971e+09 
    3618.968446     2.95688e+09 
    3620.000000     2.95385e+09 
    3621.000000     2.95091e+09 
    3622.000000     2.94798e+09 
    3623.274425     2.94423e+09 
    3624.000000     2.94211e+09 
    3625.000000     2.93918e+09 
    3626.000000     2.93625e+09 
    3627.000000     2.93333e+09 
    3628.000000     2.93041e+09 
    3629.000000      2.9275e+09 
    3630.000000     2.92458e+09 
    3631.000000     2.92167e+09 
    3631.917195     2.91901e+09 
    3633.000000     2.91587e+09 
    3634.000000     2.91297e+09 
    3635.000000     2.91008e+09 
    3636.000000     2.90719e+09 
    3637.000000     2.90431e+09 
    3638.000000     2.90142e+09 
    3639.000000     2.89854e+09 
    3640.000000     2.89567e+09 
    3641.000000     2.89279e+09 
    3642.000000     2.88993e+09 
    3643.000000     2.88706e+09 
    3644.000000      2.8842e+09 
    3645.000000     2.88134e+09 
    3645.507901     2.87989e+09 
    3647.018119     2.87558e+09 
    3648.000000     2.87293e+09 
    3649.000000     2.87023e+09 
    3650.000000     2.86753e+09 
    3651.000000     2.86484e+09 
    3652.000000     2.86215e+09 
    3653.000000     2.85946e+09 
    3654.000000     2.85678e+09 
    3655.350268     2.85316e+09 
    3656.000000     2.85142e+09 
    3657.000000     2.84875e+09 
    3658.000000     2.84607e+09 
    3659.000000      2.8434e+09 
    3660.000000     2.84074e+09 
    3661.000000     2.83808e+09 
    3662.000000     2.83542e+09 
    3663.000000     2.83276e+09 
    3664.000000      2.8301e+09 
    3665.000000     2.82745e+09 
    3666.000000     2.82481e+09 
    3667.000000     2.82216e+09 
    3668.000000     2.81952e+09 
    3669.000000     2.81688e+09 
    3670.000000     2.81425e+09 
    3671.000000     2.81161e+09 
    3672.000000     2.80899e+09 
    3673.000000     2.80636e+09 
    3674.000000     2.80374e+09 
    3675.000000     2.80112e+09 
    3676.000000      2.7985e+09 
    3677.000000     2.79589e+09 
    3678.224692      2.7927e+09 
    3679.000000     2.79065e+09 
    3679.742837     2.78872e+09 
    3681.000000     2.78548e+09 
    3682.000000     2.78289e+09 
    3683.000000      2.7803e+09 
    3684.000000     2.77772e+09 
    3685.000000     2.77515e+09 
    3686.000000     2.77257e+09 
    3687.000000     2.77001e+09 
    3688.101322     2.76719e+09 
    3689.000000     2.76481e+09 
    3690.000000     2.76226e+09 
    3691.000000     2.75971e+09 
    3692.000000     2.75717e+09 
    3693.000000     2.75464e+09 
    3694.000000     2.75211e+09 
    3695.000000      2.7496e+09 
    3695.543867     2.74823e+09 
    3696.953793     2.74467e+09 
    3698.000000     2.74207e+09 
    3699.000000     2.73957e+09 
    3700.417699     2.73603e+09 
    3701.000000     2.73437e+09 
    3702.000000     2.73188e+09 
    3703.000000     2.72937e+09 
    3704.264760     2.72619e+09 
    3705.467002     2.72313e+09 
    3706.000000     2.72177e+09 
    3707.000000     2.71922e+09 
    3708.000000     2.71661e+09 
    3708.640659     2.71487e+09 
    3710.000000     2.71118e+09 
    3710.832489     2.70881e+09 
    3711.929375     2.70563e+09 
    3712.478061     2.70389e+09 
    3712.752465     2.70248e+09 
    3712.889683     2.70143e+09 
    3712.944572     2.70107e+09 
    3712.972018     2.70095e+09 
    3712.999464     2.70085e+09 
    3713.026910     2.70071e+09 
    3713.054357     2.70072e+09 
    3713.081804     2.70069e+09 
    3713.109251     2.70069e+09 
    3713.164148     2.70078e+09 
    3713.301395     2.70117e+09 
    3713.575921     2.70121e+09 
    3714.125094     2.70022e+09 
    3714.211312     2.70004e+09 
    3715.223928     2.69795e+09 
    3716.057559     2.69611e+09 
    3717.423548     2.69242e+09 
    3717.841371     2.69135e+09 
    3718.598962     2.68929e+09 
    3720.000000      2.6853e+09 
    3720.796676     2.68271e+09 
    3721.830611     2.67926e+09 
    3721.896508     2.67903e+09 
    3722.446668     2.67678e+09 
    3722.721808     2.67414e+09 
    3722.859394     2.67194e+09 
    3722.914431     2.67123e+09 
    3722.941950     2.67102e+09 
    3722.969470     2.67085e+09 
    3722.996990     2.67061e+09 
    3723.024510     2.67072e+09 
    3723.052031     2.67077e+09 
    3723.079552     2.67085e+09 
    3723.134596      2.6713e+09 
    3723.272212     2.67285e+09 
    3723.547475     2.67426e+09 
    3723.979606     2.67413e+09 
    3724.098123       2.674e+09 
    3725.199908     2.67243e+09 
    3726.000000     2.67127e+09 
    3726.614882     2.67018e+09 
    3727.405434      2.6687e+09 
    3728.000000     2.66731e+09 
    3729.000000     2.66484e+09 
    3730.000000     2.66219e+09 
    3730.676159     2.66014e+09 
    3731.017184     2.65899e+09 
    3731.824330     2.65604e+09 
    3733.222238     2.65059e+09 
    3733.554873     2.64916e+09 
    3734.325743     2.64553e+09 
    3734.877740     2.64164e+09 
    3735.153800     2.63556e+09 
    3735.291845     2.63053e+09 
    3735.347066     2.62889e+09 
    3735.374677     2.62841e+09 
    3735.402288     2.62806e+09 
    3735.429900     2.62759e+09 
    3735.457512     2.62795e+09 
    3735.485125     2.62819e+09 
    3735.512738     2.62857e+09 
    3735.567966        2.63e+09 
    3735.706041      2.6345e+09 
    3735.982223     2.63951e+09 
    3736.349216     2.64094e+09 
    3736.534710     2.64009e+09 
    3737.640174      2.6406e+09 
    3739.000000     2.64007e+09 
    3739.853066     2.63947e+09 
    3740.693630     2.63835e+09 
    3742.365466     2.63517e+09 
    3743.000000     2.63355e+09 
    3744.286719     2.62971e+09 
    3745.000000      2.6272e+09 
    3746.000000     2.62282e+09 
    3746.786374     2.61893e+09 
    3748.493994      2.6092e+09 
    3749.000748     2.60571e+09 
    3750.108916     2.59726e+09 
    3750.663246      2.5888e+09 
    3750.940473     2.57278e+09 
    3751.079101     2.56106e+09 
    3751.134555     2.55772e+09 
    3751.162283       2.557e+09 
    3751.190011     2.55645e+09 
    3751.217740     2.55506e+09 
    3751.245469     2.55636e+09 
    3751.273198     2.55682e+09 
    3751.300928     2.55745e+09 
    3751.356389     2.56062e+09 
    3751.495048     2.57191e+09 
    3751.772398     2.58706e+09 
    3752.327220     2.59364e+09 
    3753.185638     2.59731e+09 
    3753.437356     2.59832e+09 
    3753.942074     2.60016e+09 
    3755.000000     2.60275e+09 
    3755.659600     2.60413e+09 
    3757.000000     2.60575e+09 
    3758.000000     2.60581e+09 
    3758.559309     2.60567e+09 
    3760.111993     2.60351e+09 
    3761.000000     2.60147e+09 
    3762.000000     2.59842e+09 
    3762.800777     2.59517e+09 
    3763.368062     2.59275e+09 
    3764.000000     2.58748e+09 
    3765.221295     2.57956e+09 
    3766.000000      2.5733e+09 
    3767.245826     2.56216e+09 
    3768.000000     2.55397e+09 
    3769.048522      2.5415e+09 
    3769.472292     2.53611e+09 
    3770.000000      2.5292e+09 
    3770.586511     2.52081e+09 
    3771.110979     2.50343e+09 
    3771.143868     2.50094e+09 
    3771.422609     2.46405e+09 
    3771.561994     2.43778e+09 
    3771.617751     2.42981e+09 
    3771.645630     2.42764e+09 
    3771.673510     2.42611e+09 
    3771.701390     2.42382e+09 
    3771.729270     2.42603e+09 
    3771.757151     2.42747e+09 
    3771.785032     2.42955e+09 
    3771.840796     2.43735e+09 
    3771.980213     2.46318e+09 
    3772.259077     2.49923e+09 
    3772.816928     2.51792e+09 
    3773.933126     2.53074e+09 
    3775.000000     2.54101e+09 
    3776.167505      2.5509e+09 
    3777.000000     2.55681e+09 
    3778.000000     2.56164e+09 
    3779.000000     2.56638e+09 
    3780.000000     2.56954e+09 
    3780.644210     2.56985e+09 
    3781.088140     2.57085e+09 
    3782.000000     2.57194e+09 
    3783.000000     2.57108e+09 
    3784.000000     2.57021e+09 
    3785.000000     2.56762e+09 
    3786.000000      2.5645e+09 
    3787.049626     2.55993e+09 
    3788.000000      2.5548e+09 
    3789.000000     2.54732e+09 
    3789.629538     2.54248e+09 
    3790.010904     2.53863e+09 
    3791.000000     2.52803e+09 
    3792.000000     2.51559e+09 
    3793.000000     2.50045e+09 
    3794.488097      2.4734e+09 
    3795.000000     2.46312e+09 
    3796.000000      2.4404e+09 
    3796.730662     2.42247e+09 
    3796.930147     2.41741e+09 
    3797.024036     2.41368e+09 
    3797.117929      2.4113e+09 
    3797.211827     2.40893e+09 
    3797.305730     2.40656e+09 
    3797.399637      2.4042e+09 
    3797.493549     2.40183e+09 
    3797.587466     2.39941e+09 
    3797.681388     2.39831e+09 
    3797.852939     2.39349e+09 
    3798.414327     2.35789e+09 
    3798.695083     2.28978e+09 
    3798.835476     2.24509e+09 
    3798.891636     2.23268e+09 
    3798.919717     2.22958e+09 
    3798.947798     2.22737e+09 
    3798.975880     2.22361e+09 
    3799.003962     2.22729e+09 
    3799.032044      2.2294e+09 
    3799.060127     2.23242e+09 
    3799.116294     2.24465e+09 
    3799.256719     2.28893e+09 
    3799.537599     2.35631e+09 
    3800.099485     2.39055e+09 
    3800.512731     2.40062e+09 
    3801.223755     2.41679e+09 
    3802.000000     2.43376e+09 
    3803.474291     2.46263e+09 
    3804.000000     2.47177e+09 
    3805.057697     2.48753e+09 
    3806.000000     2.49986e+09 
    3807.000000     2.51102e+09 
    3807.728937      2.5181e+09 
    3807.983369     2.52033e+09 
    3809.000000     2.52694e+09 
    3810.000000     2.53369e+09 
    3811.000000     2.53704e+09 
    3812.000000      2.5402e+09 
    3813.000000     2.54265e+09 
    3814.087710     2.54359e+09 
    3814.182023     2.53953e+09 
    3814.276340     2.53938e+09 
    3814.370663     2.53923e+09 
    3814.464990      2.5391e+09 
    3814.559322     2.53896e+09 
    3814.653658     2.53884e+09 
    3814.747999     2.53878e+09 
    3814.842345     2.54272e+09 
    3816.000000     2.54441e+09 
    3817.033673     2.54042e+09 
    3817.902940     2.54007e+09 
    3818.407707     2.53887e+09 
    3819.000000     2.53535e+09 
    3820.000000     2.53102e+09 
    3821.000000     2.52667e+09 
    3822.000000     2.51972e+09 
    3823.000000     2.51172e+09 
    3824.000000     2.50298e+09 
    3825.000000     2.49079e+09 
    3826.000000     2.47838e+09 
    3827.418539     2.45553e+09 
    3828.000000     2.44358e+09 
    3829.000000      2.4227e+09 
    3830.000000     2.39785e+09 
    3831.000000     2.36944e+09 
    3831.939922     2.33916e+09 
    3833.000000     2.30111e+09 
    3834.204622     2.25357e+09 
    3834.381842      2.2461e+09 
    3834.476657      2.2392e+09 
    3834.571477     2.23533e+09 
    3834.666301     2.23141e+09 
    3834.761130      2.2274e+09 
    3834.855964     2.22357e+09 
    3834.950802     2.21961e+09 
    3835.045645     2.21566e+09 
    3835.140493     2.21456e+09 
    3835.263955     2.21005e+09 
    3835.337976     2.20683e+09 
    3835.904904     2.16758e+09 
    3836.188431     2.09146e+09 
    3836.330210     2.04004e+09 
    3836.386925     2.02666e+09 
    3836.415283     2.02301e+09 
    3836.443641     2.02058e+09 
    3836.472000     2.01774e+09 
    3836.500359     2.02048e+09 
    3836.528719     2.02282e+09 
    3836.557079     2.02638e+09 
    3836.613800     2.03955e+09 
    3836.755611     2.09048e+09 
    3837.039264     2.16561e+09 
    3837.606695     2.20296e+09 
    3838.742061     2.24666e+09 
    3840.000000     2.29199e+09 
    3841.014811       2.325e+09 
    3842.000000     2.35352e+09 
    3843.000000     2.37891e+09 
    3844.000000     2.40083e+09 
    3845.000000     2.41877e+09 
    3845.568393     2.42894e+09 
    3846.935230     2.44816e+09 
    3848.000000     2.45874e+09 
    3849.000000     2.46886e+09 
    3850.000000     2.47602e+09 
    3851.000000     2.48214e+09 
    3852.000000     2.48681e+09 
    3853.000000     2.49096e+09 
    3853.688161     2.49149e+09 
    3854.708024     2.49593e+09 
    3856.000000     2.49597e+09 
    3857.000000     2.49873e+09 
    3858.000000     2.49796e+09 
    3858.641792      2.4969e+09 
    3858.737207     2.48208e+09 
    3858.832627     2.48205e+09 
    3858.928051     2.48208e+09 
    3859.023480     2.48214e+09 
    3859.118914     2.48231e+09 
    3859.214352     2.48248e+09 
    3859.309795      2.4827e+09 
    3859.405243     2.49783e+09 
    3860.000000      2.4984e+09 
    3861.000000     2.49627e+09 
    3862.000000     2.49411e+09 
    3863.000000     2.49387e+09 
    3864.000000     2.49144e+09 
    3865.000000     2.48731e+09 
    3866.000000     2.48625e+09 
    3867.000000     2.48269e+09 
    3868.000000     2.47652e+09 
    3869.000000     2.47506e+09 
    3870.000000     2.46765e+09 
    3871.363403     2.46211e+09 
    3871.833518     2.45776e+09 
    3873.118240     2.44833e+09 
    3874.000000     2.44011e+09 
    3875.000000     2.43002e+09 
    3876.000000     2.41785e+09 
    3877.000000      2.4058e+09 
    3878.000000     2.38763e+09 
    3879.000000     2.37315e+09 
    3879.506490     2.36001e+09 
    3880.532339     2.33982e+09 
    3880.970426      2.3263e+09 
    3882.000000     2.30018e+09 
    3883.000000     2.26907e+09 
    3884.000000     2.23345e+09 
    3885.133114     2.18703e+09 
    3885.555071      2.1691e+09 
    3887.437594     2.07653e+09 
    3887.851457     2.05404e+09 
    3887.996069     2.04609e+09 
    3888.092209     2.03616e+09 
    3888.188355     2.03098e+09 
    3888.284505     2.02575e+09 
    3888.380660     2.02033e+09 
    3888.476820      2.0147e+09 
    3888.572984     2.00943e+09 
    3888.590860     2.00841e+09 
    3888.669153     2.00391e+09 
    3888.765327     2.00171e+09 
    3889.000669     1.98786e+09 
    3889.167749      1.9779e+09 
    3889.456258     1.95178e+09 
    3889.575529     1.90108e+09 
    3889.600529     1.88731e+09 
    3889.672668     1.85407e+09 
    3889.701525     1.84572e+09 
    3889.715953     1.84286e+09 
    3889.730381     1.84094e+09 
    3889.744810     1.83993e+09 
    3889.759239     1.83981e+09 
    3889.773668     1.84056e+09 
    3889.788096     1.84198e+09 
    3889.816955     1.84682e+09 
    3889.863023      1.8566e+09 
    3889.889102     1.86122e+09 
    3890.006786     1.85641e+09 
    3890.033405     1.85223e+09 
    3890.064295     1.84788e+09 
    3890.093049     1.84483e+09 
    3890.121804     1.84288e+09 
    3890.150560     1.84176e+09 
    3890.179316      1.8429e+09 
    3890.208072     1.84495e+09 
    3890.236829     1.84832e+09 
    3890.294344     1.85925e+09 
    3890.322042     1.86645e+09 
    3890.438139     1.90113e+09 
    3890.725761     1.95038e+09 
    3890.899445     1.96164e+09 
    3891.301131     1.98417e+09 
    3892.054766     2.02534e+09 
    3892.452383     2.04613e+09 
    3893.000000      2.0735e+09 
    3894.367468      2.1356e+09 
    3894.756932     2.15251e+09 
    3896.000000     2.19863e+09 
    3897.441796      2.2458e+09 
    3898.000000     2.25874e+09 
    3899.001126     2.28455e+09 
    3899.374227     2.29157e+09 
    3900.000000     2.30699e+09 
    3901.000000     2.32318e+09 
    3902.000000     2.33785e+09 
    3903.000000     2.35296e+09 
    3904.000000     2.35949e+09 
    3905.000000     2.37226e+09 
    3906.000000     2.37549e+09 
    3907.000000     2.38517e+09 
    3908.301601       2.388e+09 
    3908.641736     2.39103e+09 
    3910.471327     2.39513e+09 
    3911.000000      2.3982e+09 
    3912.000000     2.39952e+09 
    3913.000000     2.39943e+09 
    3914.000000     2.40239e+09 
    3915.000000      2.4011e+09 
    3916.000000     2.40118e+09 
    3917.000000     2.40231e+09 
    3918.000000     2.40076e+09 
    3919.000000     2.39991e+09 
    3920.000000     2.40006e+09 
    3921.000000     2.39879e+09 
    3922.203389     2.39684e+09 
    3923.000000     2.39602e+09 
    3924.228805     2.39466e+09 
    3924.325841     2.34213e+09 
    3924.422883      2.3418e+09 
    3924.519929     2.34155e+09 
    3924.616980     2.34099e+09 
    3924.714036      2.3412e+09 
    3924.811096     2.34117e+09 
    3924.908162     2.34115e+09 
    3925.005232     2.39334e+09 
    3926.000000     2.39152e+09 
    3927.309541     2.38943e+09 
    3928.000000     2.38823e+09 
    3929.000000     2.38636e+09 
    3930.000000     2.38439e+09 
    3931.000000     2.38233e+09 
    3932.000000     2.38027e+09 
    3933.000000     2.37806e+09 
    3933.517901     2.37692e+09 
    3933.972536     2.37587e+09 
    3935.000000     2.37347e+09 
    3936.000000     2.37104e+09 
    3937.000000     2.36846e+09 
    3938.000000     2.36588e+09 
    3939.000000     2.36296e+09 
    3940.000000     2.36008e+09 
    3941.000000     2.35725e+09 
    3942.000000     2.35404e+09 
    3943.000000      2.3501e+09 
    3944.000000     2.34687e+09 
    3945.000000     2.34338e+09 
    3946.000000     2.33797e+09 
    3947.109517     2.33389e+09 
    3948.000000     2.33003e+09 
    3949.000000     2.32234e+09 
    3950.000000     2.31897e+09 
    3951.000000     2.31009e+09 
    3952.495917     2.30197e+09 
    3953.000000     2.29553e+09 
    3954.000000     2.28611e+09 
    3955.000000     2.27566e+09 
    3956.457851     2.26134e+09 
    3957.000000     2.24861e+09 
    3958.000000     2.23916e+09 
    3959.000000     2.21626e+09 
    3960.000000      2.1978e+09 
    3961.148642     2.17481e+09 
    3961.823175     2.15253e+09 
    3963.498212     2.10529e+09 
    3964.000000     2.08293e+09 
    3964.674042     2.06134e+09 
    3965.185259     2.03864e+09 
    3965.262219     2.03601e+09 
    3965.556373     2.01915e+09 
    3965.703466     1.97874e+09 
    3965.777017      1.9513e+09 
    3965.806438     1.94385e+09 
    3965.821148      1.9413e+09 
    3965.835859     1.93958e+09 
    3965.850570      1.9387e+09 
    3965.865281     1.93875e+09 
    3965.879992      1.9396e+09 
    3965.894703     1.94126e+09 
    3965.924126     1.94674e+09 
    3965.997685     1.96817e+09 
    3966.144811     1.99279e+09 
    3966.439096     1.98295e+09 
    3966.503332     1.97914e+09 
    3967.027797     1.95352e+09 
    3968.205722     1.88794e+09 
    3968.847560     1.84787e+09 
    3969.187617     1.82614e+09 
    3969.285766     1.81635e+09 
    3969.383919     1.81021e+09 
    3969.482077      1.8038e+09 
    3969.580240      1.7965e+09 
    3969.678408     1.79026e+09 
    3969.776580     1.78339e+09 
    3969.874758     1.77599e+09 
    3969.972940     1.77107e+09 
    3970.020713     1.76747e+09 
    3970.563673     1.72534e+09 
    3970.607550     1.72193e+09 
    3970.901033     1.69439e+09 
    3971.047791     1.66946e+09 
    3971.106497     1.66199e+09 
    3971.135851      1.6597e+09 
    3971.165205     1.65819e+09 
    3971.194560     1.65759e+09 
    3971.223915     1.65811e+09 
    3971.253271     1.65953e+09 
    3971.282627     1.66174e+09 
    3971.341340     1.66905e+09 
    3971.488130     1.69356e+09 
    3971.781744     1.72024e+09 
    3972.369101       1.764e+09 
    3973.000000     1.80714e+09 
    3973.544338     1.84059e+09 
    3975.287993     1.93585e+09 
    3975.896897     1.96367e+09 
    3977.000000     2.01095e+09 
    3978.287403     2.05446e+09 
    3979.000000     2.08009e+09 
    3980.000000     2.10786e+09 
    3980.610384      2.1183e+09 
    3982.000000     2.14628e+09 
    3983.000000      2.1683e+09 
    3984.000000     2.17903e+09 
    3984.770438     2.19001e+09 
    3986.000000     2.20415e+09 
    3987.000000     2.20678e+09 
    3988.000000     2.21902e+09 
    3989.000000     2.21954e+09 
    3990.070965     2.22888e+09 
    3991.000000     2.22828e+09 
    3992.000000     2.23427e+09 
    3993.000000     2.23518e+09 
    3994.000000     2.23598e+09 
    3995.000000     2.23906e+09 
    3996.000000     2.23842e+09 
    3997.000000     2.23888e+09 
    3998.000000     2.23993e+09 
    3999.000000     2.23916e+09 
    4000.000000     2.23855e+09 
    4001.000000      2.2385e+09 
    4002.000000     2.23765e+09 
    4003.000000     2.23659e+09 
    4004.000000      2.2356e+09 
    4005.000000     2.23464e+09 
    4006.000000     2.23337e+09 
    4007.000000      2.2321e+09 
    4008.315101     2.23027e+09 
    4009.127679     2.22905e+09 
    4010.480115     2.22699e+09 
    4011.000000     2.22627e+09 
    4012.000000     2.22467e+09 
    4013.000000     2.22304e+09 
    4014.000000     2.22137e+09 
    4015.000000     2.21967e+09 
    4016.000000     2.21802e+09 
    4017.000000     2.21626e+09 
    4017.808393     2.21481e+09 
    4019.000000     2.21262e+09 
    4020.000000     2.21073e+09 
    4021.000000     2.20876e+09 
    4022.000000     2.20674e+09 
    4022.571922     2.20546e+09 
    4024.000000      2.2016e+09 
    4024.957925     2.19746e+09 
    4026.151988     2.18117e+09 
    4026.366262     2.17206e+09 
    4026.465824     2.07264e+09 
    4026.565391     2.06774e+09 
    4026.664963     2.06022e+09 
    4026.692496     2.05717e+09 
    4026.749285      2.0503e+09 
    4026.764540     2.04815e+09 
    4026.864122     2.03321e+09 
    4026.963709     1.99795e+09 
    4027.048001     1.93221e+09 
    4027.063301     1.91503e+09 
    4027.162897     1.78656e+09 
    4027.197375     1.74019e+09 
    4027.272066      1.6695e+09 
    4027.301943     1.65428e+09 
    4027.316882     1.64954e+09 
    4027.331821     1.64668e+09 
    4027.346760     1.64564e+09 
    4027.361699     1.64664e+09 
    4027.376638     1.64946e+09 
    4027.391578     1.65416e+09 
    4027.421457     1.66929e+09 
    4027.496156     1.73976e+09 
    4027.645564      1.9579e+09 
    4027.944412     2.12711e+09 
    4028.542241     2.17549e+09 
    4029.738432     2.18714e+09 
    4031.000000     2.18746e+09 
    4032.132947     2.18613e+09 
    4033.000000      2.1848e+09 
    4034.000000     2.18309e+09 
    4035.000000     2.18132e+09 
    4036.000000     2.17947e+09 
    4036.930523     2.17771e+09 
    4038.000000     2.17566e+09 
    4039.000000     2.17373e+09 
    4040.000000     2.17178e+09 
    4041.000000     2.16982e+09 
    4042.000000     2.16785e+09 
    4043.000000     2.16586e+09 
    4044.000000     2.16387e+09 
    4045.000000     2.16187e+09 
    4046.000000     2.15986e+09 
    4046.560008      2.1588e+09 
    4047.792466     2.15744e+09 
    4049.000000     2.15493e+09 
    4050.000000      2.1528e+09 
    4051.000000      2.1507e+09 
    4052.000000     2.14859e+09 
    4053.000000     2.14646e+09 
    4054.000000     2.14433e+09 
    4055.000000     2.14218e+09 
    4056.125565     2.13968e+09 
    4057.000000     2.13778e+09 
    4058.000000     2.13558e+09 
    4059.000000     2.13336e+09 
    4060.000000     2.13112e+09 
    4061.000000     2.12875e+09 
    4062.000000     2.12647e+09 
    4063.000000     2.12414e+09 
    4064.434703     2.12072e+09 
    4065.000000     2.11921e+09 
    4066.000000     2.11677e+09 
    4067.000000     2.11428e+09 
    4068.000000     2.11171e+09 
    4069.000000     2.10907e+09 
    4070.000000     2.10618e+09 
    4070.954897     2.10351e+09 
    4072.000000     2.10046e+09 
    4073.000000     2.09723e+09 
    4074.000000     2.09406e+09 
    4075.000000     2.09066e+09 
    4076.000000     2.08719e+09 
    4077.000000     2.08331e+09 
    4078.000000     2.07898e+09 
    4079.000000     2.07481e+09 
    4080.000000     2.07015e+09 
    4081.000000     2.06417e+09 
    4082.000000     2.05919e+09 
    4083.000000     2.05204e+09 
    4083.572374     2.04741e+09 
    4085.000000     2.03773e+09 
    4086.000000     2.02754e+09 
    4087.000000     2.01805e+09 
    4088.000000     2.00693e+09 
    4089.000000     1.99053e+09 
    4090.000000     1.98141e+09 
    4091.000000     1.96056e+09 
    4092.000000     1.93664e+09 
    4093.208953       1.909e+09 
    4094.000000     1.89703e+09 
    4095.000000     1.86798e+09 
    4096.000000     1.83416e+09 
    4097.000000     1.79546e+09 
    4098.044317     1.74502e+09 
    4099.000000     1.70276e+09 
    4100.466286     1.61935e+09 
    4100.817557     1.59639e+09 
    4100.918960     1.58796e+09 
    4101.020368     1.58096e+09 
    4101.121782     1.57371e+09 
    4101.223200      1.5671e+09 
    4101.324623     1.55986e+09 
    4101.426052     1.55217e+09 
    4101.527485     1.54468e+09 
    4101.628923     1.53656e+09 
    4101.678345     1.53277e+09 
    4102.284643      1.4762e+09 
    4102.518817     1.45207e+09 
    4102.587859     1.44532e+09 
    4102.739484     1.43216e+09 
    4102.800137     1.42899e+09 
    4102.830464     1.42806e+09 
    4102.860792     1.42762e+09 
    4102.891120     1.42746e+09 
    4102.921449     1.42755e+09 
    4102.951778     1.42792e+09 
    4102.982107     1.42878e+09 
    4103.042767      1.4318e+09 
    4103.194426      1.4446e+09 
    4103.497777     1.47473e+09 
    4104.104613     1.52973e+09 
    4105.318823     1.61292e+09 
    4106.000000     1.65097e+09 
    4107.000000      1.6981e+09 
    4107.749401     1.73108e+09 
    4109.000000     1.78459e+09 
    4110.000000     1.81697e+09 
    4111.000000     1.84629e+09 
    4112.235222     1.87455e+09 
    4112.619201     1.87784e+09 
    4114.000000     1.90478e+09 
    4115.000000     1.92105e+09 
    4116.000000     1.93915e+09 
    4117.110704      1.9474e+09 
    4118.000000      1.9553e+09 
    4119.000000     1.96446e+09 
    4119.552782     1.96796e+09 
    4120.774909     1.97213e+09 
    4121.386244     1.97378e+09 
    4121.691979      1.9543e+09 
    4121.844864     1.87997e+09 
    4121.921311       1.833e+09 
    4121.951890     1.82087e+09 
    4121.967180     1.81699e+09 
    4121.982470     1.81459e+09 
    4121.997760     1.81357e+09 
    4122.013050     1.81458e+09 
    4122.028341     1.81697e+09 
    4122.043631     1.82085e+09 
    4122.074212     1.83298e+09 
    4122.150667     1.88002e+09 
    4122.303586     1.95473e+09 
    4122.393523     1.96821e+09 
    4122.609458     1.97608e+09 
    4123.221337     1.98164e+09 
    4124.445642     1.98462e+09 
    4125.000000     1.98532e+09 
    4126.000000      1.9874e+09 
    4126.896432     1.98802e+09 
    4128.000000     1.98863e+09 
    4129.000000     1.98913e+09 
    4130.000000     1.98901e+09 
    4131.000000     1.98892e+09 
    4131.806762     1.98861e+09 
    4133.000000     1.98797e+09 
    4134.000000     1.98742e+09 
    4135.000000     1.98659e+09 
    4136.000000     1.98566e+09 
    4137.000000     1.98462e+09 
    4138.000000      1.9837e+09 
    4139.000000     1.98254e+09 
    4140.000000     1.98132e+09 
    4141.000000     1.98005e+09 
    4141.662559     1.97931e+09 
    4142.082214     1.97876e+09 
    4143.000000     1.97752e+09 
    4144.000000     1.97614e+09 
    4145.000000     1.97473e+09 
    4146.000000     1.97328e+09 
    4147.000000      1.9719e+09 
    4148.000000     1.97042e+09 
    4149.000000     1.96891e+09 
    4150.000000     1.96739e+09 
    4151.000000     1.96586e+09 
    4152.000000     1.96436e+09 
    4153.000000     1.96279e+09 
    4154.000000     1.96122e+09 
    4155.000000     1.95964e+09 
    4156.000000     1.95804e+09 
    4157.000000     1.95644e+09 
    4158.000000     1.95483e+09 
    4159.000000     1.95324e+09 
    4160.000000     1.95162e+09 
    4161.000000        1.95e+09 
    4162.000000     1.94837e+09 
    4163.000000     1.94674e+09 
    4164.000000      1.9451e+09 
    4165.000000     1.94346e+09 
    4166.000000     1.94182e+09 
    4167.000000     1.94017e+09 
    4168.000000     1.93853e+09 
    4169.000000     1.93687e+09 
    4170.000000     1.93522e+09 
    4171.000000     1.93356e+09 
    4172.000000     1.93191e+09 
    4173.000000     1.93025e+09 
    4174.000000     1.92859e+09 
    4175.000000     1.92693e+09 
    4176.000000     1.92527e+09 
    4177.000000     1.92361e+09 
    4178.000000     1.92195e+09 
    4179.000000     1.92029e+09 
    4180.000000     1.91863e+09 
    4181.000000     1.91697e+09 
    4182.029240     1.91638e+09 
    4183.355641     1.91412e+09 
    4184.000000     1.91276e+09 
    4185.000000     1.91107e+09 
    4186.000000     1.90937e+09 
    4187.000000     1.90768e+09 
    4188.000000     1.90598e+09 
    4189.000000     1.90429e+09 
    4190.000000      1.9026e+09 
    4191.000000     1.90092e+09 
    4192.000000     1.89923e+09 
    4193.000000     1.89755e+09 
    4194.000000     1.89586e+09 
    4195.000000     1.89418e+09 
    4196.000000      1.8925e+09 
    4197.000000     1.89083e+09 
    4198.000000     1.88915e+09 
    4199.000000     1.88747e+09 
    4200.000000      1.8858e+09 
    4200.589118     1.88482e+09 
    4200.692988     1.74985e+09 
    4200.796864     1.74552e+09 
    4200.900744     1.73714e+09 
    4201.004630     1.73046e+09 
    4201.108521     1.73684e+09 
    4201.212417     1.74491e+09 
    4201.316318     1.74893e+09 
    4201.420224     1.88343e+09 
    4202.000000     1.88246e+09 
    4203.000000     1.88079e+09 
    4204.000000     1.87913e+09 
    4205.000000     1.87746e+09 
    4206.000000      1.8758e+09 
    4207.000000     1.87414e+09 
    4208.000000     1.87248e+09 
    4209.000000     1.87082e+09 
    4210.000000     1.86916e+09 
    4211.000000     1.86751e+09 
    4212.000000     1.86585e+09 
    4213.000000      1.8642e+09 
    4214.000000     1.86255e+09 
    4215.000000      1.8609e+09 
    4216.000000     1.85926e+09 
    4217.000000     1.85761e+09 
    4218.000000     1.85596e+09 
    4219.000000     1.85432e+09 
    4220.000000     1.85268e+09 
    4221.000000     1.85104e+09 
    4222.000000      1.8494e+09 
    4223.000000     1.84776e+09 
    4224.000000     1.84613e+09 
    4225.000000     1.84449e+09 
    4226.000000     1.84286e+09 
    4227.000000     1.84123e+09 
    4228.000000      1.8396e+09 
    4229.000000     1.83797e+09 
    4230.000000     1.83634e+09 
    4231.000000     1.83472e+09 
    4232.000000     1.83309e+09 
    4233.000000     1.83147e+09 
    4234.000000     1.82985e+09 
    4235.000000     1.82823e+09 
    4236.000000     1.82661e+09 
    4237.000000     1.82499e+09 
    4238.000000     1.82337e+09 
    4239.000000     1.82176e+09 
    4240.000000     1.82014e+09 
    4241.000000     1.81853e+09 
    4242.000000     1.81692e+09 
    4243.000000      1.8153e+09 
    4244.000000     1.81369e+09 
    4245.000000     1.81208e+09 
    4246.000000     1.81048e+09 
    4247.000000     1.80887e+09 
    4248.000000     1.80726e+09 
    4249.000000     1.80566e+09 
    4250.000000     1.80405e+09 
    4251.000000     1.80245e+09 
    4252.000000     1.80084e+09 
    4253.000000     1.79924e+09 
    4254.000000     1.79764e+09 
    4255.000000     1.79604e+09 
    4256.000000     1.79444e+09 
    4257.000000     1.79283e+09 
    4258.000000     1.79124e+09 
    4259.000000     1.78964e+09 
    4260.000000     1.78804e+09 
    4261.048646     1.78636e+09 
    4262.000000     1.78484e+09 
    4263.000000     1.78324e+09 
    4264.000000     1.78164e+09 
    4265.000000     1.78004e+09 
    4266.000000     1.77844e+09 
    4267.000000     1.77684e+09 
    4268.000000     1.77524e+09 
    4269.000000     1.77363e+09 
    4270.000000     1.77203e+09 
    4271.000000     1.77043e+09 
    4272.000000     1.76882e+09 
    4273.000000     1.76722e+09 
    4274.000000     1.76561e+09 
    4275.000000       1.764e+09 
    4276.000000     1.76239e+09 
    4277.000000     1.76077e+09 
    4278.000000     1.75916e+09 
    4279.000000     1.75754e+09 
    4280.000000     1.75591e+09 
    4281.000000     1.75429e+09 
    4282.000000     1.75265e+09 
    4283.000000     1.75102e+09 
    4284.000000     1.74938e+09 
    4285.000000     1.74774e+09 
    4286.000000     1.74608e+09 
    4287.000000     1.74443e+09 
    4288.000000     1.74276e+09 
    4289.000000     1.74109e+09 
    4290.000000      1.7394e+09 
    4291.000000     1.73771e+09 
    4292.000000     1.73601e+09 
    4293.000000      1.7343e+09 
    4294.000000     1.73257e+09 
    4295.000000     1.73082e+09 
    4296.000000     1.72906e+09 
    4297.000000     1.72729e+09 
    4298.000000     1.72549e+09 
    4299.000000     1.72368e+09 
    4300.000000     1.72184e+09 
    4300.987474     1.71996e+09 
    4302.000000     1.71804e+09 
    4303.000000     1.71611e+09 
    4304.000000     1.71415e+09 
    4305.000000     1.71205e+09 
    4306.000000        1.71e+09 
    4307.000000      1.7079e+09 
    4308.000000     1.70573e+09 
    4309.000000     1.70333e+09 
    4310.000000     1.70104e+09 
    4311.000000     1.69864e+09 
    4312.000000     1.69613e+09 
    4313.000000     1.69329e+09 
    4314.000000     1.69056e+09 
    4315.000000     1.68764e+09 
    4316.000000     1.68424e+09 
    4317.000000     1.68098e+09 
    4318.000000     1.67741e+09 
    4319.000000     1.67324e+09 
    4320.000000     1.66905e+09 
    4321.238970      1.6629e+09 
    4322.000000     1.65902e+09 
    4323.000000      1.6533e+09 
    4324.000000     1.64677e+09 
    4325.000000     1.63931e+09 
    4326.000000      1.6313e+09 
    4327.000000     1.62146e+09 
    4328.000000     1.61048e+09 
    4329.000000     1.59943e+09 
    4330.000000     1.58325e+09 
    4331.436404     1.56018e+09 
    4332.000000     1.54758e+09 
    4333.000000     1.52756e+09 
    4334.000000     1.50323e+09 
    4335.000000     1.47256e+09 
    4336.000000     1.43869e+09 
    4336.553190      1.4248e+09 
    4338.000000     1.36568e+09 
    4339.116120      1.3204e+09 
    4339.449522     1.30179e+09 
    4339.556826     1.29521e+09 
    4339.664135     1.28808e+09 
    4339.771450     1.28219e+09 
    4339.878770     1.27772e+09 
    4339.986095     1.27002e+09 
    4340.093426     1.26392e+09 
    4340.200762     1.25756e+09 
    4340.308103     1.24823e+09 
    4340.398721     1.24314e+09 
    4341.040305     1.18136e+09 
    4341.361169     1.14134e+09 
    4341.521619      1.1246e+09 
    4341.585802      1.1212e+09 
    4341.617894     1.12037e+09 
    4341.649987        1.12e+09 
    4341.682080     1.11988e+09 
    4341.714174     1.11995e+09 
    4341.746268     1.12026e+09 
    4341.778363     1.12103e+09 
    4341.842553     1.12431e+09 
    4342.003038     1.14076e+09 
    4342.324044     1.18016e+09 
    4342.966199     1.24064e+09 
    4344.251077      1.3151e+09 
    4345.000000     1.34882e+09 
    4346.000000     1.38105e+09 
    4346.823116      1.4133e+09 
    4348.000000     1.44912e+09 
    4349.000000     1.47248e+09 
    4350.000000     1.49506e+09 
    4351.000000     1.51617e+09 
    4351.976342     1.53441e+09 
    4353.000000      1.5502e+09 
    4354.000000     1.56048e+09 
    4355.000000     1.57008e+09 
    4356.000000     1.57996e+09 
    4357.000000      1.5858e+09 
    4358.000000     1.59216e+09 
    4359.000000      1.5964e+09 
    4360.000000     1.60018e+09 
    4361.000000     1.60339e+09 
    4362.319535     1.60637e+09 
    4363.000000      1.6079e+09 
    4364.000000     1.60931e+09 
    4365.000000     1.61028e+09 
    4366.000000     1.61137e+09 
    4367.000000     1.61183e+09 
    4368.420434     1.61236e+09 
    4369.000000     1.61236e+09 
    4370.000000     1.61225e+09 
    4371.000000     1.61198e+09 
    4372.000000     1.61182e+09 
    4373.000000     1.61135e+09 
    4374.000000     1.61078e+09 
    4375.000000     1.61028e+09 
    4376.000000     1.60955e+09 
    4377.000000     1.60878e+09 
    4378.000000     1.60794e+09 
    4378.766600     1.60727e+09 
    4380.000000      1.6062e+09 
    4381.000000     1.60524e+09 
    4382.000000     1.60423e+09 
    4383.154121       1.603e+09 
    4383.958083     1.60211e+09 
    4385.000000     1.60093e+09 
    4386.000000     1.59961e+09 
    4386.558443     1.59873e+09 
    4387.859780     1.59484e+09 
    4388.510739     1.58405e+09 
    4388.836290     1.53203e+09 
    4388.999084     1.42893e+09 
    4389.080486     1.38721e+09 
    4389.113047     1.37825e+09 
    4389.129328     1.37552e+09 
    4389.145609     1.37387e+09 
    4389.161890     1.37313e+09 
    4389.178171     1.37383e+09 
    4389.194453     1.37546e+09 
    4389.210734     1.37814e+09 
    4389.243298     1.38704e+09 
    4389.324708     1.42857e+09 
    4389.487538     1.53128e+09 
    4389.813235     1.58255e+09 
    4390.464773     1.59185e+09 
    4391.000000     1.59285e+09 
    4391.768429     1.59276e+09 
    4393.000000     1.59173e+09 
    4394.378066     1.59025e+09 
    4395.000000     1.58953e+09 
    4396.000000     1.58837e+09 
    4397.000000     1.58717e+09 
    4398.000000     1.58596e+09 
    4399.000000     1.58474e+09 
    4399.606655       1.584e+09 
    4401.000000     1.58227e+09 
    4402.000000     1.58103e+09 
    4403.000000     1.57978e+09 
    4404.000000     1.57853e+09 
    4405.000000     1.57727e+09 
    4406.000000     1.57601e+09 
    4407.000000     1.57475e+09 
    4408.000000     1.57348e+09 
    4409.000000     1.57221e+09 
    4410.101248     1.57083e+09 
    4411.000000     1.56968e+09 
    4412.000000     1.56841e+09 
    4413.000000     1.56713e+09 
    4414.000000     1.56585e+09 
    4415.000000     1.56458e+09 
    4416.000000      1.5633e+09 
    4417.000000     1.56202e+09 
    4417.823228     1.56096e+09 
    4419.000000     1.55945e+09 
    4420.000000     1.55817e+09 
    4421.000000     1.55689e+09 
    4422.000000     1.55561e+09 
    4423.000000     1.55433e+09 
    4424.000000     1.55304e+09 
    4425.426090     1.55122e+09 
    4426.000000     1.55048e+09 
    4427.000000      1.5492e+09 
    4428.286399     1.54755e+09 
    4429.000000     1.54663e+09 
    4430.000000     1.54535e+09 
    4431.000000     1.54407e+09 
    4432.000000     1.54279e+09 
    4433.000000      1.5415e+09 
    4433.536592     1.54082e+09 
    4435.000000     1.53893e+09 
    4436.166360     1.53742e+09 
    4437.482415     1.53557e+09 
    4438.140735     1.53403e+09 
    4438.469968     1.52873e+09 
    4438.634603     1.51145e+09 
    4438.716925     1.49917e+09 
    4438.749855     1.49577e+09 
    4438.766320     1.49468e+09 
    4438.782785     1.49398e+09 
    4438.799250      1.4936e+09 
    4438.815715     1.49394e+09 
    4438.832181      1.4946e+09 
    4438.848647     1.49565e+09 
    4438.881578     1.49897e+09 
    4438.963909     1.51105e+09 
    4439.128581     1.52789e+09 
    4439.457961     1.53235e+09 
    4440.116867     1.53221e+09 
    4441.435267     1.53069e+09 
    4442.000000     1.52999e+09 
    4443.000000     1.52873e+09 
    4444.074416     1.52737e+09 
    4445.000000      1.5262e+09 
    4446.000000     1.52493e+09 
    4447.000000     1.52367e+09 
    4448.000000      1.5224e+09 
    4449.362135     1.52067e+09 
    4450.000000     1.51987e+09 
    4451.000000      1.5186e+09 
    4451.620487     1.51781e+09 
    4453.000000     1.51602e+09 
    4454.000000     1.51475e+09 
    4455.000000     1.51348e+09 
    4456.000000     1.51221e+09 
    4457.000000     1.51094e+09 
    4458.000000     1.50967e+09 
    4459.000000      1.5084e+09 
    4459.975413     1.50716e+09 
    4461.000000     1.50585e+09 
    4462.163704     1.50435e+09 
    4463.000000     1.50327e+09 
    4464.000000     1.50197e+09 
    4465.000000     1.50064e+09 
    4466.000000     1.49928e+09 
    4467.454062     1.49718e+09 
    4468.000000     1.49632e+09 
    4469.000000     1.49453e+09 
    4470.103948      1.4917e+09 
    4471.430071     1.48159e+09 
    4472.093427      1.4504e+09 
    4472.425179     1.31418e+09 
    4472.591073     1.14228e+09 
    4472.674025     1.09237e+09 
    4472.707207     1.08141e+09 
    4472.723798     1.07795e+09 
    4472.740389     1.07587e+09 
    4472.756980     1.07516e+09 
    4472.773571     1.07584e+09 
    4472.790163      1.0779e+09 
    4472.806754     1.08132e+09 
    4472.839938     1.09223e+09 
    4472.922899     1.14199e+09 
    4473.088830      1.3135e+09 
    4473.420730     1.44883e+09 
    4474.084677     1.47835e+09 
    4475.413163     1.48513e+09 
    4476.000000     1.48535e+09 
    4477.000000     1.48492e+09 
    4478.072502     1.48401e+09 
    4479.000000     1.48306e+09 
    4480.000000     1.48196e+09 
    4481.000000     1.48082e+09 
    4482.000000     1.47965e+09 
    4483.400673     1.47798e+09 
    4484.000000     1.47727e+09 
    4485.000000     1.47606e+09 
    4486.000000     1.47486e+09 
    4487.000000     1.47365e+09 
    4488.000000     1.47243e+09 
    4489.000000     1.47122e+09 
    4490.000000     1.47001e+09 
    4491.000000     1.46879e+09 
    4492.000000     1.46758e+09 
    4493.000000     1.46637e+09 
    4494.095145     1.46508e+09 
    4495.000000     1.46398e+09 
    4496.000000     1.46276e+09 
    4497.000000     1.46155e+09 
    4498.000000     1.46034e+09 
    4499.000000     1.45913e+09 
    4500.000000     1.45791e+09 
    4501.000000     1.45671e+09 
    4502.000000      1.4555e+09 
    4503.000000     1.45429e+09 
    4504.000000     1.45308e+09 
    4505.000000     1.45188e+09 
    4506.000000     1.45068e+09 
    4507.000000     1.44947e+09 
    4508.000000     1.44827e+09 
    4509.000000     1.44707e+09 
    4510.000000     1.44587e+09 
    4511.000000     1.44468e+09 
    4512.464211     1.44307e+09 
    4513.000000     1.44243e+09 
    4514.000000     1.44123e+09 
    4515.000000     1.44004e+09 
    4516.000000     1.43884e+09 
    4517.000000     1.43765e+09 
    4518.000000     1.43646e+09 
    4519.000000     1.43527e+09 
    4520.000000     1.43408e+09 
    4521.000000     1.43289e+09 
    4522.000000     1.43171e+09 
    4523.000000     1.43052e+09 
    4524.000000     1.42934e+09 
    4525.000000     1.42815e+09 
    4526.000000     1.42697e+09 
    4527.000000     1.42579e+09 
    4528.000000     1.42461e+09 
    4529.000000     1.42344e+09 
    4530.000000     1.42226e+09 
    4531.000000     1.42108e+09 
    4532.000000     1.41991e+09 
    4533.000000     1.41874e+09 
    4534.000000     1.41757e+09 
    4535.000000     1.41639e+09 
    4536.000000     1.41522e+09 
    4537.000000     1.41406e+09 
    4538.000000     1.41289e+09 
    4539.000000     1.41172e+09 
    4540.000000     1.41056e+09 
    4541.000000      1.4094e+09 
    4542.399297     1.40777e+09 
    4542.511619     1.28025e+09 
    4542.623947     1.27196e+09 
    4542.736281     1.25777e+09 
    4542.848620     1.24631e+09 
    4542.960965     1.25756e+09 
    4543.073315     1.27151e+09 
    4543.185671     1.27958e+09 
    4543.298032     1.40673e+09 
    4544.000000     1.40591e+09 
    4545.000000     1.40475e+09 
    4546.000000      1.4036e+09 
    4547.000000     1.40244e+09 
    4548.000000     1.40129e+09 
    4549.000000     1.40013e+09 
    4550.000000     1.39898e+09 
    4551.000000     1.39783e+09 
    4552.000000     1.39668e+09 
    4553.000000     1.39553e+09 
    4554.000000     1.39438e+09 
    4555.000000     1.39324e+09 
    4556.000000     1.39209e+09 
    4557.000000     1.39094e+09 
    4558.000000      1.3898e+09 
    4559.000000     1.38866e+09 
    4560.000000     1.38752e+09 
    4561.000000     1.38638e+09 
    4562.000000     1.38524e+09 
    4563.000000      1.3841e+09 
    4564.000000     1.38297e+09 
    4565.000000     1.38183e+09 
    4566.000000      1.3807e+09 
    4567.000000     1.37957e+09 
    4568.000000     1.37843e+09 
    4569.000000      1.3773e+09 
    4570.000000     1.37618e+09 
    4571.000000     1.37505e+09 
    4572.000000     1.37392e+09 
    4573.000000     1.37279e+09 
    4574.000000     1.37167e+09 
    4575.000000     1.37055e+09 
    4576.000000     1.36942e+09 
    4577.000000      1.3683e+09 
    4578.000000     1.36718e+09 
    4579.000000     1.36606e+09 
    4580.000000     1.36495e+09 
    4581.000000     1.36383e+09 
    4582.000000     1.36271e+09 
    4583.000000      1.3616e+09 
    4584.000000     1.36049e+09 
    4585.000000     1.35937e+09 
    4586.000000     1.35826e+09 
    4587.000000     1.35715e+09 
    4588.000000     1.35605e+09 
    4589.000000     1.35494e+09 
    4590.000000     1.35383e+09 
    4591.000000     1.35273e+09 
    4592.000000     1.35162e+09 
    4593.000000     1.35052e+09 
    4594.000000     1.34942e+09 
    4595.000000     1.34832e+09 
    4596.000000     1.34722e+09 
    4597.000000     1.34612e+09 
    4598.000000     1.34502e+09 
    4599.000000     1.34393e+09 
    4600.000000     1.34283e+09 
    4601.000000     1.34174e+09 
    4602.000000     1.34064e+09 
    4603.000000     1.33955e+09 
    4604.000000     1.33846e+09 
    4605.000000     1.33737e+09 
    4606.000000     1.33628e+09 
    4607.000000      1.3352e+09 
    4608.000000     1.33411e+09 
    4609.000000     1.33302e+09 
    4610.000000     1.33194e+09 
    4611.000000     1.33086e+09 
    4612.000000     1.32978e+09 
    4613.000000      1.3287e+09 
    4614.000000     1.32762e+09 
    4615.000000     1.32654e+09 
    4616.000000     1.32546e+09 
    4617.000000     1.32438e+09 
    4618.000000     1.32331e+09 
    4619.000000     1.32223e+09 
    4620.000000     1.32116e+09 
    4621.000000     1.32009e+09 
    4622.000000     1.31902e+09 
    4623.000000     1.31795e+09 
    4624.000000     1.31688e+09 
    4625.000000     1.31581e+09 
    4626.000000     1.31475e+09 
    4627.000000     1.31368e+09 
    4628.000000     1.31262e+09 
    4629.000000     1.31155e+09 
    4630.000000     1.31049e+09 
    4631.000000     1.30943e+09 
    4632.000000     1.30837e+09 
    4633.000000     1.30731e+09 
    4634.000000     1.30625e+09 
    4635.000000      1.3052e+09 
    4636.000000     1.30414e+09 
    4637.000000     1.30309e+09 
    4638.000000     1.30203e+09 
    4639.000000     1.30098e+09 
    4640.000000     1.29993e+09 
    4641.000000     1.29888e+09 
    4642.000000     1.29783e+09 
    4643.000000     1.29678e+09 
    4644.000000     1.29573e+09 
    4645.000000     1.29469e+09 
    4646.000000     1.29364e+09 
    4647.000000      1.2926e+09 
    4648.000000     1.29155e+09 
    4649.000000     1.29051e+09 
    4650.000000     1.28947e+09 
    4651.000000     1.28843e+09 
    4652.000000     1.28739e+09 
    4653.000000     1.28635e+09 
    4654.000000     1.28532e+09 
    4655.000000     1.28428e+09 
    4656.000000     1.28325e+09 
    4657.000000     1.28221e+09 
    4658.000000     1.28118e+09 
    4659.000000     1.28015e+09 
    4660.000000     1.27912e+09 
    4661.000000     1.27809e+09 
    4662.000000     1.27706e+09 
    4663.000000     1.27603e+09 
    4664.000000     1.27501e+09 
    4665.220027     1.27376e+09 
    4666.000000     1.27186e+09 
    4667.000000      1.2707e+09 
    4668.000000     1.26952e+09 
    4669.000000     1.26831e+09 
    4670.000000     1.26706e+09 
    4671.000000     1.26577e+09 
    4672.000000     1.26441e+09 
    4673.000000     1.26298e+09 
    4674.000000     1.26144e+09 
    4675.000000     1.25976e+09 
    4676.269132     1.25733e+09 
    4677.000000     1.25575e+09 
    4678.000000     1.25319e+09 
    4679.000000     1.25002e+09 
    4680.000000     1.24595e+09 
    4681.000000     1.24048e+09 
    4681.813335     1.23403e+09 
    4683.000000      1.2204e+09 
    4684.000000     1.20101e+09 
    4684.590369     1.18317e+09 
    4685.355003     1.14282e+09 
    4685.980122     1.09178e+09 
    4686.675308     9.88168e+08 
    4687.022978     8.84972e+08 
    4687.196833     8.04572e+08 
    4687.283765     7.70491e+08 
    4687.318538     7.63842e+08 
    4687.335925     7.62388e+08 
    4687.353313     7.61762e+08 
    4687.370700      7.6161e+08 
    4687.388087     7.61741e+08 
    4687.405475     7.62347e+08 
    4687.422863      7.6378e+08 
    4687.457639     7.70387e+08 
    4687.544580     8.04359e+08 
    4687.718473     8.84514e+08 
    4688.066298     9.87154e+08 
    4688.762103     1.08952e+09 
    4690.154333     1.17809e+09 
    4691.000000     1.20042e+09 
    4692.210952     1.21731e+09 
    4692.941274     1.22317e+09 
    4694.000000     1.22885e+09 
    4695.000000     1.23184e+09 
    4696.000000     1.23361e+09 
    4697.000000     1.23458e+09 
    4698.000000     1.23499e+09 
    4698.525104     1.23504e+09 
    4700.000000     1.23481e+09 
    4701.000000     1.23443e+09 
    4702.000000     1.23392e+09 
    4703.323984     1.23309e+09 
    4704.000000     1.23262e+09 
    4705.000000     1.23188e+09 
    4706.000000      1.2311e+09 
    4707.000000     1.23028e+09 
    4708.000000     1.22944e+09 
    4708.900263     1.22866e+09 
    4709.732722     1.22883e+09 
    4711.000000     1.22754e+09 
    4711.693364     1.22681e+09 
    4713.091157     1.22502e+09 
    4713.790365     1.22246e+09 
    4714.140046     1.19976e+09 
    4714.314907     1.10939e+09 
    4714.402342     1.06675e+09 
    4714.437317     1.05706e+09 
    4714.454804     1.05402e+09 
    4714.472292     1.05218e+09 
    4714.489780     1.05153e+09 
    4714.507268     1.05216e+09 
    4714.524756     1.05397e+09 
    4714.542245     1.05698e+09 
    4714.577221     1.06661e+09 
    4714.664666      1.1091e+09 
    4714.839565      1.1991e+09 
    4715.189403     1.22109e+09 
    4715.889233     1.22228e+09 
    4717.289518     1.22133e+09 
    4718.000000     1.22069e+09 
    4719.000000     1.21974e+09 
    4720.092583      1.2187e+09 
    4721.000000     1.21782e+09 
    4722.000000     1.21685e+09 
    4723.000000     1.21588e+09 
    4724.000000     1.21492e+09 
    4725.000000     1.21395e+09 
    4725.708718     1.21326e+09 
    4727.000000     1.21201e+09 
    4728.000000     1.21104e+09 
    4729.000000     1.21007e+09 
    4730.000000     1.20911e+09 
    4731.000000     1.20814e+09 
    4732.000000     1.20717e+09 
    4733.000000     1.20621e+09 
    4734.000000     1.20525e+09 
    4735.000000     1.20428e+09 
    4736.000000     1.20332e+09 
    4736.981179     1.20238e+09 
    4738.000000      1.2014e+09 
    4739.000000     1.20044e+09 
    4740.000000     1.19948e+09 
    4741.000000     1.19852e+09 
    4742.000000     1.19756e+09 
    4743.000000      1.1966e+09 
    4744.000000     1.19564e+09 
    4745.000000     1.19469e+09 
    4746.000000     1.19373e+09 
    4747.000000     1.19278e+09 
    4748.000000     1.19182e+09 
    4749.000000     1.19087e+09 
    4750.000000     1.18992e+09 
    4751.000000     1.18896e+09 
    4752.000000     1.18801e+09 
    4753.000000     1.18706e+09 
    4754.000000     1.18611e+09 
    4755.000000     1.18516e+09 
    4756.000000     1.18421e+09 
    4757.000000     1.18326e+09 
    4758.000000     1.18231e+09 
    4759.000000     1.18136e+09 
    4760.000000     1.18041e+09 
    4761.000000     1.17946e+09 
    4762.000000     1.17852e+09 
    4763.000000     1.17757e+09 
    4764.000000     1.17662e+09 
    4765.000000     1.17567e+09 
    4766.000000     1.17473e+09 
    4767.000000     1.17378e+09 
    4768.000000     1.17284e+09 
    4769.000000     1.17189e+09 
    4770.000000     1.17094e+09 
    4771.000000        1.17e+09 
    4772.371108      1.1687e+09 
    4773.000000     1.16811e+09 
    4774.000000     1.16716e+09 
    4775.000000     1.16622e+09 
    4776.000000     1.16527e+09 
    4777.000000     1.16432e+09 
    4778.000000     1.16338e+09 
    4779.000000     1.16243e+09 
    4780.000000     1.16148e+09 
    4781.000000     1.16054e+09 
    4782.000000     1.15959e+09 
    4783.000000     1.15864e+09 
    4784.000000     1.15769e+09 
    4785.000000     1.15674e+09 
    4786.000000     1.15579e+09 
    4787.000000     1.15484e+09 
    4788.000000     1.15388e+09 
    4789.000000     1.15293e+09 
    4790.000000     1.15197e+09 
    4791.000000     1.15102e+09 
    4792.000000     1.15006e+09 
    4793.000000      1.1491e+09 
    4794.000000     1.14813e+09 
    4795.000000     1.14717e+09 
    4796.000000      1.1462e+09 
    4797.000000     1.14523e+09 
    4798.000000     1.14426e+09 
    4799.000000     1.14328e+09 
    4800.000000      1.1423e+09 
    4801.000000     1.14132e+09 
    4802.000000     1.14033e+09 
    4803.269387     1.13908e+09 
    4804.000000     1.13835e+09 
    4805.000000     1.13735e+09 
    4806.000000     1.13634e+09 
    4807.000000     1.13533e+09 
    4808.000000     1.13431e+09 
    4809.000000     1.13328e+09 
    4810.000000     1.13225e+09 
    4811.000000      1.1312e+09 
    4812.000000     1.13015e+09 
    4813.000000     1.12909e+09 
    4814.000000     1.12801e+09 
    4815.000000     1.12693e+09 
    4816.000000     1.12583e+09 
    4817.102564     1.12459e+09 
    4818.000000     1.12358e+09 
    4819.000000     1.12243e+09 
    4820.000000     1.12126e+09 
    4821.000000     1.12007e+09 
    4822.000000     1.11885e+09 
    4823.000000     1.11761e+09 
    4824.000000     1.11634e+09 
    4825.000000     1.11503e+09 
    4826.000000     1.11368e+09 
    4827.000000      1.1123e+09 
    4828.000000     1.11087e+09 
    4829.000000     1.10939e+09 
    4830.000000     1.10782e+09 
    4831.000000     1.10622e+09 
    4832.000000     1.10455e+09 
    4833.000000      1.1028e+09 
    4834.000000     1.10088e+09 
    4835.000000     1.09893e+09 
    4836.000000     1.09686e+09 
    4837.000000     1.09452e+09 
    4838.000000     1.09217e+09 
    4839.000000     1.08964e+09 
    4839.784224     1.08728e+09 
    4841.000000     1.08372e+09 
    4842.000000     1.08013e+09 
    4843.000000     1.07664e+09 
    4844.000000     1.07275e+09 
    4845.000000     1.06802e+09 
    4846.000000     1.06324e+09 
    4847.000000     1.05741e+09 
    4848.000000     1.05144e+09 
    4849.000000     1.04415e+09 
    4850.000000     1.03599e+09 
    4851.205341     1.02558e+09 
    4852.000000     1.01722e+09 
    4853.000000     1.00579e+09 
    4854.000000     9.93494e+08 
    4855.000000     9.79041e+08 
    4856.000000      9.6327e+08 
    4856.936138     9.46296e+08 
    4858.000000     9.24379e+08 
    4859.000000     9.02988e+08 
    4859.806616     8.79855e+08 
    4860.175813     8.67324e+08 
    4860.295993     8.64242e+08 
    4860.416180      8.6102e+08 
    4860.536372     8.55035e+08 
    4860.656570     8.55357e+08 
    4860.776774     8.49166e+08 
    4860.896984     8.44121e+08 
    4861.017200     8.41156e+08 
    4861.137422      8.3155e+08 
    4861.243128      8.3027e+08 
    4861.961703     7.80712e+08 
    4862.321070     7.44296e+08 
    4862.500773     7.28431e+08 
    4862.572658     7.25123e+08 
    4862.608602     7.24315e+08 
    4862.644546     7.23932e+08 
    4862.680490     7.23823e+08 
    4862.716435     7.23892e+08 
    4862.752380     7.24236e+08 
    4862.788326     7.25005e+08 
    4862.860220     7.28235e+08 
    4863.039963     7.43901e+08 
    4863.399490     7.79898e+08 
    4864.118702     8.28557e+08 
    4865.000000     8.62684e+08 
    4865.557765     8.76243e+08 
    4867.000000     9.11411e+08 
    4868.438446     9.38513e+08 
    4869.000000     9.48289e+08 
    4870.000000     9.62748e+08 
    4871.000000     9.75989e+08 
    4872.000000     9.87568e+08 
    4873.000000     9.97718e+08 
    4874.210055     1.00841e+09 
    4875.000000     1.01401e+09 
    4876.000000     1.02069e+09 
    4877.000000     1.02602e+09 
    4878.000000     1.03105e+09 
    4879.000000     1.03484e+09 
    4880.000000     1.03859e+09 
    4881.000000     1.04129e+09 
    4882.000000     1.04401e+09 
    4883.000000     1.04593e+09 
    4884.000000     1.04783e+09 
    4885.000000     1.04916e+09 
    4885.794424     1.05003e+09 
    4887.000000     1.05131e+09 
    4888.000000       1.052e+09 
    4889.000000     1.05252e+09 
    4890.000000     1.05304e+09 
    4891.000000     1.05331e+09 
    4892.000000     1.05347e+09 
    4893.000000      1.0536e+09 
    4894.000000     1.05358e+09 
    4895.000000     1.05349e+09 
    4896.000000     1.05333e+09 
    4897.000000     1.05314e+09 
    4898.000000     1.05288e+09 
    4899.000000     1.05256e+09 
    4900.039443     1.05219e+09 
    4901.000000     1.05182e+09 
    4902.000000     1.05139e+09 
    4903.000000     1.05094e+09 
    4904.000000     1.05046e+09 
    4905.000000     1.04995e+09 
    4906.000000     1.04942e+09 
    4907.000000     1.04887e+09 
    4907.845661     1.04839e+09 
    4909.129143     1.04764e+09 
    4910.000000     1.04712e+09 
    4911.000000     1.04651e+09 
    4911.644696      1.0461e+09 
    4913.000000     1.04524e+09 
    4914.000000     1.04459e+09 
    4915.000000     1.04392e+09 
    4916.000000     1.04325e+09 
    4917.467961     1.04222e+09 
    4918.000000     1.04183e+09 
    4919.000000     1.04108e+09 
    4920.384774     1.03987e+09 
    4921.000000     1.03917e+09 
    4921.844479     1.03746e+09 
    4922.574656     1.03108e+09 
    4922.939826     9.87953e+08 
    4923.122431     9.06011e+08 
    4923.213739     8.87632e+08 
    4923.250263     8.84905e+08 
    4923.268525     8.84163e+08 
    4923.286788     8.83738e+08 
    4923.305050     8.83581e+08 
    4923.323313     8.83716e+08 
    4923.341575     8.84117e+08 
    4923.359838     8.84836e+08 
    4923.396364     8.87519e+08 
    4923.487682     9.05779e+08 
    4923.670328     9.87448e+08 
    4924.035661     1.03004e+09 
    4924.766488     1.03539e+09 
    4926.228794     1.03574e+09 
    4927.000000     1.03535e+09 
    4928.000000     1.03474e+09 
    4929.156013     1.03396e+09 
    4930.000000     1.03337e+09 
    4931.000000     1.03267e+09 
    4932.000000     1.03195e+09 
    4933.000000     1.03122e+09 
    4934.000000     1.03049e+09 
    4935.020900     1.02974e+09 
    4936.000000     1.02902e+09 
    4937.000000     1.02829e+09 
    4938.000000     1.02755e+09 
    4939.000000      1.0268e+09 
    4940.000000     1.02606e+09 
    4941.000000     1.02532e+09 
    4942.000000     1.02457e+09 
    4943.000000     1.02383e+09 
    4944.000000     1.02308e+09 
    4945.000000     1.02233e+09 
    4946.000000     1.02158e+09 
    4946.792643       1.021e+09 
    4948.000000     1.02009e+09 
    4949.000000     1.01934e+09 
    4950.000000     1.01859e+09 
    4951.000000     1.01784e+09 
    4952.000000     1.01709e+09 
    4953.000000     1.01633e+09 
    4954.000000     1.01558e+09 
    4955.000000     1.01483e+09 
    4956.473715     1.01372e+09 
    4957.000000     1.01333e+09 
    4958.000000     1.01258e+09 
    4959.000000     1.01182e+09 
    4960.000000     1.01107e+09 
    4961.000000     1.01032e+09 
    4961.860209     1.00968e+09 
    4963.000000     1.00882e+09 
    4964.000000     1.00807e+09 
    4965.000000     1.00732e+09 
    4966.000000     1.00657e+09 
    4967.000000     1.00582e+09 
    4968.000000     1.00507e+09 
    4969.000000     1.00432e+09 
    4970.000000     1.00357e+09 
    4971.000000     1.00282e+09 
    4972.000000     1.00207e+09 
    4973.000000     1.00132e+09 
    4974.000000     1.00058e+09 
    4975.000000     9.99828e+08 
    4976.000000      9.9908e+08 
    4977.000000     9.98334e+08 
    4978.000000     9.97588e+08 
    4979.000000     9.96842e+08 
    4980.000000     9.96097e+08 
    4981.000000     9.95352e+08 
    4982.000000     9.94607e+08 
    4983.000000     9.93864e+08 
    4984.000000      9.9312e+08 
    4985.000000     9.92377e+08 
    4986.000000     9.91634e+08 
    4987.000000     9.90893e+08 
    4988.000000     9.90151e+08 
    4989.000000      9.8941e+08 
    4990.000000     9.88669e+08 
    4991.000000     9.87929e+08 
    4992.000000     9.87191e+08 
    4993.368194     9.86179e+08 
    4994.000000     9.85713e+08 
    4995.000000     9.84975e+08 
    4996.000000     9.84238e+08 
    4997.000000     9.83501e+08 
    4998.000000     9.82765e+08 
    4999.000000     9.82029e+08 
    5000.000000     9.81294e+08 
    5001.000000     9.80559e+08 
    5002.000000     9.79825e+08 
    5003.000000     9.79091e+08 
    5004.000000     9.78358e+08 
    5005.194486     9.77483e+08 
    5006.000000     9.76893e+08 
    5007.000000     9.76161e+08 
    5008.000000     9.75429e+08 
    5009.000000     9.74698e+08 
    5010.000000     9.73966e+08 
    5011.128664     9.73139e+08 
    5012.000000     9.72498e+08 
    5013.000000     9.71758e+08 
    5014.101033     9.70926e+08 
    5015.000000     9.70202e+08 
    5015.588540     9.69638e+08 
    5016.332625     9.68164e+08 
    5016.704750     9.49045e+08 
    5016.890833     8.73216e+08 
    5016.983880     8.46253e+08 
    5017.021099     8.40779e+08 
    5017.039709       8.391e+08 
    5017.058320     8.38096e+08 
    5017.076930     8.37749e+08 
    5017.095540     8.38074e+08 
    5017.114151     8.39056e+08 
    5017.132762     8.40714e+08 
    5017.169984     8.46144e+08 
    5017.263041     8.72988e+08 
    5017.449166     9.48527e+08 
    5017.821456     9.67088e+08 
    5018.566204     9.67482e+08 
    5020.056362     9.66612e+08 
    5021.000000     9.65959e+08 
    5022.000000     9.65251e+08 
    5023.039334     9.64509e+08 
    5024.000000     9.63821e+08 
    5025.285729       9.629e+08 
    5026.000000     9.62387e+08 
    5027.000000     9.61669e+08 
    5028.000000     9.60952e+08 
    5029.015926     9.60224e+08 
    5030.000000     9.59519e+08 
    5031.000000     9.58802e+08 
    5032.000000     9.58087e+08 
    5033.000000     9.57373e+08 
    5034.000000     9.56659e+08 
    5035.000000     9.55945e+08 
    5036.000000     9.55232e+08 
    5037.187614     9.54385e+08 
    5038.000000     9.53807e+08 
    5039.000000     9.53095e+08 
    5040.000000     9.52384e+08 
    5041.011880     9.51665e+08 
    5042.000000     9.50964e+08 
    5043.159723      9.5014e+08 
    5044.000000     9.49543e+08 
    5045.000000      9.4883e+08 
    5046.151091     9.48004e+08 
    5047.000000      9.4738e+08 
    5047.648106     9.46868e+08 
    5048.396947     9.45985e+08 
    5048.771451     9.41662e+08 
    5048.958723     9.20023e+08 
    5049.052365     9.04878e+08 
    5049.089823     9.00845e+08 
    5049.108552     8.99532e+08 
    5049.127281     8.98722e+08 
    5049.146010     8.98408e+08 
    5049.164739     8.98698e+08 
    5049.183469     8.99484e+08 
    5049.202199     9.00773e+08 
    5049.239658     9.04756e+08 
    5049.333310     9.19772e+08 
    5049.520625     9.41139e+08 
    5049.895295     9.44931e+08 
    5050.644803     9.44757e+08 
    5052.144486     9.43782e+08 
    5053.000000     9.43191e+08 
    5053.956341      9.4263e+08 
    5055.146525     9.41797e+08 
    5056.000000       9.412e+08 
    5057.000000     9.40499e+08 
    5058.000000     9.39799e+08 
    5059.000000       9.391e+08 
    5060.000000     9.38401e+08 
    5061.161320      9.3759e+08 
    5062.000000     9.37005e+08 
    5063.000000     9.36308e+08 
    5064.000000     9.35611e+08 
    5065.000000     9.34914e+08 
    5066.000000     9.34219e+08 
    5067.000000     9.33524e+08 
    5068.000000     9.32831e+08 
    5069.000000     9.32137e+08 
    5070.000000     9.31444e+08 
    5071.000000     9.30752e+08 
    5072.000000      9.3006e+08 
    5073.233952     9.29208e+08 
    5073.536409     9.28999e+08 
    5075.000000     9.27989e+08 
    5076.000000       9.273e+08 
    5077.000000     9.26612e+08 
    5078.000000     9.25924e+08 
    5079.000000     9.25237e+08 
    5080.000000     9.24551e+08 
    5081.000000     9.23865e+08 
    5082.000000     9.23179e+08 
    5083.000000     9.22495e+08 
    5084.000000     9.21811e+08 
    5085.000000     9.21127e+08 
    5086.000000     9.20445e+08 
    5087.000000     9.19762e+08 
    5088.000000     9.19081e+08 
    5089.000000       9.184e+08 
    5090.000000      9.1772e+08 
    5091.000000      9.1704e+08 
    5092.000000     9.16361e+08 
    5093.000000     9.15683e+08 
    5094.000000     9.15006e+08 
    5095.000000     9.14328e+08 
    5096.000000     9.13652e+08 
    5097.000000     9.12976e+08 
    5098.000000     9.12301e+08 
    5099.000000     9.11626e+08 
    5100.000000     9.10952e+08 
    5101.000000     9.10279e+08 
    5102.000000     9.09607e+08 
    5103.000000     9.08935e+08 
    5104.000000     9.08264e+08 
    5105.000000     9.07592e+08 
    5106.000000     9.06922e+08 
    5107.000000     9.06253e+08 
    5108.000000     9.05584e+08 
    5109.000000     9.04916e+08 
    5110.000000     9.04248e+08 
    5111.000000     9.03581e+08 
    5112.000000     9.02914e+08 
    5113.000000     9.02248e+08 
    5114.000000     9.01583e+08 
    5115.000000     9.00919e+08 
    5116.000000     9.00254e+08 
    5117.000000     8.99592e+08 
    5118.000000     8.98928e+08 
    5119.000000     8.98266e+08 
    5120.000000     8.97605e+08 
    5121.000000     8.96943e+08 
    5122.000000     8.96284e+08 
    5123.000000     8.95623e+08 
    5124.000000     8.94964e+08 
    5125.000000     8.94306e+08 
    5126.000000     8.93648e+08 
    5127.000000      8.9299e+08 
    5128.000000     8.92334e+08 
    5129.000000     8.91678e+08 
    5130.000000     8.91022e+08 
    5131.281081     8.90183e+08 
    5132.000000     8.89713e+08 
    5133.000000     8.89059e+08 
    5134.000000     8.88406e+08 
    5135.000000     8.87753e+08 
    5136.000000     8.87102e+08 
    5137.000000      8.8645e+08 
    5138.000000     8.85799e+08 
    5139.000000     8.85149e+08 
    5140.000000       8.845e+08 
    5141.000000     8.83851e+08 
    5142.000000     8.83203e+08 
    5143.000000     8.82555e+08 
    5144.000000     8.81908e+08 
    5145.000000     8.81261e+08 
    5146.000000     8.80616e+08 
    5147.000000      8.7997e+08 
    5148.000000     8.79325e+08 
    5149.000000     8.78681e+08 
    5150.000000     8.78038e+08 
    5151.000000     8.77394e+08 
    5152.000000     8.76752e+08 
    5153.000000      8.7611e+08 
    5154.000000     8.75469e+08 
    5155.000000     8.74828e+08 
    5156.000000     8.74189e+08 
    5157.000000     8.73549e+08 
    5158.000000      8.7291e+08 
    5159.000000     8.72272e+08 
    5160.000000     8.71634e+08 
    5161.000000     8.70997e+08 
    5162.000000      8.7036e+08 
    5163.000000     8.69725e+08 
    5164.000000     8.69089e+08 
    5165.000000     8.68455e+08 
    5166.000000      8.6782e+08 
    5167.000000     8.67187e+08 
    5168.000000     8.66554e+08 
    5169.000000     8.65921e+08 
    5170.000000     8.65289e+08 
    5171.000000     8.64658e+08 
    5172.000000     8.64027e+08 
    5173.000000     8.63397e+08 
    5174.000000     8.62767e+08 
    5175.000000     8.62138e+08 
    5176.000000      8.6151e+08 
    5177.000000     8.60882e+08 
    5178.000000     8.60255e+08 
    5179.000000     8.59628e+08 
    5180.000000     8.59002e+08 
    5181.000000     8.58376e+08 
    5182.000000     8.57752e+08 
    5183.000000     8.57127e+08 
    5184.000000     8.56503e+08 
    5185.000000     8.55879e+08 
    5186.000000     8.55257e+08 
    5187.000000     8.54634e+08 
    5188.000000     8.54013e+08 
    5189.000000     8.53392e+08 
    5190.000000     8.52771e+08 
    5191.000000     8.52151e+08 
    5192.000000     8.51532e+08 
    5193.000000     8.50914e+08 
    5194.000000     8.50296e+08 
    5195.000000     8.49678e+08 
    5196.000000      8.4906e+08 
    5197.000000     8.48444e+08 
    5198.000000     8.47828e+08 
    5199.000000     8.47212e+08 
    5200.000000     8.46598e+08 
    5201.000000     8.45983e+08 
    5202.000000     8.45369e+08 
    5203.000000     8.44756e+08 
    5204.000000     8.44144e+08 
    5205.000000     8.43531e+08 
    5206.000000      8.4292e+08 
    5207.000000     8.42309e+08 
    5208.000000     8.41699e+08 
    5209.000000     8.41089e+08 
    5210.000000      8.4048e+08 
    5211.000000     8.39871e+08 
    5212.000000     8.39263e+08 
    5213.000000     8.38655e+08 
    5214.000000     8.38048e+08 
    5215.000000     8.37441e+08 
    5216.000000     8.36835e+08 
    5217.000000      8.3623e+08 
    5218.000000     8.35625e+08 
    5219.000000     8.35021e+08 
    5220.000000     8.34417e+08 
    5221.000000     8.33814e+08 
    5222.000000     8.33211e+08 
    5223.000000     8.32609e+08 
    5224.000000     8.32007e+08 
    5225.000000     8.31406e+08 
    5226.000000     8.30806e+08 
    5227.000000     8.30205e+08 
    5228.000000     8.29606e+08 
    5229.000000     8.29007e+08 
    5230.000000     8.28409e+08 
    5231.000000     8.27811e+08 
    5232.000000     8.27214e+08 
    5233.000000     8.26617e+08 
    5234.000000     8.26021e+08 
    5235.000000     8.25425e+08 
    5236.000000      8.2483e+08 
    5237.000000     8.24235e+08 
    5238.000000     8.23641e+08 
    5239.000000     8.23048e+08 
    5240.000000     8.22455e+08 
    5241.000000     8.21862e+08 
    5242.000000      8.2127e+08 
    5243.000000     8.20679e+08 
    5244.000000     8.20088e+08 
    5245.000000     8.19498e+08 
    5246.000000     8.18908e+08 
    5247.000000     8.18319e+08 
    5248.000000      8.1773e+08 
    5249.000000     8.17142e+08 
    5250.000000     8.16554e+08 
    5250.805618     8.16081e+08 
    5252.000000      8.1538e+08 
    5253.000000     8.14794e+08 
    5254.000000     8.14209e+08 
    5255.000000     8.13624e+08 
    5256.000000     8.13039e+08 
    5257.000000     8.12456e+08 
    5258.000000     8.11872e+08 
    5259.000000     8.11289e+08 
    5260.000000     8.10707e+08 
    5261.000000     8.10125e+08 
    5262.000000     8.09544e+08 
    5263.000000     8.08963e+08 
    5264.000000     8.08382e+08 
    5265.000000     8.07803e+08 
    5266.000000     8.07223e+08 
    5267.000000     8.06645e+08 
    5268.000000     8.06066e+08 
    5269.000000     8.05489e+08 
    5270.000000     8.04912e+08 
    5271.000000     8.04335e+08 
    5272.000000     8.03758e+08 
    5273.000000     8.03183e+08 
    5274.000000     8.02608e+08 
    5275.000000     8.02034e+08 
    5276.000000      8.0146e+08 
    5277.000000     8.00886e+08 
    5278.000000     8.00313e+08 
    5279.000000      7.9974e+08 
    5280.000000     7.99168e+08 
    5281.000000     7.98597e+08 
    5282.000000     7.98026e+08 
    5283.000000     7.97455e+08 
    5284.000000     7.96885e+08 
    5285.000000     7.96316e+08 
    5286.000000     7.95746e+08 
    5287.000000     7.95178e+08 
    5288.000000     7.94611e+08 
    5289.000000     7.94043e+08 
    5290.000000     7.93476e+08 
    5291.000000     7.92909e+08 
    5292.000000     7.92344e+08 
    5293.000000     7.91778e+08 
    5294.000000     7.91213e+08 
    5295.000000     7.90649e+08 
    5296.000000     7.90085e+08 
    5297.000000     7.89521e+08 
    5298.000000     7.88959e+08 
    5299.000000     7.88396e+08 
    5300.000000     7.87834e+08 
    5301.000000     7.87273e+08 
    5302.000000     7.86712e+08 
    5303.000000     7.86151e+08 
    5304.000000     7.85592e+08 
    5305.000000     7.85032e+08 
    5306.000000     7.84473e+08 
    5307.000000     7.83915e+08 
    5308.000000     7.83357e+08 
    5309.000000     7.82799e+08 
    5310.000000     7.82243e+08 
    5311.000000     7.81686e+08 
    5312.000000      7.8113e+08 
    5313.000000     7.80576e+08 
    5314.000000     7.80021e+08 
    5315.000000     7.79466e+08 
    5316.000000     7.78912e+08 
    5317.000000     7.78358e+08 
    5318.000000     7.77806e+08 
    5319.000000     7.77253e+08 
    5320.000000     7.76701e+08 
    5321.000000     7.76149e+08 
    5322.000000     7.75598e+08 
    5323.000000     7.75048e+08 
    5324.000000     7.74498e+08 
    5325.000000     7.73949e+08 
    5326.000000     7.73399e+08 
    5327.000000     7.72851e+08 
    5328.000000     7.72302e+08 
    5329.000000     7.71755e+08 
    5330.000000     7.71208e+08 
    5331.000000     7.70662e+08 
    5332.000000     7.70116e+08 
    5333.000000      7.6957e+08 
    5334.000000     7.69025e+08 
    5335.000000      7.6848e+08 
    5336.000000     7.67936e+08 
    5337.000000     7.67392e+08 
    5338.000000     7.66849e+08 
    5339.000000     7.66306e+08 
    5340.000000     7.65764e+08 
    5341.000000     7.65222e+08 
    5342.000000     7.64681e+08 
    5343.000000      7.6414e+08 
    5344.000000     7.63599e+08 
    5345.000000      7.6306e+08 
    5346.000000      7.6252e+08 
    5347.000000     7.61981e+08 
    5348.000000     7.61443e+08 
    5349.000000     7.60905e+08 
    5350.000000     7.60368e+08 
    5351.000000     7.59831e+08 
    5352.000000     7.59294e+08 
    5353.000000     7.58758e+08 
    5354.000000     7.58222e+08 
    5355.000000     7.57687e+08 
    5356.000000     7.57153e+08 
    5357.000000     7.56619e+08 
    5358.000000     7.56085e+08 
    5359.000000     7.55551e+08 
    5360.000000     7.55019e+08 
    5361.000000     7.54486e+08 
    5362.000000     7.53955e+08 
    5363.000000     7.53423e+08 
    5364.000000     7.52892e+08 
    5365.000000     7.52362e+08 
    5366.000000     7.51832e+08 
    5367.000000     7.51302e+08 
    5368.000000     7.50773e+08 
    5369.000000     7.50246e+08 
    5370.000000     7.49717e+08 
    5371.000000     7.49189e+08 
    5372.000000     7.48662e+08 
    5373.000000     7.48135e+08 
    5374.000000      7.4761e+08 
    5375.000000     7.47084e+08 
    5376.000000     7.46559e+08 
    5377.000000     7.46034e+08 
    5378.000000     7.45509e+08 
    5379.000000     7.44985e+08 
    5380.000000     7.44462e+08 
    5381.000000     7.43939e+08 
    5382.000000     7.43416e+08 
    5383.000000     7.42894e+08 
    5384.000000     7.42373e+08 
    5385.000000     7.41851e+08 
    5386.000000     7.41331e+08 
    5387.000000     7.40811e+08 
    5388.000000     7.40291e+08 
    5389.000000     7.39772e+08 
    5390.000000     7.39253e+08 
    5391.000000     7.38734e+08 
    5392.000000     7.38216e+08 
    5393.000000     7.37699e+08 
    5394.000000     7.37182e+08 
    5395.000000     7.36665e+08 
    5396.000000     7.36149e+08 
    5397.000000     7.35633e+08 
    5398.000000     7.35118e+08 
    5399.000000     7.34603e+08 
    5400.000000     7.34089e+08 
    5401.000000     7.33575e+08 
    5402.000000     7.33062e+08 
    5403.000000     7.32549e+08 
    5404.000000     7.32036e+08 
    5405.000000     7.31524e+08 
    5406.000000     7.31012e+08 
    5407.000000     7.30501e+08 
    5408.000000     7.29991e+08 
    5409.000000      7.2948e+08 
    5410.000000      7.2897e+08 
    5411.000000     7.28461e+08 
    5412.460862     7.27718e+08 
    5412.594699     6.40716e+08 
    5412.728543      6.3776e+08 
    5412.862393     6.30424e+08 
    5412.996250     6.24793e+08 
    5413.130113     6.30314e+08 
    5413.263984     6.37537e+08 
    5413.397860     6.40379e+08 
    5413.531744     7.27173e+08 
    5415.000000     7.26428e+08 
    5416.000000     7.25921e+08 
    5417.000000     7.25414e+08 
    5418.000000     7.24908e+08 
    5419.000000     7.24402e+08 
    5420.000000     7.23896e+08 
    5421.000000     7.23392e+08 
    5422.000000     7.22887e+08 
    5423.000000     7.22383e+08 
    5424.000000     7.21879e+08 
    5425.000000     7.21376e+08 
    5426.000000     7.20873e+08 
    5427.000000     7.20371e+08 
    5428.000000     7.19869e+08 
    5429.000000     7.19367e+08 
    5430.000000     7.18866e+08 
    5431.000000     7.18366e+08 
    5432.000000     7.17866e+08 
    5433.000000     7.17366e+08 
    5434.000000     7.16867e+08 
    5435.000000     7.16368e+08 
    5436.000000      7.1587e+08 
    5437.000000     7.15371e+08 
    5438.000000     7.14874e+08 
    5439.000000     7.14376e+08 
    5440.000000      7.1388e+08 
    5441.000000     7.13384e+08 
    5442.000000     7.12888e+08 
    5443.000000     7.12393e+08 
    5444.000000     7.11898e+08 
    5445.000000     7.11403e+08 
    5446.000000     7.10909e+08 
    5447.000000     7.10416e+08 
    5448.000000     7.09923e+08 
    5449.000000      7.0943e+08 
    5450.000000     7.08937e+08 
    5451.000000     7.08445e+08 
    5452.000000     7.07954e+08 
    5453.000000     7.07463e+08 
    5454.000000     7.06972e+08 
    5455.000000     7.06481e+08 
    5456.000000     7.05992e+08 
    5457.000000     7.05502e+08 
    5458.000000     7.05013e+08 
    5459.000000     7.04525e+08 
    5460.000000     7.04037e+08 
    5461.000000     7.03548e+08 
    5462.000000     7.03061e+08 
    5463.000000     7.02574e+08 
    5464.000000     7.02088e+08 
    5465.000000     7.01602e+08 
    5466.000000     7.01116e+08 
    5467.000000     7.00631e+08 
    5468.000000     7.00146e+08 
    5469.000000     6.99662e+08 
    5470.000000     6.99177e+08 
    5471.000000     6.98694e+08 
    5472.000000     6.98211e+08 
    5473.000000     6.97728e+08 
    5474.000000     6.97246e+08 
    5475.000000     6.96764e+08 
    5476.000000     6.96282e+08 
    5477.000000     6.95802e+08 
    5478.000000     6.95321e+08 
    5479.000000      6.9484e+08 
    5480.000000     6.94361e+08 
    5481.000000     6.93881e+08 
    5482.000000     6.93403e+08 
    5483.000000     6.92924e+08 
    5484.000000     6.92446e+08 
    5485.000000     6.91968e+08 
    5486.000000     6.91491e+08 
    5487.000000     6.91013e+08 
    5488.000000     6.90537e+08 
    5489.000000     6.90061e+08 
    5490.000000     6.89585e+08 
    5491.000000     6.89111e+08 
    5492.000000     6.88635e+08 
    5493.000000     6.88161e+08 
    5494.000000     6.87687e+08 
    5495.000000     6.87213e+08 
    5496.000000      6.8674e+08 
    5497.000000     6.86267e+08 
    5498.000000     6.85795e+08 
    5499.000000     6.85323e+08 
    5500.000000     6.84851e+08 
    5501.000000      6.8438e+08 
    5502.000000     6.83909e+08 
    5503.000000     6.83439e+08 
    5504.000000     6.82969e+08 
    5505.000000     6.82499e+08 
    5506.000000      6.8203e+08 
    5507.000000     6.81561e+08 
    5508.000000     6.81093e+08 
    5509.000000     6.80625e+08 
    5510.000000     6.80157e+08 
    5511.000000      6.7969e+08 
    5512.000000     6.79224e+08 
    5513.000000     6.78757e+08 
    5514.000000     6.78291e+08 
    5515.000000     6.77826e+08 
    5516.000000     6.77361e+08 
    5517.000000     6.76896e+08 
    5518.000000     6.76432e+08 
    5519.000000     6.75968e+08 
    5520.000000     6.75504e+08 
    5521.000000     6.75041e+08 
    5522.000000     6.74578e+08 
    5523.000000     6.74116e+08 
    5524.000000     6.73654e+08 
    5525.000000     6.73192e+08 
    5526.000000     6.72731e+08 
    5527.000000      6.7227e+08 
    5528.000000      6.7181e+08 
    5529.000000      6.7135e+08 
    5530.000000     6.70891e+08 
    5531.000000     6.70431e+08 
    5532.000000     6.69972e+08 
    5533.000000     6.69514e+08 
    5534.000000     6.69056e+08 
    5535.000000     6.68598e+08 
    5536.000000     6.68141e+08 
    5537.000000     6.67684e+08 
    5538.000000     6.67228e+08 
    5539.000000     6.66772e+08 
    5540.000000     6.66315e+08 
    5541.000000     6.65861e+08 
    5542.000000     6.65406e+08 
    5543.000000     6.64951e+08 
    5544.000000     6.64497e+08 
    5545.000000     6.64043e+08 
    5546.000000      6.6359e+08 
    5547.000000     6.63137e+08 
    5548.000000     6.62685e+08 
    5549.000000     6.62232e+08 
    5550.000000     6.61781e+08 
    5551.000000     6.61329e+08 
    5552.000000     6.60878e+08 
    5553.000000     6.60428e+08 
    5554.000000     6.59978e+08 
    5555.000000     6.59528e+08 
    5556.000000     6.59078e+08 
    5557.000000     6.58629e+08 
    5558.000000      6.5818e+08 
    5559.000000     6.57732e+08 
    5560.000000     6.57284e+08 
    5561.000000     6.56836e+08 
    5562.000000     6.56389e+08 
    5563.000000     6.55942e+08 
    5564.000000     6.55496e+08 
    5565.000000     6.55049e+08 
    5566.000000     6.54604e+08 
    5567.000000     6.54159e+08 
    5568.000000     6.53714e+08 
    5569.000000     6.53269e+08 
    5570.000000     6.52825e+08 
    5571.000000     6.52381e+08 
    5572.000000     6.51938e+08 
    5573.000000     6.51495e+08 
    5574.000000     6.51052e+08 
    5575.000000      6.5061e+08 
    5576.000000     6.50168e+08 
    5577.000000     6.49726e+08 
    5578.000000     6.49285e+08 
    5579.000000     6.48844e+08 
    5580.000000     6.48404e+08 
    5581.000000     6.47964e+08 
    5582.000000     6.47524e+08 
    5583.000000     6.47085e+08 
    5584.000000     6.46646e+08 
    5585.000000     6.46207e+08 
    5586.000000     6.45769e+08 
    5587.000000     6.45332e+08 
    5588.000000     6.44894e+08 
    5589.000000     6.44457e+08 
    5590.000000     6.44021e+08 
    5591.000000     6.43584e+08 
    5592.000000     6.43148e+08 
    5593.000000     6.42712e+08 
    5594.000000     6.42277e+08 
    5595.000000     6.41842e+08 
    5596.000000     6.41408e+08 
    5597.000000     6.40974e+08 
    5598.000000      6.4054e+08 
    5599.000000     6.40106e+08 
    5600.000000     6.39674e+08 
    5601.000000     6.39241e+08 
    5602.000000     6.38809e+08 
    5603.000000     6.38377e+08 
    5604.000000     6.37945e+08 
    5605.000000     6.37514e+08 
    5606.000000     6.37083e+08 
    5607.000000     6.36653e+08 
    5608.000000     6.36222e+08 
    5609.000000     6.35792e+08 
    5610.000000     6.35363e+08 
    5611.000000     6.34934e+08 
    5612.000000     6.34505e+08 
    5613.000000     6.34077e+08 
    5614.000000     6.33649e+08 
    5615.000000     6.33221e+08 
    5616.000000     6.32794e+08 
    5617.000000     6.32367e+08 
    5618.000000      6.3194e+08 
    5619.000000     6.31514e+08 
    5620.000000     6.31088e+08 
    5621.000000     6.30662e+08 
    5622.000000     6.30237e+08 
    5623.000000     6.29812e+08 
    5624.000000     6.29388e+08 
    5625.000000     6.28964e+08 
    5626.000000      6.2854e+08 
    5627.000000     6.28117e+08 
    5628.000000     6.27694e+08 
    5629.000000     6.27271e+08 
    5630.000000     6.26849e+08 
    5631.000000     6.26427e+08 
    5632.000000     6.26005e+08 
    5633.000000     6.25584e+08 
    5634.000000     6.25163e+08 
    5635.000000     6.24742e+08 
    5636.000000     6.24322e+08 
    5637.000000     6.23903e+08 
    5638.000000     6.23483e+08 
    5639.000000     6.23064e+08 
    5640.000000     6.22645e+08 
    5641.000000     6.22227e+08 
    5642.000000     6.21809e+08 
    5643.000000     6.21391e+08 
    5644.000000     6.20974e+08 
    5645.000000     6.20557e+08 
    5646.000000      6.2014e+08 
    5647.000000     6.19724e+08 
    5648.000000     6.19308e+08 
    5649.000000     6.18892e+08 
    5650.000000     6.18477e+08 
    5651.000000     6.18062e+08 
    5652.000000     6.17648e+08 
    5653.000000     6.17234e+08 
    5654.000000      6.1682e+08 
    5655.000000     6.16406e+08 
    5656.000000     6.15993e+08 
    5657.000000      6.1558e+08 
    5658.000000     6.15167e+08 
    5659.000000     6.14755e+08 
    5660.000000     6.14343e+08 
    5661.000000     6.13932e+08 
    5662.000000     6.13521e+08 
    5663.000000      6.1311e+08 
    5664.000000       6.127e+08 
    5665.000000     6.12289e+08 
    5666.000000      6.1188e+08 
    5667.000000      6.1147e+08 
    5668.000000     6.11061e+08 
    5669.000000     6.10653e+08 
    5670.000000     6.10244e+08 
    5671.000000     6.09837e+08 
    5672.000000     6.09429e+08 
    5673.000000     6.09022e+08 
    5674.000000     6.08614e+08 
    5675.000000     6.08208e+08 
    5676.000000     6.07802e+08 
    5677.000000     6.07396e+08 
    5678.000000      6.0699e+08 
    5679.000000     6.06584e+08 
    5680.000000     6.06179e+08 
    5681.000000     6.05775e+08 
    5682.000000     6.05371e+08 
    5683.000000     6.04967e+08 
    5684.000000     6.04563e+08 
    5685.000000      6.0416e+08 
    5686.000000     6.03757e+08 
    5687.000000     6.03354e+08 
    5688.000000     6.02952e+08 
    5689.000000      6.0255e+08 
    5690.000000     6.02149e+08 
    5691.000000     6.01748e+08 
    5692.000000     6.01347e+08 
    5693.000000     6.00946e+08 
    5694.000000     6.00546e+08 
    5695.000000     6.00146e+08 
    5696.149301     5.99686e+08 
    5697.000000     5.99347e+08 
    5698.000000     5.98948e+08 
    5699.000000      5.9855e+08 
    5700.000000     5.98152e+08 
    5701.000000     5.97754e+08 
    5702.000000     5.97357e+08 
    5703.000000     5.96959e+08 
    5704.000000     5.96562e+08 
    5705.000000     5.96166e+08 
    5706.000000     5.95769e+08 
    5707.000000     5.95374e+08 
    5708.000000     5.94978e+08 
    5709.000000     5.94583e+08 
    5710.000000     5.94188e+08 
    5711.000000     5.93794e+08 
    5712.000000     5.93399e+08 
    5713.000000     5.93006e+08 
    5714.000000     5.92612e+08 
    5715.000000     5.92219e+08 
    5716.000000     5.91826e+08 
    5717.000000     5.91433e+08 
    5718.000000     5.91041e+08 
    5719.000000     5.90649e+08 
    5720.000000     5.90258e+08 
    5721.000000     5.89866e+08 
    5722.000000     5.89475e+08 
    5723.000000     5.89085e+08 
    5724.000000     5.88695e+08 
    5725.000000     5.88305e+08 
    5726.000000     5.87915e+08 
    5727.000000     5.87525e+08 
    5728.000000     5.87136e+08 
    5729.000000     5.86748e+08 
    5730.000000     5.86359e+08 
    5731.000000     5.85971e+08 
    5732.000000     5.85584e+08 
    5733.000000     5.85196e+08 
    5734.000000     5.84809e+08 
    5735.000000     5.84423e+08 
    5736.000000     5.84036e+08 
    5737.000000      5.8365e+08 
    5738.000000     5.83264e+08 
    5739.000000     5.82879e+08 
    5740.000000     5.82493e+08 
    5741.000000     5.82109e+08 
    5742.000000     5.81724e+08 
    5743.000000      5.8134e+08 
    5744.000000     5.80956e+08 
    5745.000000     5.80572e+08 
    5746.000000     5.80189e+08 
    5747.000000     5.79806e+08 
    5748.000000     5.79424e+08 
    5749.000000     5.79041e+08 
    5750.000000     5.78659e+08 
    5751.000000     5.78278e+08 
    5752.000000     5.77896e+08 
    5753.000000     5.77515e+08 
    5754.000000     5.77135e+08 
    5755.000000     5.76754e+08 
    5756.000000     5.76374e+08 
    5757.000000     5.75994e+08 
    5758.000000     5.75615e+08 
    5759.000000     5.75236e+08 
    5760.000000     5.74857e+08 
    5761.000000     5.74478e+08 
    5762.000000       5.741e+08 
    5763.000000     5.73722e+08 
    5764.000000     5.73345e+08 
    5765.000000     5.72967e+08 
    5766.000000      5.7259e+08 
    5767.000000     5.72214e+08 
    5768.000000     5.71837e+08 
    5769.000000     5.71461e+08 
    5770.000000     5.71086e+08 
    5771.000000      5.7071e+08 
    5772.000000     5.70335e+08 
    5773.000000      5.6996e+08 
    5774.000000     5.69586e+08 
    5775.000000     5.69211e+08 
    5776.000000     5.68838e+08 
    5777.000000     5.68464e+08 
    5778.000000     5.68091e+08 
    5779.000000     5.67718e+08 
    5780.000000     5.67345e+08 
    5781.000000     5.66973e+08 
    5782.000000     5.66601e+08 
    5783.000000     5.66229e+08 
    5784.000000     5.65858e+08 
    5785.000000     5.65487e+08 
    5786.000000     5.65116e+08 
    5787.000000     5.64745e+08 
    5788.000000     5.64375e+08 
    5789.000000     5.64005e+08 
    5790.000000     5.63636e+08 
    5791.000000     5.63266e+08 
    5792.000000     5.62897e+08 
    5793.000000     5.62529e+08 
    5794.000000      5.6216e+08 
    5795.000000     5.61792e+08 
    5796.000000     5.61424e+08 
    5797.000000     5.61057e+08 
    5798.000000     5.60689e+08 
    5799.000000     5.60323e+08 
    5800.000000     5.59956e+08 
    5801.000000      5.5959e+08 
    5802.000000     5.59224e+08 
    5803.000000     5.58858e+08 
    5804.000000     5.58493e+08 
    5805.000000     5.58128e+08 
    5806.000000     5.57763e+08 
    5807.000000     5.57398e+08 
    5808.000000     5.57034e+08 
    5809.000000      5.5667e+08 
    5810.000000     5.56307e+08 
    5811.000000     5.55943e+08 
    5812.000000      5.5558e+08 
    5813.000000     5.55218e+08 
    5814.000000     5.54856e+08 
    5815.000000     5.54493e+08 
    5816.000000     5.54131e+08 
    5817.000000      5.5377e+08 
    5818.000000     5.53409e+08 
    5819.000000     5.53048e+08 
    5820.000000     5.52687e+08 
    5821.000000     5.52327e+08 
    5822.000000     5.51967e+08 
    5823.000000     5.51606e+08 
    5824.000000     5.51247e+08 
    5825.000000     5.50888e+08 
    5826.000000     5.50529e+08 
    5827.000000     5.50171e+08 
    5828.000000     5.49812e+08 
    5829.000000     5.49455e+08 
    5830.000000     5.49097e+08 
    5831.000000     5.48739e+08 
    5832.000000     5.48382e+08 
    5833.000000     5.48025e+08 
    5834.000000     5.47669e+08 
    5835.000000     5.47313e+08 
    5836.000000     5.46957e+08 
    5837.000000     5.46601e+08 
    5838.000000     5.46246e+08 
    5839.000000     5.45891e+08 
    5840.000000     5.45536e+08 
    5841.000000     5.45182e+08 
    5842.000000     5.44827e+08 
    5843.000000     5.44474e+08 
    5844.000000      5.4412e+08 
    5845.000000     5.43766e+08 
    5846.000000     5.43413e+08 
    5847.000000      5.4306e+08 
    5848.000000     5.42708e+08 
    5849.000000     5.42356e+08 
    5849.515668     5.42174e+08 
    5851.000000     5.41636e+08 
    5852.000000     5.41283e+08 
    5853.000000     5.40931e+08 
    5854.000000     5.40578e+08 
    5855.000000     5.40226e+08 
    5856.000000     5.39874e+08 
    5857.000000     5.39521e+08 
    5858.000000     5.39169e+08 
    5859.000000     5.38816e+08 
    5860.000000     5.38463e+08 
    5861.000000      5.3811e+08 
    5862.000000     5.37756e+08 
    5863.369659     5.37269e+08 
    5864.000000     5.37044e+08 
    5865.000000     5.36686e+08 
    5866.000000     5.36325e+08 
    5867.000000      5.3596e+08 
    5868.000000      5.3559e+08 
    5869.000000     5.35211e+08 
    5870.321293     5.34688e+08 
    5871.000000     5.34402e+08 
    5872.000000     5.33943e+08 
    5873.000000     5.33397e+08 
    5873.803295     5.32819e+08 
    5875.000000     5.31265e+08 
    5875.545845     5.29671e+08 
    5876.417508     5.20486e+08 
    5876.853437     4.61661e+08 
    5877.071425     3.82694e+08 
    5877.180426     3.58517e+08 
    5877.224027      3.5337e+08 
    5877.245828     3.51769e+08 
    5877.267629      3.5081e+08 
    5877.289430     3.50486e+08 
    5877.311231       3.508e+08 
    5877.333033      3.5175e+08 
    5877.354835     3.53341e+08 
    5877.398438     3.58468e+08 
    5877.507451     3.82592e+08 
    5877.725488     4.61416e+08 
    5878.161610     5.19913e+08 
    5879.034050     5.28487e+08 
    5880.000000     5.30124e+08 
    5880.779706     5.30427e+08 
    5882.000000     5.30405e+08 
    5883.000000     5.30218e+08 
    5884.274129     5.29891e+08 
    5885.000000     5.29683e+08 
    5886.000000     5.29381e+08 
    5887.000000     5.29067e+08 
    5888.000000     5.28746e+08 
    5889.000000     5.28421e+08 
    5890.000000     5.28092e+08 
    5891.275450     5.27669e+08 
    5892.000000     5.27428e+08 
    5893.000000     5.27094e+08 
    5894.000000      5.2676e+08 
    5895.000000     5.26425e+08 
    5896.000000     5.26089e+08 
    5897.000000     5.25754e+08 
    5898.000000     5.25418e+08 
    5899.000000     5.25082e+08 
    5900.000000     5.24746e+08 
    5901.000000      5.2441e+08 
    5902.000000     5.24074e+08 
    5903.000000     5.23738e+08 
    5904.000000     5.23403e+08 
    5905.328192     5.22971e+08 
    5906.000000     5.22745e+08 
    5907.000000     5.22409e+08 
    5908.000000     5.22073e+08 
    5909.000000     5.21737e+08 
    5910.000000     5.21402e+08 
    5911.000000     5.21067e+08 
    5912.000000     5.20732e+08 
    5913.000000     5.20398e+08 
    5914.000000     5.20064e+08 
    5915.000000      5.1973e+08 
    5916.000000     5.19396e+08 
    5917.000000     5.19063e+08 
    5918.000000      5.1873e+08 
    5919.000000     5.18397e+08 
    5920.000000     5.18065e+08 
    5921.000000     5.17732e+08 
    5922.000000       5.174e+08 
    5923.000000     5.17068e+08 
    5924.000000     5.16737e+08 
    5925.000000     5.16406e+08 
    5926.000000     5.16075e+08 
    5927.000000     5.15744e+08 
    5928.000000     5.15413e+08 
    5929.000000     5.15083e+08 
    5930.000000     5.14754e+08 
    5931.000000     5.14424e+08 
    5932.000000     5.14095e+08 
    5933.000000     5.13766e+08 
    5934.000000     5.13437e+08 
    5935.000000     5.13108e+08 
    5936.000000      5.1278e+08 
    5937.000000     5.12452e+08 
    5938.000000     5.12124e+08 
    5939.000000     5.11797e+08 
    5940.000000     5.11469e+08 
    5941.000000     5.11142e+08 
    5942.000000     5.10816e+08 
    5943.000000     5.10489e+08 
    5944.000000     5.10163e+08 
    5945.000000     5.09837e+08 
    5946.000000     5.09511e+08 
    5947.000000     5.09186e+08 
    5948.000000     5.08861e+08 
    5949.000000     5.08536e+08 
    5950.000000     5.08211e+08 
    5951.000000     5.07887e+08 
    5952.000000     5.07563e+08 
    5953.000000     5.07239e+08 
    5954.000000     5.06915e+08 
    5955.000000     5.06592e+08 
    5956.000000     5.06269e+08 
    5957.000000     5.05946e+08 
    5958.000000     5.05624e+08 
    5959.000000     5.05301e+08 
    5960.000000     5.04979e+08 
    5961.000000     5.04657e+08 
    5962.000000     5.04336e+08 
    5963.000000     5.04015e+08 
    5964.000000     5.03693e+08 
    5965.000000     5.03373e+08 
    5966.000000     5.03052e+08 
    5967.000000     5.02732e+08 
    5968.000000     5.02412e+08 
    5969.000000     5.02092e+08 
    5970.000000     5.01773e+08 
    5971.000000     5.01453e+08 
    5972.000000     5.01134e+08 
    5973.000000     5.00816e+08 
    5974.000000     5.00497e+08 
    5975.000000     5.00179e+08 
    5976.000000     4.99861e+08 
    5977.000000     4.99543e+08 
    5978.000000     4.99226e+08 
    5979.000000     4.98909e+08 
    5980.000000     4.98592e+08 
    5981.000000     4.98275e+08 
    5982.000000     4.97959e+08 
    5983.000000     4.97643e+08 
    5984.000000     4.97327e+08 
    5985.000000     4.97011e+08 
    5986.000000     4.96696e+08 
    5987.000000      4.9638e+08 
    5988.000000     4.96065e+08 
    5989.000000     4.95751e+08 
    5990.000000     4.95436e+08 
    5991.000000     4.95122e+08 
    5992.000000     4.94808e+08 
    5993.000000     4.94495e+08 
    5994.000000     4.94181e+08 
    5995.000000     4.93868e+08 
    5996.000000     4.93555e+08 
    5997.000000     4.93242e+08 
    5998.000000      4.9293e+08 
    5999.000000     4.92618e+08 
    6000.000000     4.92305e+08 
    6001.000000     4.91994e+08 
    6002.000000     4.91682e+08 
    6003.000000     4.91371e+08 
    6004.000000      4.9106e+08 
    6005.000000      4.9075e+08 
    6006.000000     4.90439e+08 
    6007.000000     4.90129e+08 
    6008.000000     4.89819e+08 
    6009.000000     4.89509e+08 
    6010.000000       4.892e+08 
    6011.000000     4.88891e+08 
    6012.000000     4.88581e+08 
    6013.000000     4.88273e+08 
    6014.000000     4.87964e+08 
    6015.000000     4.87656e+08 
    6016.000000     4.87348e+08 
    6017.000000      4.8704e+08 
    6018.000000     4.86733e+08 
    6019.000000     4.86426e+08 
    6020.000000     4.86118e+08 
    6021.000000     4.85812e+08 
    6022.000000     4.85505e+08 
    6023.000000     4.85199e+08 
    6024.000000     4.84893e+08 
    6025.000000     4.84587e+08 
    6026.000000     4.84282e+08 
    6027.000000     4.83976e+08 
    6028.000000     4.83671e+08 
    6029.000000     4.83366e+08 
    6030.000000     4.83062e+08 
    6031.000000     4.82757e+08 
    6032.000000     4.82453e+08 
    6033.000000     4.82149e+08 
    6034.000000     4.81846e+08 
    6035.000000     4.81542e+08 
    6036.000000     4.81239e+08 
    6037.000000     4.80936e+08 
    6038.000000     4.80634e+08 
    6039.000000     4.80331e+08 
    6040.000000     4.80029e+08 
    6041.000000     4.79727e+08 
    6042.000000     4.79426e+08 
    6043.000000     4.79124e+08 
    6044.000000     4.78823e+08 
    6045.000000     4.78522e+08 
    6046.000000     4.78221e+08 
    6047.000000      4.7792e+08 
    6048.000000      4.7762e+08 
    6049.000000      4.7732e+08 
    6050.000000      4.7702e+08 
    6051.000000     4.76721e+08 
    6052.000000     4.76422e+08 
    6053.000000     4.76123e+08 
    6054.000000     4.75824e+08 
    6055.000000     4.75525e+08 
    6056.000000     4.75227e+08 
    6057.000000     4.74928e+08 
    6058.000000     4.74631e+08 
    6059.000000     4.74333e+08 
    6060.000000     4.74035e+08 
    6061.000000     4.73738e+08 
    6062.000000     4.73441e+08 
    6063.000000     4.73145e+08 
    6064.000000     4.72848e+08 
    6065.000000     4.72552e+08 
    6066.000000     4.72256e+08 
    6067.000000      4.7196e+08 
    6068.000000     4.71664e+08 
    6069.000000     4.71369e+08 
    6070.000000     4.71074e+08 
    6071.000000     4.70779e+08 
    6072.000000     4.70484e+08 
    6073.000000      4.7019e+08 
    6074.000000     4.69896e+08 
    6075.043001     4.69589e+08 
    6075.193222     4.69209e+08 
    6075.343451     4.69165e+08 
    6075.493687     4.69121e+08 
    6075.643930     4.69078e+08 
    6075.794181     4.69033e+08 
    6075.944439     4.68989e+08 
    6076.094705     4.68945e+08 
    6076.244978     4.69236e+08 
    6077.000000     4.69014e+08 
    6078.000000     4.68721e+08 
    6079.000000     4.68428e+08 
    6080.000000     4.68135e+08 
    6081.000000     4.67843e+08 
    6082.000000      4.6755e+08 
    6083.000000     4.67258e+08 
    6084.000000     4.66966e+08 
    6085.000000     4.66674e+08 
    6086.000000     4.66383e+08 
    6087.000000     4.66092e+08 
    6088.000000     4.65801e+08 
    6089.000000      4.6551e+08 
    6090.000000      4.6522e+08 
    6091.000000     4.64929e+08 
    6092.000000     4.64639e+08 
    6093.000000     4.64349e+08 
    6094.000000      4.6406e+08 
    6095.000000      4.6377e+08 
    6096.000000     4.63481e+08 
    6097.000000     4.63193e+08 
    6098.000000     4.62904e+08 
    6099.000000     4.62615e+08 
    6100.000000     4.62327e+08 
    6101.000000     4.62039e+08 
    6102.000000     4.61751e+08 
    6102.676812     4.61556e+08 
    6104.000000     4.61157e+08 
    6105.000000     4.60869e+08 
    6106.000000     4.60582e+08 
    6107.000000     4.60295e+08 
    6108.000000     4.60009e+08 
    6109.000000     4.59722e+08 
    6110.000000     4.59436e+08 
    6111.000000     4.59151e+08 
    6112.000000     4.58865e+08 
    6113.000000      4.5858e+08 
    6114.000000     4.58294e+08 
    6115.000000     4.58009e+08 
    6116.000000     4.57724e+08 
    6117.000000      4.5744e+08 
    6118.000000     4.57155e+08 
    6119.085115     4.56847e+08 
    6119.236425     4.56215e+08 
    6119.387742     4.56173e+08 
    6119.539067      4.5613e+08 
    6119.690400     4.56087e+08 
    6119.841740     4.56044e+08 
    6119.993088     4.56001e+08 
    6120.144442     4.55959e+08 
    6120.295805     4.56504e+08 
    6121.000000     4.56304e+08 
    6122.000000      4.5602e+08 
    6123.000000     4.55737e+08 
    6124.000000     4.55454e+08 
    6125.000000     4.55171e+08 
    6126.000000     4.54889e+08 
    6127.000000     4.54606e+08 
    6128.000000     4.54324e+08 
    6129.000000     4.54042e+08 
    6130.000000     4.53761e+08 
    6131.000000     4.53479e+08 
    6132.000000     4.53198e+08 
    6133.000000     4.52917e+08 
    6134.000000     4.52636e+08 
    6135.000000     4.52355e+08 
    6136.000000     4.52075e+08 
    6137.000000     4.51795e+08 
    6138.000000     4.51515e+08 
    6139.000000     4.51235e+08 
    6140.000000     4.50956e+08 
    6141.000000     4.50676e+08 
    6142.000000     4.50397e+08 
    6143.000000     4.50118e+08 
    6144.000000      4.4984e+08 
    6145.000000     4.49561e+08 
    6146.000000     4.49283e+08 
    6147.000000     4.49005e+08 
    6148.000000     4.48727e+08 
    6149.000000     4.48449e+08 
    6150.000000     4.48172e+08 
    6151.000000     4.47895e+08 
    6152.000000     4.47618e+08 
    6153.000000     4.47341e+08 
    6154.000000     4.47064e+08 
    6155.000000     4.46788e+08 
    6156.000000     4.46512e+08 
    6157.000000     4.46236e+08 
    6158.000000      4.4596e+08 
    6159.000000     4.45685e+08 
    6160.000000      4.4541e+08 
    6161.000000     4.45135e+08 
    6162.000000      4.4486e+08 
    6163.000000     4.44585e+08 
    6164.000000     4.44311e+08 
    6165.000000     4.44037e+08 
    6166.000000     4.43763e+08 
    6167.000000     4.43489e+08 
    6168.000000     4.43216e+08 
    6169.000000     4.42942e+08 
    6170.000000     4.42669e+08 
    6171.488681     4.42262e+08 
    6171.641287     4.41212e+08 
    6171.793900      4.4117e+08 
    6171.946521     4.41128e+08 
    6172.099150     4.41083e+08 
    6172.251786     4.41045e+08 
    6172.404430     4.41004e+08 
    6172.557081     4.40963e+08 
    6172.709740      4.4193e+08 
    6174.000000     4.41578e+08 
    6175.000000     4.41306e+08 
    6176.000000     4.41034e+08 
    6177.000000     4.40763e+08 
    6178.000000     4.40491e+08 
    6179.000000      4.4022e+08 
    6180.000000     4.39949e+08 
    6181.000000     4.39678e+08 
    6182.000000     4.39408e+08 
    6183.000000     4.39137e+08 
    6184.000000     4.38867e+08 
    6185.000000     4.38597e+08 
    6186.000000     4.38327e+08 
    6187.000000     4.38057e+08 
    6188.000000     4.37788e+08 
    6189.000000     4.37519e+08 
    6190.000000      4.3725e+08 
    6191.000000     4.36981e+08 
    6192.000000     4.36712e+08 
    6193.000000     4.36444e+08 
    6194.000000     4.36176e+08 
    6195.000000     4.35908e+08 
    6196.000000      4.3564e+08 
    6197.000000     4.35372e+08 
    6198.000000     4.35105e+08 
    6199.000000     4.34838e+08 
    6200.000000     4.34571e+08 
    6201.000000     4.34304e+08 
    6202.000000     4.34038e+08 
    6203.000000     4.33771e+08 
    6204.000000     4.33505e+08 
    6205.000000     4.33239e+08 
    6206.000000     4.32974e+08 
    6207.000000     4.32708e+08 
    6208.000000     4.32443e+08 
    6209.000000     4.32178e+08 
    6210.000000     4.31913e+08 
    6211.000000     4.31648e+08 
    6212.000000     4.31383e+08 
    6213.000000     4.31119e+08 
    6214.000000     4.30855e+08 
    6215.000000     4.30591e+08 
    6216.000000     4.30327e+08 
    6217.000000     4.30064e+08 
    6218.000000       4.298e+08 
    6219.000000     4.29538e+08 
    6220.000000     4.29274e+08 
    6221.000000     4.29012e+08 
    6222.000000     4.28749e+08 
    6223.000000     4.28487e+08 
    6224.000000     4.28225e+08 
    6225.000000     4.27963e+08 
    6226.000000     4.27701e+08 
    6227.000000     4.27439e+08 
    6228.000000     4.27178e+08 
    6229.000000     4.26917e+08 
    6230.000000     4.26656e+08 
    6231.000000     4.26395e+08 
    6232.000000     4.26135e+08 
    6233.000000     4.25874e+08 
    6234.000000     4.25614e+08 
    6234.578190     4.25463e+08 
    6234.732356     4.23749e+08 
    6234.886530     4.23708e+08 
    6235.040711     4.23663e+08 
    6235.194900     4.23613e+08 
    6235.349096     4.23583e+08 
    6235.503301     4.23549e+08 
    6235.657512      4.2351e+08 
    6235.811732     4.25143e+08 
    6237.000000     4.24835e+08 
    6238.000000     4.24575e+08 
    6239.000000     4.24316e+08 
    6240.000000     4.24057e+08 
    6241.000000     4.23798e+08 
    6242.000000      4.2354e+08 
    6243.000000     4.23281e+08 
    6244.000000     4.23023e+08 
    6245.000000     4.22765e+08 
    6246.000000     4.22507e+08 
    6247.000000      4.2225e+08 
    6248.000000     4.21992e+08 
    6249.000000     4.21735e+08 
    6250.000000     4.21478e+08 
    6251.000000     4.21221e+08 
    6252.000000     4.20964e+08 
    6253.000000     4.20708e+08 
    6254.000000     4.20452e+08 
    6255.000000     4.20196e+08 
    6256.000000      4.1994e+08 
    6257.000000     4.19684e+08 
    6258.000000     4.19428e+08 
    6259.000000     4.19173e+08 
    6260.000000     4.18918e+08 
    6261.000000     4.18663e+08 
    6262.000000     4.18408e+08 
    6263.000000     4.18154e+08 
    6264.000000     4.17899e+08 
    6265.000000     4.17645e+08 
    6266.000000     4.17391e+08 
    6267.000000     4.17137e+08 
    6268.000000     4.16884e+08 
    6269.000000      4.1663e+08 
    6270.000000     4.16377e+08 
    6271.000000     4.16124e+08 
    6272.000000     4.15871e+08 
    6273.000000     4.15618e+08 
    6274.000000     4.15365e+08 
    6275.000000     4.15113e+08 
    6276.000000     4.14861e+08 
    6277.000000     4.14609e+08 
    6278.000000     4.14358e+08 
    6279.000000     4.14106e+08 
    6280.000000     4.13855e+08 
    6281.000000     4.13603e+08 
    6282.000000     4.13352e+08 
    6283.000000     4.13102e+08 
    6284.000000     4.12851e+08 
    6285.000000       4.126e+08 
    6286.000000      4.1235e+08 
    6287.000000       4.121e+08 
    6288.000000      4.1185e+08 
    6289.000000       4.116e+08 
    6290.000000     4.11351e+08 
    6291.000000     4.11102e+08 
    6292.000000     4.10852e+08 
    6293.000000     4.10603e+08 
    6294.000000     4.10354e+08 
    6295.000000     4.10106e+08 
    6296.000000     4.09857e+08 
    6297.000000     4.09609e+08 
    6298.000000     4.09361e+08 
    6299.000000     4.09113e+08 
    6300.000000     4.08865e+08 
    6301.000000     4.08618e+08 
    6302.000000      4.0837e+08 
    6303.000000     4.08123e+08 
    6304.000000     4.07876e+08 
    6305.000000     4.07629e+08 
    6306.000000     4.07382e+08 
    6307.000000     4.07136e+08 
    6308.000000      4.0689e+08 
    6309.000000     4.06643e+08 
    6310.000000     4.06397e+08 
    6311.000000     4.06151e+08 
    6311.571974     4.06011e+08 
    6311.728044     4.03339e+08 
    6311.884122       4.033e+08 
    6312.040207     4.03238e+08 
    6312.196300     4.03177e+08 
    6312.352401     4.03162e+08 
    6312.508509     4.03148e+08 
    6312.664625     4.03112e+08 
    6312.820749     4.05705e+08 
    6314.000000     4.05416e+08 
    6315.000000      4.0517e+08 
    6316.000000     4.04925e+08 
    6317.000000      4.0468e+08 
    6318.000000     4.04436e+08 
    6319.000000     4.04192e+08 
    6320.000000     4.03948e+08 
    6321.000000     4.03703e+08 
    6322.000000     4.03459e+08 
    6323.000000     4.03216e+08 
    6324.000000     4.02972e+08 
    6325.220764     4.02675e+08 
    6326.000000     4.02486e+08 
    6327.000000     4.02243e+08 
    6328.000000        4.02e+08 
    6329.000000     4.01758e+08 
    6330.000000     4.01515e+08 
    6331.000000     4.01272e+08 
    6332.000000      4.0103e+08 
    6333.000000     4.00788e+08 
    6334.000000     4.00546e+08 
    6335.000000     4.00305e+08 
    6336.000000     4.00063e+08 
    6337.000000     3.99822e+08 
    6338.000000     3.99581e+08 
    6339.000000      3.9934e+08 
    6340.000000     3.99099e+08 
    6341.000000     3.98858e+08 
    6342.000000     3.98618e+08 
    6343.000000     3.98378e+08 
    6344.000000     3.98137e+08 
    6345.000000     3.97897e+08 
    6346.000000     3.97657e+08 
    6347.000000     3.97418e+08 
    6348.000000     3.97178e+08 
    6349.000000     3.96939e+08 
    6350.000000       3.967e+08 
    6351.000000     3.96461e+08 
    6352.000000     3.96222e+08 
    6353.000000     3.95983e+08 
    6354.000000     3.95745e+08 
    6355.000000     3.95506e+08 
    6356.000000     3.95268e+08 
    6357.000000      3.9503e+08 
    6358.000000     3.94792e+08 
    6359.000000     3.94555e+08 
    6360.000000     3.94317e+08 
    6361.000000     3.94079e+08 
    6362.000000     3.93842e+08 
    6363.000000     3.93605e+08 
    6364.000000     3.93368e+08 
    6365.000000     3.93131e+08 
    6366.000000     3.92894e+08 
    6367.000000     3.92658e+08 
    6368.000000     3.92421e+08 
    6369.000000     3.92185e+08 
    6370.000000     3.91949e+08 
    6371.000000     3.91713e+08 
    6372.000000     3.91477e+08 
    6373.000000     3.91242e+08 
    6374.000000     3.91006e+08 
    6375.000000     3.90771e+08 
    6376.000000     3.90536e+08 
    6377.000000     3.90301e+08 
    6378.000000     3.90066e+08 
    6379.000000     3.89831e+08 
    6380.000000     3.89596e+08 
    6381.000000     3.89362e+08 
    6382.000000     3.89127e+08 
    6383.000000     3.88893e+08 
    6384.000000     3.88659e+08 
    6385.000000     3.88425e+08 
    6386.000000     3.88191e+08 
    6387.000000     3.87957e+08 
    6388.000000     3.87724e+08 
    6389.000000     3.87491e+08 
    6390.000000     3.87257e+08 
    6391.000000     3.87024e+08 
    6392.000000     3.86791e+08 
    6393.000000     3.86558e+08 
    6394.000000     3.86325e+08 
    6395.000000     3.86092e+08 
    6396.000000      3.8586e+08 
    6397.000000     3.85628e+08 
    6398.000000     3.85395e+08 
    6399.000000     3.85163e+08 
    6400.000000     3.84931e+08 
    6401.000000     3.84699e+08 
    6402.000000     3.84467e+08 
    6403.000000     3.84236e+08 
    6404.000000     3.84004e+08 
    6405.000000     3.83772e+08 
    6406.000000     3.83541e+08 
    6407.000000     3.83309e+08 
    6407.612564     3.83167e+08 
    6407.771009      3.7934e+08 
    6407.929462     3.79301e+08 
    6408.087922     3.79194e+08 
    6408.246390     3.79101e+08 
    6408.404866     3.79122e+08 
    6408.563350     3.79157e+08 
    6408.721842     3.79125e+08 
    6408.880341     3.82875e+08 
    6410.000000     3.82616e+08 
    6411.000000     3.82385e+08 
    6412.000000     3.82154e+08 
    6413.000000     3.81923e+08 
    6414.000000     3.81693e+08 
    6415.000000     3.81462e+08 
    6416.000000     3.81231e+08 
    6417.000000     3.81001e+08 
    6418.000000     3.80771e+08 
    6419.000000      3.8054e+08 
    6420.000000      3.8031e+08 
    6421.000000      3.8008e+08 
    6422.000000      3.7985e+08 
    6423.000000      3.7962e+08 
    6424.000000      3.7939e+08 
    6425.000000      3.7916e+08 
    6426.000000      3.7893e+08 
    6427.000000       3.787e+08 
    6428.000000      3.7847e+08 
    6429.000000     3.78241e+08 
    6430.000000     3.78011e+08 
    6431.000000     3.77781e+08 
    6432.000000     3.77552e+08 
    6433.000000     3.77322e+08 
    6434.000000     3.77092e+08 
    6435.000000     3.76863e+08 
    6436.000000     3.76633e+08 
    6437.000000     3.76404e+08 
    6438.000000     3.76174e+08 
    6439.000000     3.75944e+08 
    6440.000000     3.75714e+08 
    6441.000000     3.75484e+08 
    6442.000000     3.75255e+08 
    6442.692348     3.75096e+08 
    6444.000000     3.74795e+08 
    6445.000000     3.74565e+08 
    6446.000000     3.74335e+08 
    6447.000000     3.74105e+08 
    6448.000000     3.73875e+08 
    6449.000000     3.73645e+08 
    6450.000000     3.73415e+08 
    6451.000000     3.73184e+08 
    6452.000000     3.72954e+08 
    6453.000000     3.72723e+08 
    6454.000000     3.72492e+08 
    6455.000000     3.72261e+08 
    6456.000000      3.7203e+08 
    6457.000000     3.71798e+08 
    6458.000000     3.71567e+08 
    6459.000000     3.71335e+08 
    6460.000000     3.71103e+08 
    6461.000000     3.70871e+08 
    6462.000000     3.70638e+08 
    6463.000000     3.70405e+08 
    6464.000000     3.70172e+08 
    6465.000000     3.69939e+08 
    6466.000000     3.69705e+08 
    6467.000000      3.6947e+08 
    6468.000000     3.69236e+08 
    6469.000000     3.69001e+08 
    6470.000000     3.68765e+08 
    6471.000000     3.68529e+08 
    6472.000000     3.68293e+08 
    6473.000000     3.68056e+08 
    6474.000000     3.67818e+08 
    6475.000000      3.6758e+08 
    6476.000000     3.67341e+08 
    6477.000000     3.67102e+08 
    6478.000000     3.66862e+08 
    6479.000000     3.66621e+08 
    6480.000000     3.66379e+08 
    6481.000000     3.66137e+08 
    6482.000000     3.65893e+08 
    6483.000000     3.65649e+08 
    6484.000000     3.65403e+08 
    6485.000000     3.65156e+08 
    6486.000000     3.64909e+08 
    6487.000000      3.6466e+08 
    6488.000000      3.6441e+08 
    6489.000000     3.64158e+08 
    6490.000000     3.63905e+08 
    6491.000000      3.6365e+08 
    6492.000000     3.63394e+08 
    6493.000000     3.63136e+08 
    6494.000000     3.62876e+08 
    6495.000000     3.62614e+08 
    6496.000000      3.6235e+08 
    6497.000000     3.62084e+08 
    6498.000000     3.61815e+08 
    6499.000000     3.61544e+08 
    6500.000000      3.6127e+08 
    6501.000000     3.60993e+08 
    6502.000000     3.60713e+08 
    6503.079732     3.60407e+08 
    6504.000000     3.60143e+08 
    6505.000000     3.59852e+08 
    6506.000000     3.59557e+08 
    6507.000000     3.59258e+08 
    6508.000000     3.58955e+08 
    6509.000000     3.58646e+08 
    6510.000000     3.58332e+08 
    6511.000000     3.58012e+08 
    6512.000000     3.57686e+08 
    6513.000000     3.57354e+08 
    6514.000000     3.57014e+08 
    6515.000000     3.56667e+08 
    6516.000000     3.56312e+08 
    6517.000000     3.55947e+08 
    6518.000000     3.55574e+08 
    6519.000000     3.55189e+08 
    6520.000000     3.54794e+08 
    6521.000000     3.54387e+08 
    6522.000000     3.53966e+08 
    6523.000000     3.53532e+08 
    6524.000000     3.53082e+08 
    6525.000000     3.52615e+08 
    6526.000000     3.52131e+08 
    6527.000000     3.51627e+08 
    6528.354701      3.5091e+08 
    6528.516131     3.47319e+08 
    6528.677569     3.47202e+08 
    6528.839016     3.46989e+08 
    6529.000470     3.46816e+08 
    6529.161932     3.46833e+08 
    6529.323402      3.4689e+08 
    6529.484881      3.4685e+08 
    6529.646367     3.50186e+08 
    6531.000000      3.4938e+08 
    6532.000000     3.48751e+08 
    6533.000000     3.48088e+08 
    6533.699932     3.47604e+08 
    6535.000000     3.46655e+08 
    6536.000000     3.45877e+08 
    6537.000000     3.45055e+08 
    6538.000000      3.4418e+08 
    6539.000000     3.43254e+08 
    6540.000000      3.4227e+08 
    6541.000000     3.41214e+08 
    6542.000000     3.40098e+08 
    6543.000000     3.38887e+08 
    6544.000000     3.37616e+08 
    6545.000000     3.36254e+08 
    6546.000000     3.34767e+08 
    6547.000000     3.33208e+08 
    6548.000000     3.31485e+08 
    6549.118420     3.29477e+08 
    6550.000000     3.27695e+08 
    6551.000000     3.25646e+08 
    6552.000000     3.23312e+08 
    6553.000000     3.20752e+08 
    6554.000000     3.18239e+08 
    6555.000000     3.15278e+08 
    6556.000000     3.12064e+08 
    6556.854985     3.09399e+08 
    6558.000000      3.0513e+08 
    6559.000000     3.00909e+08 
    6560.000000     2.95759e+08 
    6560.730126      2.9152e+08 
    6561.212231      2.8826e+08 
    6561.374473     2.86901e+08 
    6561.536724     2.87042e+08 
    6561.698983     2.88211e+08 
    6561.861250     2.89702e+08 
    6562.023525     2.86383e+08 
    6562.185808     2.82485e+08 
    6562.348099     2.80546e+08 
    6562.510398     2.75907e+08 
    6562.669414     2.74484e+08 
    6563.639489     2.53818e+08 
    6564.124634     2.44219e+08 
    6564.367233     2.46203e+08 
    6564.464278     2.48125e+08 
    6564.512801      2.4896e+08 
    6564.561325     2.49545e+08 
    6564.609850     2.49745e+08 
    6564.658376     2.49531e+08 
    6564.706902     2.48931e+08 
    6564.755429     2.48082e+08 
    6564.852485     2.46132e+08 
    6565.095138      2.4408e+08 
    6565.580498     2.53537e+08 
    6566.551433     2.73887e+08 
    6568.494166     2.90268e+08 
    6569.000000     2.93174e+08 
    6570.000000     2.97827e+08 
    6571.000000     3.01791e+08 
    6572.383081     3.06756e+08 
    6573.000000     3.08455e+08 
    6574.000000     3.11332e+08 
    6575.000000     3.13964e+08 
    6576.000000     3.16116e+08 
    6577.000000     3.18305e+08 
    6578.000000     3.20123e+08 
    6579.000000     3.21949e+08 
    6580.174742     3.23826e+08 
    6581.000000      3.2498e+08 
    6582.000000     3.26316e+08 
    6583.000000     3.27488e+08 
    6584.000000      3.2855e+08 
    6585.000000     3.29551e+08 
    6586.000000     3.30428e+08 
    6587.000000     3.31238e+08 
    6588.000000     3.31955e+08 
    6589.000000       3.326e+08 
    6590.000000      3.3319e+08 
    6591.000000     3.33712e+08 
    6592.000000     3.34177e+08 
    6593.000000     3.34597e+08 
    6594.000000     3.34967e+08 
    6595.000000     3.35295e+08 
    6595.813618     3.35533e+08 
    6597.000000     3.35837e+08 
    6598.000000     3.36058e+08 
    6599.000000     3.36248e+08 
    6600.000000     3.36411e+08 
    6601.000000     3.36549e+08 
    6602.000000     3.36664e+08 
    6603.000000     3.36757e+08 
    6604.000000     3.36831e+08 
    6605.000000     3.36886e+08 
    6606.000000     3.36925e+08 
    6607.000000     3.36948e+08 
    6608.000000     3.36958e+08 
    6609.000000     3.36954e+08 
    6610.000000     3.36939e+08 
    6611.000000     3.36912e+08 
    6612.000000     3.36875e+08 
    6613.000000     3.36828e+08 
    6614.000000     3.36773e+08 
    6615.000000     3.36709e+08 
    6616.000000     3.36638e+08 
    6617.000000      3.3656e+08 
    6618.000000     3.36475e+08 
    6619.000000     3.36384e+08 
    6620.000000     3.36288e+08 
    6621.000000     3.36186e+08 
    6622.000000     3.36079e+08 
    6623.000000     3.35968e+08 
    6624.000000     3.35853e+08 
    6625.000000     3.35733e+08 
    6626.000000      3.3561e+08 
    6627.315447     3.35442e+08 
    6628.000000     3.35353e+08 
    6629.000000      3.3522e+08 
    6630.000000     3.35084e+08 
    6631.000000     3.34946e+08 
    6632.000000     3.34805e+08 
    6633.000000     3.34661e+08 
    6633.983452     3.34518e+08 
    6635.000000     3.34368e+08 
    6636.000000     3.34219e+08 
    6637.000000     3.34067e+08 
    6638.000000     3.33914e+08 
    6639.000000     3.33759e+08 
    6640.000000     3.33603e+08 
    6641.000000     3.33446e+08 
    6642.000000     3.33287e+08 
    6643.000000     3.33126e+08 
    6644.000000     3.32965e+08 
    6645.000000     3.32802e+08 
    6646.000000     3.32638e+08 
    6647.000000     3.32474e+08 
    6648.428564     3.32237e+08 
    6649.000000      3.3214e+08 
    6650.000000     3.31972e+08 
    6651.000000     3.31804e+08 
    6652.000000     3.31635e+08 
    6653.000000     3.31465e+08 
    6654.000000     3.31295e+08 
    6655.000000     3.31124e+08 
    6656.000000     3.30952e+08 
    6657.000000      3.3078e+08 
    6658.000000     3.30607e+08 
    6659.000000     3.30434e+08 
    6660.000000      3.3026e+08 
    6661.000000     3.30085e+08 
    6662.000000      3.2991e+08 
    6663.000000     3.29735e+08 
    6664.174700     3.29528e+08 
    6665.000000     3.29382e+08 
    6666.000000     3.29205e+08 
    6667.000000     3.29028e+08 
    6668.000000     3.28849e+08 
    6669.000000      3.2867e+08 
    6670.000000     3.28489e+08 
    6671.000000     3.28308e+08 
    6672.075771      3.2811e+08 
    6673.000000     3.27936e+08 
    6674.000000     3.27744e+08 
    6675.000000     3.27541e+08 
    6676.033337     3.27309e+08 
    6677.000000     3.27039e+08 
    6678.013881     3.26564e+08 
    6679.004593     3.24772e+08 
    6679.500060     3.07832e+08 
    6679.747821     2.95302e+08 
    6679.871708     3.02437e+08 
    6679.921264     3.05079e+08 
    6679.946043     3.05998e+08 
    6679.970821     3.06571e+08 
    6679.995600     3.06764e+08 
    6680.020379     3.06563e+08 
    6680.045158     3.05982e+08 
    6680.069937     3.05054e+08 
    6680.119497     3.02397e+08 
    6680.243398     2.95223e+08 
    6680.491214     3.07666e+08 
    6680.986901     3.24421e+08 
    6681.978496     3.25857e+08 
    6683.000000     3.25969e+08 
    6683.962569     3.25893e+08 
    6684.486267     3.25827e+08 
    6684.651558     3.20157e+08 
    6684.816857     3.19947e+08 
    6684.982164     3.19637e+08 
    6685.147480     3.19417e+08 
    6685.312804     3.19585e+08 
    6685.478136     3.19843e+08 
    6685.643476     3.20002e+08 
    6685.808824     3.25631e+08 
    6687.000000     3.25437e+08 
    6687.934253     3.25278e+08 
    6689.000000     3.25095e+08 
    6690.000000      3.2492e+08 
    6691.230534     3.24703e+08 
    6692.000000     3.24567e+08 
    6693.000000      3.2439e+08 
    6694.000000     3.24212e+08 
    6695.000000     3.24034e+08 
    6695.891797     3.23874e+08 
    6697.000000     3.23676e+08 
    6698.000000     3.23498e+08 
    6699.000000     3.23319e+08 
    6700.000000      3.2314e+08 
    6701.000000     3.22961e+08 
    6702.000000     3.22782e+08 
    6703.000000     3.22602e+08 
    6704.000000     3.22423e+08 
    6705.000000     3.22244e+08 
    6706.000000     3.22065e+08 
    6707.000000     3.21886e+08 
    6708.000000     3.21706e+08 
    6709.000000     3.21527e+08 
    6710.000000     3.21348e+08 
    6711.000000     3.21169e+08 
    6711.863830     3.21016e+08 
    6713.000000     3.20813e+08 
    6714.000000     3.20633e+08 
    6715.000000     3.20454e+08 
    6716.000000     3.20275e+08 
    6717.000000     3.20096e+08 
    6718.000000     3.19917e+08 
    6719.000000     3.19739e+08 
    6720.000000      3.1956e+08 
    6721.000000     3.19381e+08 
    6722.000000     3.19202e+08 
    6723.000000     3.19024e+08 
    6724.000000     3.18845e+08 
    6725.000000     3.18667e+08 
    6726.000000     3.18489e+08 
    6727.000000      3.1831e+08 
    6728.000000     3.18132e+08 
    6729.000000     3.17954e+08 
    6730.000000     3.17776e+08 
    6731.000000     3.17598e+08 
    6732.000000      3.1742e+08 
    6733.000000     3.17242e+08 
    6734.000000     3.17064e+08 
    6735.000000     3.16886e+08 
    6736.000000     3.16709e+08 
    6737.000000     3.16531e+08 
    6738.000000     3.16354e+08 
    6739.000000     3.16176e+08 
    6740.000000     3.15999e+08 
    6741.000000     3.15822e+08 
    6742.000000     3.15645e+08 
    6743.000000     3.15468e+08 
    6744.000000     3.15291e+08 
    6745.000000     3.15114e+08 
    6746.000000     3.14937e+08 
    6747.000000     3.14761e+08 
    6748.000000     3.14584e+08 
    6749.000000     3.14408e+08 
    6750.000000     3.14232e+08 
    6751.000000     3.14055e+08 
    6752.000000     3.13879e+08 
    6753.000000     3.13703e+08 
    6754.000000     3.13527e+08 
    6755.000000     3.13351e+08 
    6756.000000     3.13175e+08 
    6757.000000        3.13e+08 
    6758.000000     3.12824e+08 
    6759.000000     3.12649e+08 
    6760.000000     3.12473e+08 
    6761.000000     3.12298e+08 
    6762.000000     3.12123e+08 
    6763.000000     3.11948e+08 
    6764.000000     3.11773e+08 
    6765.000000     3.11598e+08 
    6766.000000     3.11423e+08 
    6767.000000     3.11249e+08 
    6768.000000     3.11074e+08 
    6769.000000       3.109e+08 
    6770.000000     3.10726e+08 
    6771.000000     3.10551e+08 
    6772.000000     3.10377e+08 
    6773.000000     3.10203e+08 
    6774.000000     3.10029e+08 
    6775.000000     3.09856e+08 
    6776.000000     3.09682e+08 
    6777.000000     3.09508e+08 
    6778.000000     3.09335e+08 
    6779.000000     3.09161e+08 
    6780.000000     3.08988e+08 
    6781.000000     3.08815e+08 
    6782.000000     3.08642e+08 
    6783.000000     3.08469e+08 
    6784.000000     3.08296e+08 
    6785.000000     3.08124e+08 
    6786.000000     3.07951e+08 
    6787.000000     3.07778e+08 
    6788.000000     3.07606e+08 
    6789.000000     3.07434e+08 
    6790.000000     3.07262e+08 
    6791.000000     3.07089e+08 
    6792.000000     3.06917e+08 
    6793.000000     3.06746e+08 
    6794.000000     3.06574e+08 
    6795.000000     3.06402e+08 
    6796.000000     3.06231e+08 
    6797.000000     3.06059e+08 
    6798.000000     3.05888e+08 
    6799.000000     3.05717e+08 
    6800.000000     3.05546e+08 
    6801.000000     3.05375e+08 
    6802.000000     3.05204e+08 
    6803.000000     3.05033e+08 
    6804.000000     3.04863e+08 
    6805.000000     3.04692e+08 
    6806.000000     3.04522e+08 
    6807.000000     3.04351e+08 
    6808.000000     3.04181e+08 
    6809.000000     3.04011e+08 
    6810.000000     3.03841e+08 
    6811.000000     3.03671e+08 
    6812.000000     3.03501e+08 
    6813.000000     3.03332e+08 
    6814.000000     3.03162e+08 
    6815.000000     3.02993e+08 
    6816.000000     3.02824e+08 
    6817.000000     3.02654e+08 
    6818.000000     3.02485e+08 
    6819.000000     3.02316e+08 
    6820.000000     3.02148e+08 
    6821.000000     3.01979e+08 
    6822.000000      3.0181e+08 
    6822.831903      3.0167e+08 
    6824.000000     3.01473e+08 
    6825.000000     3.01305e+08 
    6826.000000     3.01137e+08 
    6827.000000     3.00969e+08 
    6828.000000     3.00801e+08 
    6829.000000     3.00633e+08 
    6830.000000     3.00465e+08 
    6831.000000     3.00297e+08 
    6832.000000      3.0013e+08 
    6833.000000     2.99963e+08 
    6834.000000     2.99795e+08 
    6835.000000     2.99628e+08 
    6836.000000     2.99461e+08 
    6837.000000     2.99294e+08 
    6838.000000     2.99127e+08 
    6839.000000     2.98961e+08 
    6840.000000     2.98794e+08 
    6841.000000     2.98628e+08 
    6842.000000     2.98461e+08 
    6843.000000     2.98295e+08 
    6844.000000     2.98129e+08 
    6845.000000     2.97962e+08 
    6846.000000     2.97797e+08 
    6847.000000     2.97631e+08 
    6848.000000     2.97465e+08 
    6849.000000     2.97299e+08 
    6850.000000     2.97134e+08 
    6851.000000     2.96969e+08 
    6852.000000     2.96803e+08 
    6853.000000     2.96638e+08 
    6854.000000     2.96473e+08 
    6855.000000     2.96308e+08 
    6856.000000     2.96143e+08 
    6857.000000     2.95979e+08 
    6858.000000     2.95814e+08 
    6859.000000      2.9565e+08 
    6860.000000     2.95485e+08 
    6861.000000     2.95321e+08 
    6862.000000     2.95157e+08 
    6863.000000     2.94993e+08 
    6864.000000     2.94829e+08 
    6865.000000     2.94665e+08 
    6866.000000     2.94501e+08 
    6867.000000     2.94338e+08 
    6868.000000     2.94174e+08 
    6869.000000     2.94011e+08 
    6870.000000     2.93848e+08 
    6871.000000     2.93684e+08 
    6872.000000     2.93521e+08 
    6873.000000     2.93358e+08 
    6874.000000     2.93196e+08 
    6875.000000     2.93033e+08 
    6876.000000      2.9287e+08 
    6877.000000     2.92708e+08 
    6878.000000     2.92545e+08 
    6879.000000     2.92383e+08 
    6880.000000     2.92221e+08 
    6881.000000     2.92059e+08 
    6882.000000     2.91897e+08 
    6883.000000     2.91735e+08 
    6884.000000     2.91573e+08 
    6885.000000     2.91412e+08 
    6886.000000      2.9125e+08 
    6887.000000     2.91089e+08 
    6888.000000     2.90927e+08 
    6889.000000     2.90766e+08 
    6890.000000     2.90605e+08 
    6891.000000     2.90445e+08 
    6892.224278     2.90248e+08 
    6892.394706     2.84019e+08 
    6892.565142     2.83602e+08 
    6892.735587     2.83094e+08 
    6892.906040     2.82782e+08 
    6893.076502     2.83041e+08 
    6893.246972     2.83497e+08 
    6893.417450     2.83861e+08 
    6893.587937     2.90028e+08 
    6895.000000     2.89802e+08 
    6896.000000     2.89641e+08 
    6897.000000     2.89481e+08 
    6898.000000     2.89321e+08 
    6899.000000     2.89161e+08 
    6900.000000     2.89001e+08 
    6901.000000     2.88841e+08 
    6902.000000     2.88681e+08 
    6903.000000     2.88521e+08 
    6904.000000     2.88362e+08 
    6905.000000     2.88203e+08 
    6906.000000     2.88043e+08 
    6907.000000     2.87884e+08 
    6908.000000     2.87725e+08 
    6909.000000     2.87566e+08 
    6910.000000     2.87407e+08 
    6911.000000     2.87248e+08 
    6912.000000      2.8709e+08 
    6913.000000     2.86931e+08 
    6914.000000     2.86773e+08 
    6915.000000     2.86614e+08 
    6916.000000     2.86456e+08 
    6917.000000     2.86298e+08 
    6918.000000      2.8614e+08 
    6919.000000     2.85982e+08 
    6920.000000     2.85824e+08 
    6921.000000     2.85667e+08 
    6922.000000     2.85509e+08 
    6923.000000     2.85351e+08 
    6924.000000     2.85194e+08 
    6925.000000     2.85037e+08 
    6926.000000      2.8488e+08 
    6927.000000     2.84723e+08 
    6928.000000     2.84566e+08 
    6929.000000     2.84409e+08 
    6930.000000     2.84252e+08 
    6931.000000     2.84095e+08 
    6932.000000     2.83939e+08 
    6933.000000     2.83783e+08 
    6934.000000     2.83626e+08 
    6935.000000      2.8347e+08 
    6936.000000     2.83314e+08 
    6937.000000     2.83158e+08 
    6938.000000     2.83002e+08 
    6939.000000     2.82846e+08 
    6940.000000     2.82691e+08 
    6941.000000     2.82535e+08 
    6942.000000      2.8238e+08 
    6943.000000     2.82224e+08 
    6944.000000     2.82069e+08 
    6945.000000     2.81914e+08 
    6946.000000     2.81759e+08 
    6947.000000     2.81604e+08 
    6948.000000     2.81449e+08 
    6949.000000     2.81295e+08 
    6950.000000      2.8114e+08 
    6951.000000     2.80986e+08 
    6952.000000     2.80831e+08 
    6953.000000     2.80677e+08 
    6954.000000     2.80523e+08 
    6955.000000     2.80369e+08 
    6956.000000     2.80215e+08 
    6957.000000     2.80061e+08 
    6958.000000     2.79907e+08 
    6959.000000     2.79754e+08 
    6960.000000       2.796e+08 
    6961.000000     2.79446e+08 
    6962.000000     2.79293e+08 
    6963.000000      2.7914e+08 
    6964.000000     2.78987e+08 
    6965.000000     2.78834e+08 
    6966.000000     2.78681e+08 
    6967.000000     2.78528e+08 
    6968.000000     2.78375e+08 
    6969.000000     2.78223e+08 
    6970.000000      2.7807e+08 
    6971.000000     2.77918e+08 
    6972.000000     2.77766e+08 
    6973.000000     2.77613e+08 
    6974.000000     2.77461e+08 
    6975.000000     2.77309e+08 
    6976.000000     2.77157e+08 
    6977.000000     2.77006e+08 
    6978.000000     2.76854e+08 
    6979.000000     2.76702e+08 
    6980.000000     2.76551e+08 
    6981.000000       2.764e+08 
    6982.000000     2.76248e+08 
    6983.000000     2.76097e+08 
    6984.000000     2.75946e+08 
    6985.000000     2.75795e+08 
    6986.000000     2.75644e+08 
    6987.000000     2.75494e+08 
    6988.000000     2.75343e+08 
    6989.000000     2.75192e+08 
    6990.000000     2.75042e+08 
    6991.000000     2.74892e+08 
    6992.000000     2.74741e+08 
    6993.000000     2.74591e+08 
    6994.000000     2.74441e+08 
    6995.000000     2.74291e+08 
    6996.000000     2.74142e+08 
    6997.000000     2.73992e+08 
    6998.000000     2.73842e+08 
    6999.000000     2.73693e+08 
    7000.000000     2.73543e+08 
    7001.000000     2.73394e+08 
    7002.000000     2.73245e+08 
    7003.000000     2.73096e+08 
    7004.000000     2.72947e+08 
    7005.000000     2.72798e+08 
    7006.000000     2.72649e+08 
    7007.000000       2.725e+08 
    7008.000000     2.72352e+08 
    7009.000000     2.72203e+08 
    7010.000000     2.72055e+08 
    7011.000000     2.71906e+08 
    7012.000000     2.71758e+08 
    7013.000000      2.7161e+08 
    7014.000000     2.71462e+08 
    7015.000000     2.71314e+08 
    7016.000000     2.71167e+08 
    7017.000000     2.71019e+08 
    7018.000000     2.70871e+08 
    7019.000000     2.70724e+08 
    7020.000000     2.70576e+08 
    7021.000000     2.70429e+08 
    7022.000000     2.70282e+08 
    7023.000000     2.70135e+08 
    7024.000000     2.69988e+08 
    7025.000000     2.69841e+08 
    7026.000000     2.69694e+08 
    7027.000000     2.69547e+08 
    7028.000000     2.69401e+08 
    7029.000000     2.69254e+08 
    7030.000000     2.69108e+08 
    7031.000000     2.68961e+08 
    7032.000000     2.68815e+08 
    7033.000000     2.68669e+08 
    7033.800202     2.68552e+08 
    7035.000000     2.68377e+08 
    7036.000000     2.68231e+08 
    7037.000000     2.68085e+08 
    7038.000000      2.6794e+08 
    7039.000000     2.67794e+08 
    7040.000000     2.67649e+08 
    7041.000000     2.67503e+08 
    7042.000000     2.67358e+08 
    7043.000000     2.67213e+08 
    7044.000000     2.67068e+08 
    7045.000000     2.66923e+08 
    7046.000000     2.66778e+08 
    7047.000000     2.66633e+08 
    7048.000000     2.66488e+08 
    7049.000000     2.66344e+08 
    7050.459052     2.66133e+08 
    7051.000000     2.66055e+08 
    7052.000000      2.6591e+08 
    7053.000000     2.65766e+08 
    7054.000000     2.65621e+08 
    7055.000000     2.65477e+08 
    7056.000000     2.65333e+08 
    7057.000000     2.65188e+08 
    7058.000000     2.65044e+08 
    7058.818104     2.64926e+08 
    7060.000000     2.64754e+08 
    7061.000000     2.64608e+08 
    7062.000000      2.6446e+08 
    7063.005067     2.64309e+08 
    7064.000000      2.6415e+08 
    7065.100412     2.63941e+08 
    7066.148550     2.63489e+08 
    7066.672736     2.55858e+08 
    7066.934858     2.28107e+08 
    7067.065927     2.17639e+08 
    7067.118355     2.15255e+08 
    7067.144570     2.14498e+08 
    7067.170785     2.14041e+08 
    7067.197000     2.13885e+08 
    7067.223215     2.14035e+08 
    7067.249431     2.14487e+08 
    7067.275646     2.15238e+08 
    7067.328078      2.1761e+08 
    7067.459161     2.28045e+08 
    7067.721342     2.55716e+08 
    7068.245761     2.63191e+08 
    7069.294833     2.63343e+08 
    7070.000000     2.63282e+08 
    7071.393912     2.63112e+08 
    7072.000000     2.63031e+08 
    7073.000000     2.62894e+08 
    7074.000000     2.62755e+08 
    7075.000000     2.62615e+08 
    7075.595811     2.62531e+08 
    7077.000000     2.62334e+08 
    7078.000000     2.62193e+08 
    7079.000000     2.62051e+08 
    7080.000000      2.6191e+08 
    7081.000000     2.61769e+08 
    7082.000000     2.61628e+08 
    7083.000000     2.61487e+08 
    7084.014609     2.61344e+08 
    7085.000000     2.61205e+08 
    7086.000000     2.61064e+08 
    7087.000000     2.60924e+08 
    7088.000000     2.60783e+08 
    7089.000000     2.60643e+08 
    7090.000000     2.60502e+08 
    7091.000000     2.60362e+08 
    7092.000000     2.60221e+08 
    7093.000000     2.60081e+08 
    7094.000000     2.59941e+08 
    7095.000000     2.59801e+08 
    7096.000000     2.59661e+08 
    7097.000000     2.59521e+08 
    7098.000000     2.59381e+08 
    7099.000000     2.59241e+08 
    7100.000000     2.59102e+08 
    7100.912450     2.58975e+08 
    7102.200333     2.58801e+08 
    7103.000000     2.58689e+08 
    7104.000000      2.5855e+08 
    7105.000000     2.58411e+08 
    7106.000000     2.58272e+08 
    7107.000000     2.58133e+08 
    7108.000000     2.57994e+08 
    7109.000000     2.57855e+08 
    7110.000000     2.57716e+08 
    7111.000000     2.57578e+08 
    7112.000000     2.57439e+08 
    7113.000000     2.57301e+08 
    7114.000000     2.57162e+08 
    7115.000000     2.57024e+08 
    7116.000000     2.56886e+08 
    7117.000000     2.56748e+08 
    7118.000000      2.5661e+08 
    7119.000000     2.56472e+08 
    7120.000000     2.56334e+08 
    7121.000000     2.56196e+08 
    7122.000000     2.56059e+08 
    7123.000000     2.55921e+08 
    7124.000000     2.55784e+08 
    7125.000000     2.55646e+08 
    7126.000000     2.55509e+08 
    7127.000000     2.55372e+08 
    7128.000000     2.55235e+08 
    7129.000000     2.55098e+08 
    7130.000000     2.54961e+08 
    7131.000000     2.54824e+08 
    7132.000000     2.54688e+08 
    7133.000000     2.54551e+08 
    7134.000000     2.54414e+08 
    7135.000000     2.54278e+08 
    7136.000000     2.54142e+08 
    7137.000000     2.54005e+08 
    7138.000000     2.53869e+08 
    7139.000000     2.53733e+08 
    7140.000000     2.53597e+08 
    7141.000000     2.53461e+08 
    7142.000000     2.53326e+08 
    7143.000000      2.5319e+08 
    7144.000000     2.53054e+08 
    7145.000000     2.52919e+08 
    7146.000000     2.52783e+08 
    7147.000000     2.52648e+08 
    7148.000000     2.52513e+08 
    7149.000000     2.52378e+08 
    7150.000000     2.52243e+08 
    7151.000000     2.52108e+08 
    7152.000000     2.51973e+08 
    7153.000000     2.51838e+08 
    7154.000000     2.51703e+08 
    7155.000000     2.51569e+08 
    7156.000000     2.51434e+08 
    7157.000000       2.513e+08 
    7158.000000     2.51165e+08 
    7159.000000     2.51031e+08 
    7160.000000     2.50897e+08 
    7161.000000     2.50763e+08 
    7162.000000     2.50629e+08 
    7163.000000     2.50495e+08 
    7164.000000     2.50361e+08 
    7165.000000     2.50227e+08 
    7166.000000     2.50094e+08 
    7167.000000      2.4996e+08 
    7168.000000     2.49827e+08 
    7169.000000     2.49694e+08 
    7170.000000      2.4956e+08 
    7171.000000     2.49427e+08 
    7172.000000     2.49294e+08 
    7173.000000     2.49161e+08 
    7174.000000     2.49028e+08 
    7175.000000     2.48895e+08 
    7176.000000     2.48763e+08 
    7177.000000      2.4863e+08 
    7178.000000     2.48497e+08 
    7178.798620     2.48391e+08 
    7178.976135     2.42127e+08 
    7179.153658     2.41554e+08 
    7179.331189     2.40805e+08 
    7179.508730     2.40326e+08 
    7179.686279      2.4076e+08 
    7179.863837     2.41465e+08 
    7180.041404     2.41993e+08 
    7180.218980     2.48204e+08 
    7181.000000       2.481e+08 
    7182.000000     2.47968e+08 
    7183.000000     2.47836e+08 
    7184.000000     2.47704e+08 
    7185.000000     2.47572e+08 
    7186.000000      2.4744e+08 
    7187.000000     2.47308e+08 
    7188.000000     2.47177e+08 
    7189.000000     2.47045e+08 
    7190.000000     2.46914e+08 
    7191.000000     2.46782e+08 
    7192.000000     2.46651e+08 
    7193.000000      2.4652e+08 
    7194.000000     2.46388e+08 
    7195.000000     2.46257e+08 
    7196.000000     2.46127e+08 
    7197.000000     2.45996e+08 
    7198.000000     2.45865e+08 
    7199.000000     2.45734e+08 
    7200.000000     2.45603e+08 
    7201.000000     2.45473e+08 
    7202.000000     2.45342e+08 
    7203.000000     2.45212e+08 
    7204.000000     2.45082e+08 
    7205.000000     2.44952e+08 
    7206.000000     2.44822e+08 
    7207.000000     2.44692e+08 
    7208.000000     2.44562e+08 
    7209.000000     2.44432e+08 
    7210.000000     2.44302e+08 
    7211.000000     2.44172e+08 
    7212.000000     2.44043e+08 
    7213.000000     2.43913e+08 
    7214.000000     2.43784e+08 
    7215.000000     2.43654e+08 
    7216.000000     2.43525e+08 
    7217.000000     2.43396e+08 
    7218.000000     2.43267e+08 
    7219.000000     2.43138e+08 
    7220.000000     2.43009e+08 
    7221.000000      2.4288e+08 
    7222.000000     2.42751e+08 
    7223.000000     2.42623e+08 
    7224.000000     2.42494e+08 
    7225.000000     2.42366e+08 
    7226.000000     2.42237e+08 
    7227.000000     2.42109e+08 
    7228.000000     2.41981e+08 
    7229.000000     2.41853e+08 
    7230.000000     2.41725e+08 
    7231.000000     2.41597e+08 
    7232.000000     2.41469e+08 
    7233.000000     2.41341e+08 
    7234.000000     2.41213e+08 
    7235.000000     2.41086e+08 
    7236.000000     2.40958e+08 
    7237.000000     2.40831e+08 
    7238.000000     2.40703e+08 
    7239.000000     2.40576e+08 
    7240.000000     2.40449e+08 
    7241.000000     2.40322e+08 
    7242.000000     2.40195e+08 
    7243.000000     2.40068e+08 
    7244.000000     2.39941e+08 
    7245.000000     2.39814e+08 
    7246.000000     2.39687e+08 
    7247.000000     2.39561e+08 
    7248.000000     2.39434e+08 
    7248.938784     2.39315e+08 
    7250.000000     2.39181e+08 
    7251.000000     2.39055e+08 
    7252.000000     2.38929e+08 
    7253.000000     2.38803e+08 
    7254.000000     2.38677e+08 
    7255.000000     2.38551e+08 
    7256.000000     2.38425e+08 
    7257.000000     2.38299e+08 
    7258.000000     2.38173e+08 
    7259.000000     2.38048e+08 
    7260.000000     2.37922e+08 
    7261.000000     2.37797e+08 
    7262.000000     2.37671e+08 
    7263.000000     2.37546e+08 
    7264.000000     2.37421e+08 
    7265.000000     2.37296e+08 
    7266.107169     2.37157e+08 
    7267.000000     2.37045e+08 
    7268.000000     2.36921e+08 
    7269.000000     2.36796e+08 
    7270.000000     2.36671e+08 
    7271.000000     2.36546e+08 
    7272.000000     2.36422e+08 
    7273.000000     2.36297e+08 
    7274.000000     2.36172e+08 
    7274.721894     2.36083e+08 
    7276.000000     2.35923e+08 
    7277.000000     2.35799e+08 
    7278.000000     2.35674e+08 
    7279.036921     2.35544e+08 
    7280.000000     2.35421e+08 
    7281.196355     2.35263e+08 
    7282.276552     2.35068e+08 
    7282.816771     2.33571e+08 
    7283.086910     2.24743e+08 
    7283.221988     2.20524e+08 
    7283.276020     2.19631e+08 
    7283.303036     2.19358e+08 
    7283.330053     2.19194e+08 
    7283.357070     2.19136e+08 
    7283.384087     2.19188e+08 
    7283.411104     2.19346e+08 
    7283.438122     2.19613e+08 
    7283.492157     2.20494e+08 
    7283.627250     2.24681e+08 
    7283.897449      2.3344e+08 
    7284.437909     2.34801e+08 
    7285.000000     2.34779e+08 
    7285.519068     2.34729e+08 
    7287.000000     2.34558e+08 
    7287.682350     2.34475e+08 
    7289.000000     2.34315e+08 
    7290.000000     2.34193e+08 
    7291.000000      2.3407e+08 
    7292.012771     2.33946e+08 
    7293.000000     2.33825e+08 
    7294.000000     2.33702e+08 
    7295.000000      2.3358e+08 
    7296.000000     2.33457e+08 
    7297.000000     2.33335e+08 
    7298.000000     2.33212e+08 
    7299.000000      2.3309e+08 
    7300.000000     2.32968e+08 
    7300.689069     2.32883e+08 
    7302.000000     2.32723e+08 
    7303.000000     2.32602e+08 
    7304.000000      2.3248e+08 
    7305.000000     2.32358e+08 
    7306.000000     2.32236e+08 
    7307.000000     2.32114e+08 
    7308.000000     2.31993e+08 
    7309.000000     2.31871e+08 
    7310.000000      2.3175e+08 
    7311.000000     2.31628e+08 
    7312.000000     2.31507e+08 
    7313.000000     2.31386e+08 
    7314.000000     2.31265e+08 
    7315.000000     2.31143e+08 
    7316.000000     2.31022e+08 
    7317.000000     2.30902e+08 
    7318.103754     2.30768e+08 
    7319.000000      2.3066e+08 
    7320.000000     2.30539e+08 
    7321.000000     2.30419e+08 
    7322.000000     2.30298e+08 
    7323.000000     2.30178e+08 
    7324.000000     2.30057e+08 
    7325.000000     2.29937e+08 
    7326.000000     2.29817e+08 
    7327.000000     2.29697e+08 
    7328.000000     2.29577e+08 
    7329.000000     2.29457e+08 
    7330.000000     2.29337e+08 
    7331.000000     2.29217e+08 
    7332.000000     2.29097e+08 
    7333.000000     2.28977e+08 
    7334.000000     2.28858e+08 
    7335.000000     2.28739e+08 
    7336.000000     2.28619e+08 
    7337.000000       2.285e+08 
    7338.000000      2.2838e+08 
    7339.000000     2.28261e+08 
    7340.000000     2.28142e+08 
    7341.000000     2.28023e+08 
    7342.000000     2.27904e+08 
    7343.000000     2.27785e+08 
    7344.000000     2.27667e+08 
    7345.000000     2.27548e+08 
    7346.000000     2.27429e+08 
    7347.000000     2.27311e+08 
    7348.000000     2.27192e+08 
    7349.000000     2.27074e+08 
    7350.000000     2.26955e+08 
    7351.000000     2.26837e+08 
    7352.000000     2.26719e+08 
    7353.000000     2.26601e+08 
    7354.000000     2.26483e+08 
    7355.000000     2.26365e+08 
    7356.000000     2.26247e+08 
    7357.000000     2.26129e+08 
    7358.000000     2.26011e+08 
    7359.000000     2.25894e+08 
    7360.000000     2.25776e+08 
    7361.000000     2.25659e+08 
    7362.000000     2.25541e+08 
    7363.000000     2.25424e+08 
    7364.000000     2.25307e+08 
    7365.000000     2.25189e+08 
    7366.000000     2.25072e+08 
    7367.000000     2.24955e+08 
    7368.000000     2.24838e+08 
    7369.000000     2.24721e+08 
    7370.000000     2.24605e+08 
    7371.000000     2.24488e+08 
    7372.000000     2.24371e+08 
    7373.000000     2.24255e+08 
    7374.000000     2.24138e+08 
    7375.000000     2.24022e+08 
    7376.000000     2.23905e+08 
    7377.000000     2.23789e+08 
    7378.000000     2.23673e+08 
    7379.000000     2.23557e+08 
    7380.000000     2.23441e+08 
    7381.000000     2.23325e+08 
    7382.000000     2.23209e+08 
    7383.000000     2.23093e+08 
    7384.000000     2.22977e+08 
    7385.000000     2.22862e+08 
    7386.000000     2.22746e+08 
    7387.000000      2.2263e+08 
    7388.000000     2.22515e+08 
    7389.000000       2.224e+08 
    7390.000000     2.22284e+08 
    7391.000000     2.22169e+08 
    7392.000000     2.22054e+08 
    7393.000000     2.21939e+08 
    7394.000000     2.21824e+08 
    7395.000000     2.21709e+08 
    7396.000000     2.21594e+08 
    7397.000000     2.21479e+08 
    7398.000000     2.21365e+08 
    7399.000000      2.2125e+08 
    7400.000000     2.21135e+08 
    7401.000000     2.21021e+08 
    7402.000000     2.20906e+08 
    7403.000000     2.20792e+08 
    7404.000000     2.20678e+08 
    7405.000000     2.20564e+08 
    7406.000000      2.2045e+08 
    7407.000000     2.20336e+08 
    7408.000000     2.20222e+08 
    7409.000000     2.20108e+08 
    7410.000000     2.19994e+08 
    7411.000000      2.1988e+08 
    7412.000000     2.19767e+08 
    7413.000000     2.19653e+08 
    7414.000000     2.19539e+08 
    7415.000000     2.19426e+08 
    7416.000000     2.19313e+08 
    7417.000000     2.19199e+08 
    7418.000000     2.19086e+08 
    7419.000000     2.18973e+08 
    7420.000000      2.1886e+08 
    7421.000000     2.18747e+08 
    7422.000000     2.18634e+08 
    7423.000000     2.18521e+08 
    7424.000000     2.18408e+08 
    7425.000000     2.18296e+08 
    7426.000000     2.18183e+08 
    7427.000000      2.1807e+08 
    7428.000000     2.17958e+08 
    7429.000000     2.17845e+08 
    7430.000000     2.17733e+08 
    7431.000000     2.17621e+08 
    7432.000000     2.17509e+08 
    7433.000000     2.17396e+08 
    7434.000000     2.17284e+08 
    7435.000000     2.17172e+08 
    7436.000000     2.17061e+08 
    7437.233743     2.16923e+08 
    7438.000000     2.16837e+08 
    7439.000000     2.16725e+08 
    7440.000000     2.16614e+08 
    7441.000000     2.16502e+08 
    7442.000000      2.1639e+08 
    7443.000000     2.16279e+08 
    7444.000000     2.16168e+08 
    7445.000000     2.16056e+08 
    7446.000000     2.15945e+08 
    7447.000000     2.15834e+08 
    7448.000000     2.15723e+08 
    7449.000000     2.15612e+08 
    7450.000000     2.15501e+08 
    7451.000000      2.1539e+08 
    7452.000000      2.1528e+08 
    7453.000000     2.15169e+08 
    7454.000000     2.15058e+08 
    7455.000000     2.14948e+08 
    7456.000000     2.14837e+08 
    7457.000000     2.14727e+08 
    7458.000000     2.14616e+08 
    7459.000000     2.14506e+08 
    7460.000000     2.14396e+08 
    7461.000000     2.14286e+08 
    7462.000000     2.14176e+08 
    7463.000000     2.14066e+08 
    7464.000000     2.13956e+08 
    7465.000000     2.13846e+08 
    7466.000000     2.13736e+08 
    7467.000000     2.13626e+08 
    7468.000000     2.13517e+08 
    7469.000000     2.13407e+08 
    7470.000000     2.13298e+08 
    7471.000000     2.13188e+08 
    7472.000000     2.13079e+08 
    7473.000000      2.1297e+08 
    7474.000000      2.1286e+08 
    7475.000000     2.12751e+08 
    7476.000000     2.12642e+08 
    7477.000000     2.12533e+08 
    7478.000000     2.12424e+08 
    7479.000000     2.12315e+08 
    7480.000000     2.12207e+08 
    7481.000000     2.12098e+08 
    7482.000000     2.11989e+08 
    7483.000000     2.11881e+08 
    7484.000000     2.11772e+08 
    7485.000000     2.11664e+08 
    7486.000000     2.11555e+08 
    7487.000000     2.11447e+08 
    7488.000000     2.11339e+08 
    7489.000000     2.11231e+08 
    7490.000000     2.11123e+08 
    7491.000000     2.11014e+08 
    7492.000000     2.10907e+08 
    7493.000000     2.10799e+08 
    7494.000000     2.10691e+08 
    7495.000000     2.10583e+08 
    7496.000000     2.10475e+08 
    7497.000000     2.10368e+08 
    7498.000000      2.1026e+08 
    7499.000000     2.10153e+08 
    7500.000000     2.10045e+08 
    7501.000000     2.09938e+08 
    7502.000000     2.09831e+08 
    7503.000000     2.09723e+08 
    7504.000000     2.09616e+08 
    7505.000000     2.09509e+08 
    7506.000000     2.09402e+08 
    7507.000000     2.09295e+08 
    7508.000000     2.09189e+08 
    7509.000000     2.09082e+08 
    7510.000000     2.08975e+08 
    7511.000000     2.08868e+08 
    7512.000000     2.08762e+08 
    7513.000000     2.08655e+08 
    7514.000000     2.08549e+08 
    7515.000000     2.08442e+08 
    7516.000000     2.08336e+08 
    7517.000000      2.0823e+08 
    7518.000000     2.08124e+08 
    7519.000000     2.08017e+08 
    7520.000000     2.07911e+08 
    7521.000000     2.07805e+08 
    7522.000000       2.077e+08 
    7523.000000     2.07594e+08 
    7524.000000     2.07488e+08 
    7525.000000     2.07382e+08 
    7526.000000     2.07277e+08 
    7527.000000     2.07171e+08 
    7528.000000     2.07065e+08 
    7529.000000      2.0696e+08 
    7530.000000     2.06855e+08 
    7531.000000     2.06749e+08 
    7532.000000     2.06644e+08 
    7533.000000     2.06539e+08 
    7534.000000     2.06434e+08 
    7535.000000     2.06329e+08 
    7536.000000     2.06224e+08 
    7537.000000     2.06119e+08 
    7538.000000     2.06014e+08 
    7539.000000     2.05909e+08 
    7540.000000     2.05805e+08 
    7541.000000       2.057e+08 
    7542.000000     2.05596e+08 
    7543.000000     2.05491e+08 
    7544.000000     2.05387e+08 
    7545.000000     2.05282e+08 
    7546.000000     2.05178e+08 
    7547.000000     2.05074e+08 
    7548.000000     2.04969e+08 
    7549.000000     2.04865e+08 
    7550.000000     2.04761e+08 
    7551.000000     2.04657e+08 
    7552.000000     2.04553e+08 
    7553.000000      2.0445e+08 
    7554.000000     2.04346e+08 
    7555.000000     2.04242e+08 
    7556.000000     2.04138e+08 
    7557.000000     2.04035e+08 
    7558.000000     2.03931e+08 
    7559.000000     2.03828e+08 
    7560.000000     2.03725e+08 
    7561.000000     2.03621e+08 
    7562.000000     2.03518e+08 
    7563.000000     2.03415e+08 
    7564.000000     2.03312e+08 
    7565.000000     2.03209e+08 
    7566.000000     2.03106e+08 
    7567.000000     2.03003e+08 
    7568.000000       2.029e+08 
    7569.000000     2.02797e+08 
    7570.000000     2.02694e+08 
    7571.000000     2.02592e+08 
    7572.000000     2.02489e+08 
    7573.000000     2.02386e+08 
    7574.000000     2.02284e+08 
    7575.000000     2.02182e+08 
    7576.000000     2.02079e+08 
    7577.000000     2.01977e+08 
    7578.000000     2.01875e+08 
    7579.000000     2.01773e+08 
    7580.000000     2.01671e+08 
    7581.000000     2.01569e+08 
    7582.000000     2.01467e+08 
    7583.000000     2.01365e+08 
    7584.000000     2.01263e+08 
    7585.000000     2.01161e+08 
    7586.000000      2.0106e+08 
    7587.000000     2.00958e+08 
    7588.000000     2.00856e+08 
    7589.000000     2.00755e+08 
    7590.000000     2.00653e+08 
    7591.000000     2.00552e+08 
    7592.000000     2.00451e+08 
    7593.000000      2.0035e+08 
    7594.098260     2.00238e+08 
    7594.286044     1.94414e+08 
    7594.473836     1.93745e+08 
    7594.661639     1.92749e+08 
    7594.849450     1.92063e+08 
    7595.037271     1.92713e+08 
    7595.225101     1.93673e+08 
    7595.412940     1.94306e+08 
    7595.600789     2.00086e+08 
    7597.000000     1.99945e+08 
    7598.000000     1.99844e+08 
    7599.000000     1.99743e+08 
    7600.000000     1.99643e+08 
    7601.000000     1.99542e+08 
    7602.000000     1.99441e+08 
    7603.000000     1.99341e+08 
    7604.000000      1.9924e+08 
    7605.000000      1.9914e+08 
    7606.000000     1.99039e+08 
    7607.000000     1.98939e+08 
    7608.000000     1.98839e+08 
    7609.000000     1.98738e+08 
    7610.000000     1.98638e+08 
    7611.000000     1.98538e+08 
    7612.000000     1.98438e+08 
    7613.000000     1.98338e+08 
    7614.000000     1.98238e+08 
    7615.000000     1.98138e+08 
    7616.000000     1.98038e+08 
    7617.000000     1.97939e+08 
    7618.000000     1.97839e+08 
    7619.000000      1.9774e+08 
    7620.000000      1.9764e+08 
    7621.000000     1.97541e+08 
    7622.000000     1.97441e+08 
    7623.000000     1.97342e+08 
    7624.000000     1.97242e+08 
    7625.000000     1.97143e+08 
    7626.000000     1.97044e+08 
    7627.000000     1.96945e+08 
    7628.000000     1.96846e+08 
    7629.000000     1.96747e+08 
    7630.000000     1.96648e+08 
    7631.000000     1.96549e+08 
    7632.000000      1.9645e+08 
    7633.000000     1.96352e+08 
    7634.000000     1.96253e+08 
    7635.000000     1.96155e+08 
    7636.000000     1.96056e+08 
    7637.000000     1.95957e+08 
    7638.000000     1.95859e+08 
    7639.000000     1.95761e+08 
    7640.000000     1.95663e+08 
    7641.000000     1.95564e+08 
    7642.000000     1.95466e+08 
    7643.000000     1.95368e+08 
    7644.000000      1.9527e+08 
    7645.000000     1.95172e+08 
    7646.000000     1.95074e+08 
    7647.000000     1.94976e+08 
    7648.000000     1.94878e+08 
    7649.000000     1.94781e+08 
    7650.000000     1.94683e+08 
    7651.000000     1.94585e+08 
    7652.000000     1.94488e+08 
    7653.000000      1.9439e+08 
    7654.000000     1.94293e+08 
    7655.000000     1.94196e+08 
    7656.000000     1.94098e+08 
    7657.000000     1.94001e+08 
    7658.000000     1.93904e+08 
    7659.000000     1.93807e+08 
    7660.000000      1.9371e+08 
    7661.000000     1.93613e+08 
    7662.000000     1.93516e+08 
    7663.000000     1.93419e+08 
    7664.000000     1.93322e+08 
    7665.000000     1.93225e+08 
    7666.000000     1.93129e+08 
    7667.000000     1.93032e+08 
    7668.000000     1.92935e+08 
    7669.000000     1.92839e+08 
    7670.000000     1.92742e+08 
    7671.000000     1.92646e+08 
    7672.000000      1.9255e+08 
    7673.000000     1.92453e+08 
    7674.000000     1.92357e+08 
    7675.000000     1.92261e+08 
    7676.000000     1.92165e+08 
    7677.000000     1.92069e+08 
    7678.000000     1.91973e+08 
    7679.000000     1.91877e+08 
    7680.000000     1.91781e+08 
    7681.000000     1.91685e+08 
    7682.000000      1.9159e+08 
    7683.000000     1.91494e+08 
    7684.000000     1.91398e+08 
    7685.000000     1.91303e+08 
    7686.000000     1.91207e+08 
    7687.000000     1.91112e+08 
    7688.000000     1.91016e+08 
    7689.000000     1.90921e+08 
    7690.000000     1.90826e+08 
    7691.000000     1.90731e+08 
    7692.000000     1.90636e+08 
    7693.000000     1.90541e+08 
    7694.000000     1.90445e+08 
    7695.000000     1.90351e+08 
    7696.000000     1.90256e+08 
    7697.000000     1.90161e+08 
    7698.000000     1.90066e+08 
    7699.000000     1.89971e+08 
    7700.000000     1.89877e+08 
    7701.000000     1.89782e+08 
    7702.000000     1.89688e+08 
    7703.000000     1.89593e+08 
    7704.000000     1.89499e+08 
    7705.000000     1.89404e+08 
    7706.000000      1.8931e+08 
    7707.000000     1.89216e+08 
    7708.000000     1.89121e+08 
    7709.000000     1.89027e+08 
    7710.000000     1.88933e+08 
    7711.000000     1.88839e+08 
    7712.000000     1.88745e+08 
    7713.000000     1.88651e+08 
    7714.000000     1.88558e+08 
    7715.000000     1.88464e+08 
    7716.000000      1.8837e+08 
    7717.000000     1.88276e+08 
    7718.000000     1.88183e+08 
    7719.000000     1.88089e+08 
    7720.000000     1.87996e+08 
    7721.000000     1.87902e+08 
    7722.000000     1.87809e+08 
    7723.000000     1.87716e+08 
    7724.000000     1.87622e+08 
    7725.000000     1.87529e+08 
    7726.000000     1.87436e+08 
    7727.000000     1.87343e+08 
    7728.000000      1.8725e+08 
    7729.000000     1.87157e+08 
    7730.000000     1.87064e+08 
    7731.000000     1.86971e+08 
    7732.000000     1.86878e+08 
    7733.000000     1.86786e+08 
    7734.000000     1.86693e+08 
    7735.000000       1.866e+08 
    7736.000000     1.86508e+08 
    7737.000000     1.86415e+08 
    7738.000000     1.86323e+08 
    7739.000000      1.8623e+08 
    7740.000000     1.86138e+08 
    7741.000000     1.86046e+08 
    7742.000000     1.85954e+08 
    7743.000000     1.85861e+08 
    7744.000000     1.85769e+08 
    7745.000000     1.85677e+08 
    7746.000000     1.85585e+08 
    7747.000000     1.85493e+08 
    7748.000000     1.85401e+08 
    7749.000000     1.85309e+08 
    7750.000000     1.85218e+08 
    7751.000000     1.85126e+08 
    7752.000000     1.85034e+08 
    7753.000000     1.84943e+08 
    7754.000000     1.84851e+08 
    7755.000000      1.8476e+08 
    7756.000000     1.84669e+08 
    7757.000000     1.84577e+08 
    7758.000000     1.84486e+08 
    7759.000000     1.84394e+08 
    7760.000000     1.84303e+08 
    7761.000000     1.84212e+08 
    7762.000000     1.84121e+08 
    7763.000000      1.8403e+08 
    7764.000000     1.83939e+08 
    7765.000000     1.83848e+08 
    7766.000000     1.83757e+08 
    7767.000000     1.83666e+08 
    7768.000000     1.83576e+08 
    7769.000000     1.83485e+08 
    7770.000000     1.83394e+08 
    7771.000000     1.83304e+08 
    7772.000000     1.83213e+08 
    7773.000000     1.83123e+08 
    7774.000000     1.83032e+08 
    7775.000000     1.82942e+08 
    7776.000000     1.82852e+08 
    7777.000000     1.82761e+08 
    7778.000000     1.82671e+08 
    7779.000000     1.82581e+08 
    7780.000000     1.82491e+08 
    7781.000000     1.82401e+08 
    7782.000000     1.82311e+08 
    7783.000000     1.82221e+08 
    7784.000000     1.82131e+08 
    7785.000000     1.82042e+08 
    7786.000000     1.81952e+08 
    7787.000000     1.81862e+08 
    7788.000000     1.81773e+08 
    7789.000000     1.81683e+08 
    7790.000000     1.81593e+08 
    7791.000000     1.81504e+08 
    7792.000000     1.81414e+08 
    7793.000000     1.81325e+08 
    7794.000000     1.81236e+08 
    7795.000000     1.81147e+08 
    7796.000000     1.81057e+08 
    7797.000000     1.80968e+08 
    7798.000000     1.80879e+08 
    7799.000000      1.8079e+08 
    7800.000000     1.80701e+08 
    7801.000000     1.80612e+08 
    7802.000000     1.80523e+08 
    7803.000000     1.80435e+08 
    7804.000000     1.80346e+08 
    7805.000000     1.80257e+08 
    7806.000000     1.80168e+08 
    7807.000000      1.8008e+08 
    7808.000000     1.79991e+08 
    7809.000000     1.79903e+08 
    7810.000000     1.79814e+08 
    7811.000000     1.79726e+08 
    7812.000000     1.79638e+08 
    7813.000000      1.7955e+08 
    7814.000000     1.79461e+08 
    7815.000000     1.79373e+08 
    7816.000000     1.79285e+08 
    7817.000000     1.79197e+08 
    7818.000000     1.79109e+08 
    7819.000000     1.79021e+08 
    7820.000000     1.78933e+08 
    7821.000000     1.78845e+08 
    7822.000000     1.78758e+08 
    7823.000000      1.7867e+08 
    7824.000000     1.78582e+08 
    7825.000000     1.78495e+08 
    7826.000000     1.78407e+08 
    7827.000000     1.78319e+08 
    7828.000000     1.78232e+08 
    7829.000000     1.78145e+08 
    7830.000000     1.78057e+08 
    7831.000000      1.7797e+08 
    7832.000000     1.77883e+08 
    7833.000000     1.77796e+08 
    7834.000000     1.77708e+08 
    7835.000000     1.77621e+08 
    7836.000000     1.77534e+08 
    7837.000000     1.77447e+08 
    7838.000000      1.7736e+08 
    7839.000000     1.77274e+08 
    7840.000000     1.77187e+08 
    7841.000000       1.771e+08 
    7842.000000     1.77013e+08 
    7843.000000     1.76927e+08 
    7844.000000      1.7684e+08 
    7845.000000     1.76754e+08 
    7845.545663     1.76706e+08 
    7847.000000     1.76581e+08 
    7848.000000     1.76494e+08 
    7849.000000     1.76408e+08 
    7850.000000     1.76322e+08 
    7851.000000     1.76236e+08 
    7852.000000     1.76149e+08 
    7853.000000     1.76063e+08 
    7854.000000     1.75977e+08 
    7855.000000     1.75891e+08 
    7856.000000     1.75805e+08 
    7857.000000     1.75719e+08 
    7858.000000     1.75633e+08 
    7859.000000     1.75548e+08 
    7860.000000     1.75462e+08 
    7861.000000     1.75376e+08 
    7862.000000     1.75291e+08 
    7863.000000     1.75205e+08 
    7864.000000     1.75119e+08 
    7865.000000     1.75034e+08 
    7866.000000     1.74949e+08 
    7867.000000     1.74863e+08 
    7868.000000     1.74778e+08 
    7869.000000     1.74692e+08 
    7870.000000     1.74607e+08 
    7871.000000     1.74522e+08 
    7872.000000     1.74437e+08 
    7873.000000     1.74352e+08 
    7874.000000     1.74267e+08 
    7875.000000     1.74182e+08 
    7876.000000     1.74097e+08 
    7877.000000     1.74012e+08 
    7878.000000     1.73927e+08 
    7879.000000     1.73843e+08 
    7880.000000     1.73758e+08 
    7881.000000     1.73673e+08 
    7882.000000     1.73589e+08 
    7883.000000     1.73504e+08 
    7884.000000     1.73419e+08 
    7885.000000     1.73335e+08 
    7886.000000     1.73251e+08 
    7887.000000     1.73166e+08 
    7888.000000     1.73082e+08 
    7889.000000     1.72998e+08 
    7890.000000     1.72914e+08 
    7891.000000     1.72829e+08 
    7892.000000     1.72745e+08 
    7893.000000     1.72661e+08 
    7894.000000     1.72577e+08 
    7895.000000     1.72493e+08 
    7896.000000     1.72409e+08 
    7897.000000     1.72326e+08 
    7898.000000     1.72242e+08 
    7899.000000     1.72158e+08 
    7900.000000     1.72074e+08 
    7901.000000     1.71991e+08 
    7902.000000     1.71907e+08 
    7903.000000     1.71824e+08 
    7904.000000      1.7174e+08 
    7905.000000     1.71657e+08 
    7906.000000     1.71573e+08 
    7907.000000      1.7149e+08 
    7908.000000     1.71407e+08 
    7909.000000     1.71324e+08 
    7910.000000      1.7124e+08 
    7911.000000     1.71157e+08 
    7912.000000     1.71074e+08 
    7913.000000     1.70991e+08 
    7914.000000     1.70908e+08 
    7915.000000     1.70825e+08 
    7916.000000     1.70742e+08 
    7917.000000      1.7066e+08 
    7918.000000     1.70577e+08 
    7919.000000     1.70494e+08 
    7920.000000     1.70411e+08 
    7921.000000     1.70329e+08 
    7922.000000     1.70246e+08 
    7923.000000     1.70164e+08 
    7924.000000     1.70081e+08 
    7925.000000     1.69999e+08 
    7926.000000     1.69916e+08 
    7927.000000     1.69834e+08 
    7928.000000     1.69752e+08 
    7929.000000      1.6967e+08 
    7930.000000     1.69587e+08 
    7931.000000     1.69505e+08 
    7932.000000     1.69423e+08 
    7933.000000     1.69341e+08 
    7934.000000     1.69259e+08 
    7935.000000     1.69177e+08 
    7936.000000     1.69095e+08 
    7937.000000     1.69014e+08 
    7938.000000     1.68932e+08 
    7939.000000      1.6885e+08 
    7940.000000     1.68768e+08 
    7941.000000     1.68687e+08 
    7942.000000     1.68605e+08 
    7943.000000     1.68524e+08 
    7944.000000     1.68442e+08 
    7945.000000     1.68361e+08 
    7946.000000     1.68279e+08 
    7947.000000     1.68198e+08 
    7948.000000     1.68117e+08 
    7949.000000     1.68035e+08 
    7950.000000     1.67954e+08 
    7951.000000     1.67873e+08 
    7952.000000     1.67792e+08 
    7953.000000     1.67711e+08 
    7954.000000      1.6763e+08 
    7955.000000     1.67549e+08 
    7956.000000     1.67468e+08 
    7957.000000     1.67387e+08 
    7958.000000     1.67307e+08 
    7959.000000     1.67226e+08 
    7960.000000     1.67145e+08 
    7961.000000     1.67065e+08 
    7962.000000     1.66984e+08 
    7963.000000     1.66903e+08 
    7964.000000     1.66823e+08 
    7965.000000     1.66742e+08 
    7966.000000     1.66662e+08 
    7967.000000     1.66582e+08 
    7968.000000     1.66501e+08 
    7969.000000     1.66421e+08 
    7970.000000     1.66341e+08 
    7971.000000     1.66261e+08 
    7972.000000     1.66181e+08 
    7973.000000       1.661e+08 
    7974.000000     1.66021e+08 
    7975.000000     1.65941e+08 
    7976.000000     1.65861e+08 
    7977.000000     1.65781e+08 
    7978.000000     1.65701e+08 
    7979.000000     1.65621e+08 
    7980.000000     1.65542e+08 
    7981.000000     1.65462e+08 
    7982.000000     1.65382e+08 
    7983.000000     1.65303e+08 
    7984.000000     1.65223e+08 
    7985.000000     1.65144e+08 
    7986.000000     1.65064e+08 
    7987.000000     1.64985e+08 
    7988.000000     1.64905e+08 
    7989.000000     1.64826e+08 
    7990.000000     1.64747e+08 
    7991.000000     1.64668e+08 
    7992.000000     1.64588e+08 
    7993.000000     1.64509e+08 
    7994.000000      1.6443e+08 
    7995.000000     1.64351e+08 
    7996.000000     1.64272e+08 
    7997.000000     1.64193e+08 
    7998.000000     1.64114e+08 
    7999.000000     1.64036e+08 
    8000.000000     1.63957e+08 
    8001.000000     1.63878e+08 
    8002.000000     1.63799e+08 
    8003.000000     1.63721e+08 
    8004.000000     1.63642e+08 
    8005.000000     1.63564e+08 
    8006.000000     1.63485e+08 
    8007.000000     1.63407e+08 
    8008.000000     1.63328e+08 
    8009.000000      1.6325e+08 
    8010.000000     1.63172e+08 
    8011.000000     1.63093e+08 
    8012.000000     1.63015e+08 
    8013.000000     1.62937e+08 
    8014.000000     1.62859e+08 
    8015.000000     1.62781e+08 
    8016.000000     1.62703e+08 
    8017.000000     1.62625e+08 
    8018.000000     1.62547e+08 
    8019.000000     1.62469e+08 
    8020.000000     1.62391e+08 
    8021.000000     1.62313e+08 
    8022.000000     1.62236e+08 
    8023.000000     1.62158e+08 
    8024.000000      1.6208e+08 
    8025.000000     1.62003e+08 
    8026.000000     1.61925e+08 
    8027.000000     1.61848e+08 
    8028.000000      1.6177e+08 
    8029.000000     1.61693e+08 
    8030.000000     1.61615e+08 
    8031.000000     1.61538e+08 
    8032.000000     1.61461e+08 
    8033.000000     1.61383e+08 
    8034.000000     1.61306e+08 
    8035.000000     1.61229e+08 
    8036.000000     1.61152e+08 
    8037.000000     1.61075e+08 
    8038.000000     1.60998e+08 
    8039.000000     1.60921e+08 
    8040.000000     1.60844e+08 
    8041.000000     1.60767e+08 
    8042.000000      1.6069e+08 
    8043.000000     1.60614e+08 
    8044.000000     1.60537e+08 
    8045.000000      1.6046e+08 
    8046.000000     1.60384e+08 
    8047.000000     1.60307e+08 
    8048.000000      1.6023e+08 
    8049.000000     1.60154e+08 
    8050.000000     1.60077e+08 
    8051.000000     1.60001e+08 
    8052.000000     1.59925e+08 
    8053.000000     1.59848e+08 
    8054.000000     1.59772e+08 
    8055.000000     1.59696e+08 
    8056.000000      1.5962e+08 
    8057.000000     1.59543e+08 
    8058.000000     1.59467e+08 
    8059.000000     1.59391e+08 
    8060.000000     1.59315e+08 
    8061.000000     1.59239e+08 
    8062.000000     1.59163e+08 
    8063.000000     1.59088e+08 
    8064.000000     1.59012e+08 
    8065.000000     1.58936e+08 
    8066.000000      1.5886e+08 
    8067.000000     1.58785e+08 
    8068.000000     1.58709e+08 
    8069.000000     1.58633e+08 
    8070.000000     1.58558e+08 
    8071.000000     1.58482e+08 
    8072.000000     1.58407e+08 
    8073.000000     1.58331e+08 
    8074.000000     1.58256e+08 
    8075.000000     1.58181e+08 
    8076.000000     1.58105e+08 
    8077.000000      1.5803e+08 
    8078.000000     1.57955e+08 
    8079.000000      1.5788e+08 
    8080.000000     1.57805e+08 
    8081.000000      1.5773e+08 
    8082.000000     1.57655e+08 
    8083.000000      1.5758e+08 
    8084.000000     1.57505e+08 
    8085.000000      1.5743e+08 
    8086.000000     1.57355e+08 
    8087.000000      1.5728e+08 
    8088.000000     1.57206e+08 
    8089.000000     1.57131e+08 
    8090.000000     1.57056e+08 
    8091.000000     1.56982e+08 
    8092.000000     1.56907e+08 
    8093.000000     1.56833e+08 
    8094.000000     1.56758e+08 
    8095.000000     1.56684e+08 
    8096.000000     1.56609e+08 
    8097.000000     1.56535e+08 
    8098.000000      1.5646e+08 
    8099.000000     1.56386e+08 
    8100.000000     1.56312e+08 
    8101.000000     1.56238e+08 
    8102.000000     1.56164e+08 
    8103.000000      1.5609e+08 
    8104.000000     1.56016e+08 
    8105.000000     1.55942e+08 
    8106.000000     1.55868e+08 
    8107.000000     1.55794e+08 
    8108.000000      1.5572e+08 
    8109.000000     1.55646e+08 
    8110.000000     1.55572e+08 
    8111.000000     1.55499e+08 
    8112.000000     1.55425e+08 
    8113.000000     1.55351e+08 
    8114.000000     1.55278e+08 
    8115.000000     1.55204e+08 
    8116.000000     1.55131e+08 
    8117.000000     1.55057e+08 
    8118.000000     1.54984e+08 
    8119.000000      1.5491e+08 
    8120.000000     1.54837e+08 
    8121.000000     1.54764e+08 
    8122.000000      1.5469e+08 
    8123.000000     1.54617e+08 
    8124.000000     1.54544e+08 
    8125.000000     1.54471e+08 
    8126.000000     1.54398e+08 
    8127.000000     1.54325e+08 
    8128.000000     1.54252e+08 
    8129.000000     1.54179e+08 
    8130.000000     1.54106e+08 
    8131.000000     1.54033e+08 
    8132.000000      1.5396e+08 
    8133.000000     1.53888e+08 
    8134.000000     1.53815e+08 
    8135.000000     1.53742e+08 
    8136.000000      1.5367e+08 
    8137.000000     1.53597e+08 
    8138.000000     1.53524e+08 
    8139.000000     1.53452e+08 
    8140.000000     1.53379e+08 
    8141.000000     1.53307e+08 
    8142.000000     1.53235e+08 
    8143.000000     1.53162e+08 
    8144.000000      1.5309e+08 
    8145.000000     1.53018e+08 
    8146.000000     1.52946e+08 
    8147.000000     1.52873e+08 
    8148.000000     1.52801e+08 
    8149.000000     1.52729e+08 
    8150.000000     1.52657e+08 
    8151.000000     1.52585e+08 
    8152.000000     1.52513e+08 
    8153.000000     1.52441e+08 
    8154.000000     1.52369e+08 
    8155.000000     1.52298e+08 
    8156.000000     1.52226e+08 
    8157.000000     1.52154e+08 
    8158.000000     1.52082e+08 
    8159.000000     1.52011e+08 
    8160.000000     1.51939e+08 
    8161.000000     1.51868e+08 
    8162.000000     1.51796e+08 
    8163.000000     1.51725e+08 
    8164.000000     1.51653e+08 
    8165.000000     1.51582e+08 
    8166.000000      1.5151e+08 
    8167.000000     1.51439e+08 
    8168.000000     1.51368e+08 
    8169.000000     1.51296e+08 
    8170.000000     1.51225e+08 
    8171.000000     1.51154e+08 
    8172.000000     1.51083e+08 
    8173.000000     1.51012e+08 
    8174.000000     1.50941e+08 
    8175.000000      1.5087e+08 
    8176.000000     1.50799e+08 
    8177.000000     1.50728e+08 
    8178.000000     1.50657e+08 
    8179.000000     1.50586e+08 
    8180.000000     1.50516e+08 
    8181.000000     1.50445e+08 
    8182.000000     1.50374e+08 
    8183.000000     1.50304e+08 
    8184.000000     1.50233e+08 
    8185.000000     1.50162e+08 
    8186.000000     1.50092e+08 
    8187.000000     1.50021e+08 
    8188.000000     1.49951e+08 
    8189.000000     1.49881e+08 
    8190.000000      1.4981e+08 
    8190.591363     1.49769e+08 
    8192.000000      1.4967e+08 
    8192.879854     1.49608e+08 
    8194.000000     1.49529e+08 
    8195.000000     1.49459e+08 
    8196.000000     1.49389e+08 
    8197.000000     1.49319e+08 
    8198.000000     1.49249e+08 
    8199.000000     1.49179e+08 
    8200.000000     1.49109e+08 
    8201.000000     1.49039e+08 
    8202.475555     1.48936e+08 
    8203.000000     1.48899e+08 
    8204.000000      1.4883e+08 
    8205.000000      1.4876e+08 
    8205.826341     1.48702e+08 
    8207.000000     1.48621e+08 
    8208.000000     1.48552e+08 
    8209.000000     1.48484e+08 
    8210.000000     1.48415e+08 
    8211.000000     1.48346e+08 
    8212.000000     1.48277e+08 
    8213.000000     1.48209e+08 
    8214.000000      1.4814e+08 
    8215.000000     1.48071e+08 
    8216.000000     1.48003e+08 
    8217.000000     1.47934e+08 
    8218.000000     1.47866e+08 
    8219.000000     1.47797e+08 
    8220.000000     1.47729e+08 
    8221.000000      1.4766e+08 
    8222.000000     1.47592e+08 
    8223.000000     1.47524e+08 
    8224.000000     1.47455e+08 
    8225.000000     1.47387e+08 
    8226.000000     1.47319e+08 
    8227.000000     1.47251e+08 
    8228.000000     1.47183e+08 
    8229.000000     1.47115e+08 
    8230.000000     1.47047e+08 
    8231.000000     1.46979e+08 
    8232.000000     1.46911e+08 
    8233.000000     1.46843e+08 
    8234.000000     1.46775e+08 
    8235.000000     1.46707e+08 
    8236.000000     1.46639e+08 
    8237.000000     1.46572e+08 
    8238.236523     1.46488e+08 
    8238.440235      1.4162e+08 
    8238.643957     1.40976e+08 
    8238.847688     1.39876e+08 
    8239.051430     1.39187e+08 
    8239.255182      1.3985e+08 
    8239.458944     1.40924e+08 
    8239.662716     1.41541e+08 
    8239.866498     1.46378e+08 
    8241.000000     1.46301e+08 
    8242.000000     1.46233e+08 
    8243.000000     1.46166e+08 
    8244.000000     1.46098e+08 
    8245.000000     1.46031e+08 
    8246.000000     1.45964e+08 
    8247.000000     1.45896e+08 
    8248.000000     1.45829e+08 
    8249.000000     1.45761e+08 
    8250.000000     1.45694e+08 
    8251.000000     1.45627e+08 
    8252.000000      1.4556e+08 
    8253.000000     1.45493e+08 
    8254.000000     1.45426e+08 
    8255.000000     1.45359e+08 
    8256.000000     1.45292e+08 
    8257.000000     1.45225e+08 
    8258.000000     1.45158e+08 
    8259.000000     1.45091e+08 
    8260.000000     1.45024e+08 
    8261.000000     1.44957e+08 
    8262.000000      1.4489e+08 
    8263.000000     1.44823e+08 
    8263.560032     1.44786e+08 
    8265.000000      1.4469e+08 
    8266.000000     1.44624e+08 
    8267.000000     1.44557e+08 
    8268.000000      1.4449e+08 
    8269.000000     1.44424e+08 
    8270.000000     1.44357e+08 
    8271.000000     1.44291e+08 
    8272.000000     1.44225e+08 
    8273.000000     1.44158e+08 
    8274.000000     1.44092e+08 
    8275.000000     1.44025e+08 
    8276.000000     1.43959e+08 
    8277.000000     1.43893e+08 
    8278.000000     1.43827e+08 
    8279.000000     1.43761e+08 
    8280.000000     1.43695e+08 
    8281.000000     1.43629e+08 
    8282.000000     1.43562e+08 
    8283.000000     1.43497e+08 
    8284.000000     1.43431e+08 
    8285.000000     1.43365e+08 
    8286.000000     1.43299e+08 
    8287.000000     1.43233e+08 
    8288.000000     1.43167e+08 
    8289.000000     1.43101e+08 
    8290.000000     1.43036e+08 
    8291.000000      1.4297e+08 
    8292.000000     1.42904e+08 
    8293.000000     1.42839e+08 
    8294.000000     1.42773e+08 
    8295.000000     1.42708e+08 
    8296.000000     1.42642e+08 
    8297.000000     1.42577e+08 
    8298.000000     1.42511e+08 
    8299.000000     1.42446e+08 
    8300.000000      1.4238e+08 
    8301.000000     1.42315e+08 
    8302.000000      1.4225e+08 
    8303.000000     1.42185e+08 
    8304.000000     1.42119e+08 
    8305.000000     1.42054e+08 
    8306.000000     1.41989e+08 
    8307.000000     1.41924e+08 
    8308.000000     1.41859e+08 
    8309.000000     1.41794e+08 
    8310.000000     1.41729e+08 
    8311.000000     1.41664e+08 
    8312.000000     1.41599e+08 
    8313.000000     1.41534e+08 
    8314.000000     1.41469e+08 
    8315.000000     1.41405e+08 
    8316.000000      1.4134e+08 
    8317.000000     1.41275e+08 
    8318.000000     1.41211e+08 
    8319.000000     1.41146e+08 
    8320.000000     1.41081e+08 
    8321.000000     1.41017e+08 
    8322.000000     1.40952e+08 
    8323.000000     1.40888e+08 
    8324.000000     1.40823e+08 
    8325.000000     1.40759e+08 
    8326.000000     1.40694e+08 
    8327.000000      1.4063e+08 
    8328.000000     1.40566e+08 
    8329.000000     1.40501e+08 
    8330.000000     1.40437e+08 
    8331.000000     1.40373e+08 
    8332.000000     1.40309e+08 
    8333.000000     1.40245e+08 
    8334.000000     1.40181e+08 
    8335.000000     1.40117e+08 
    8336.000000     1.40052e+08 
    8337.000000     1.39989e+08 
    8338.000000     1.39925e+08 
    8339.000000     1.39861e+08 
    8340.000000     1.39797e+08 
    8341.000000     1.39733e+08 
    8342.000000     1.39669e+08 
    8343.000000     1.39605e+08 
    8344.000000     1.39542e+08 
    8345.000000     1.39478e+08 
    8346.000000     1.39414e+08 
    8347.000000     1.39351e+08 
    8348.000000     1.39287e+08 
    8349.000000     1.39224e+08 
    8350.000000      1.3916e+08 
    8351.000000     1.39097e+08 
    8352.000000     1.39033e+08 
    8353.000000      1.3897e+08 
    8354.000000     1.38906e+08 
    8355.000000     1.38843e+08 
    8356.000000      1.3878e+08 
    8357.000000     1.38717e+08 
    8358.000000     1.38653e+08 
    8359.000000      1.3859e+08 
    8360.000000     1.38527e+08 
    8361.000000     1.38464e+08 
    8362.000000     1.38401e+08 
    8363.000000     1.38338e+08 
    8364.000000     1.38275e+08 
    8365.000000     1.38212e+08 
    8366.000000     1.38149e+08 
    8367.000000     1.38086e+08 
    8368.000000     1.38023e+08 
    8369.000000      1.3796e+08 
    8370.000000     1.37897e+08 
    8371.000000     1.37835e+08 
    8372.000000     1.37772e+08 
    8373.000000     1.37709e+08 
    8374.000000     1.37647e+08 
    8375.000000     1.37584e+08 
    8376.000000     1.37522e+08 
    8377.000000     1.37459e+08 
    8378.000000     1.37396e+08 
    8379.000000     1.37334e+08 
    8380.000000     1.37272e+08 
    8381.000000     1.37209e+08 
    8382.000000     1.37147e+08 
    8383.000000     1.37085e+08 
    8384.000000     1.37022e+08 
    8385.000000      1.3696e+08 
    8386.000000     1.36898e+08 
    8387.000000     1.36836e+08 
    8388.000000     1.36773e+08 
    8389.000000     1.36711e+08 
    8390.000000     1.36649e+08 
    8391.000000     1.36587e+08 
    8392.000000     1.36525e+08 
    8393.000000     1.36463e+08 
    8394.000000     1.36401e+08 
    8395.000000      1.3634e+08 
    8396.000000     1.36278e+08 
    8397.000000     1.36216e+08 
    8398.000000     1.36154e+08 
    8399.000000     1.36092e+08 
    8400.000000     1.36031e+08 
    8401.000000     1.35969e+08 
    8402.000000     1.35907e+08 
    8403.000000     1.35846e+08 
    8404.000000     1.35784e+08 
    8405.000000     1.35723e+08 
    8406.000000     1.35661e+08 
    8407.000000       1.356e+08 
    8408.000000     1.35539e+08 
    8409.000000     1.35477e+08 
    8410.000000     1.35416e+08 
    8411.000000     1.35355e+08 
    8412.000000     1.35293e+08 
    8413.000000     1.35232e+08 
    8414.000000     1.35171e+08 
    8415.000000      1.3511e+08 
    8416.000000     1.35049e+08 
    8417.000000     1.34988e+08 
    8418.000000     1.34927e+08 
    8419.000000     1.34865e+08 
    8420.000000     1.34805e+08 
    8421.000000     1.34744e+08 
    8422.000000     1.34683e+08 
    8423.000000     1.34622e+08 
    8424.000000     1.34561e+08 
    8425.000000       1.345e+08 
    8426.000000     1.34439e+08 
    8427.000000     1.34379e+08 
    8428.000000     1.34318e+08 
    8429.000000     1.34258e+08 
    8430.000000     1.34197e+08 
    8431.000000     1.34136e+08 
    8432.000000     1.34076e+08 
    8433.000000     1.34015e+08 
    8434.000000     1.33955e+08 
    8435.000000     1.33895e+08 
    8436.000000     1.33834e+08 
    8437.000000     1.33774e+08 
    8438.000000     1.33714e+08 
    8439.000000     1.33653e+08 
    8440.000000     1.33593e+08 
    8441.000000     1.33533e+08 
    8442.000000     1.33473e+08 
    8443.000000     1.33413e+08 
    8444.000000     1.33353e+08 
    8445.000000     1.33293e+08 
    8446.000000     1.33233e+08 
    8447.000000     1.33173e+08 
    8448.000000     1.33113e+08 
    8449.000000     1.33053e+08 
    8450.000000     1.32993e+08 
    8451.000000     1.32933e+08 
    8452.000000     1.32873e+08 
    8453.000000     1.32814e+08 
    8454.000000     1.32754e+08 
    8455.000000     1.32694e+08 
    8456.000000     1.32635e+08 
    8457.000000     1.32575e+08 
    8458.000000     1.32516e+08 
    8459.000000     1.32456e+08 
    8460.000000     1.32397e+08 
    8461.000000     1.32337e+08 
    8462.000000     1.32278e+08 
    8463.000000     1.32219e+08 
    8464.000000     1.32159e+08 
    8465.000000       1.321e+08 
    8466.000000     1.32041e+08 
    8467.000000     1.31982e+08 
    8467.616229     1.31945e+08 
    8469.000000     1.31859e+08 
    8470.000000       1.318e+08 
    8471.000000     1.31741e+08 
    8472.000000     1.31681e+08 
    8473.000000     1.31622e+08 
    8474.000000     1.31563e+08 
    8475.000000     1.31504e+08 
    8476.000000     1.31445e+08 
    8477.000000     1.31386e+08 
    8478.000000     1.31327e+08 
    8479.000000     1.31269e+08 
    8480.000000      1.3121e+08 
    8481.000000     1.31151e+08 
    8482.000000     1.31092e+08 
    8483.000000     1.31033e+08 
    8484.000000     1.30975e+08 
    8485.000000     1.30916e+08 
    8486.000000     1.30857e+08 
    8487.000000     1.30799e+08 
    8488.000000      1.3074e+08 
    8489.000000     1.30682e+08 
    8490.000000     1.30623e+08 
    8491.000000     1.30565e+08 
    8492.000000     1.30506e+08 
    8493.000000     1.30448e+08 
    8494.000000     1.30389e+08 
    8495.000000     1.30331e+08 
    8496.000000     1.30273e+08 
    8497.000000     1.30214e+08 
    8498.000000     1.30156e+08 
    8499.000000     1.30098e+08 
    8500.000000      1.3004e+08 
    8501.000000     1.29981e+08 
    8502.000000     1.29923e+08 
    8503.000000     1.29865e+08 
    8504.000000     1.29807e+08 
    8505.000000     1.29749e+08 
    8506.000000     1.29691e+08 
    8507.486584     1.29604e+08 
    8508.000000     1.29575e+08 
    8509.000000     1.29517e+08 
    8510.000000     1.29459e+08 
    8511.000000     1.29401e+08 
    8512.000000     1.29343e+08 
    8513.000000     1.29285e+08 
    8514.000000     1.29227e+08 
    8515.000000     1.29169e+08 
    8516.000000     1.29111e+08 
    8517.000000     1.29053e+08 
    8518.000000     1.28996e+08 
    8519.000000     1.28938e+08 
    8520.142413     1.28872e+08 
    8521.000000     1.28812e+08 
    8522.000000     1.28754e+08 
    8523.000000     1.28695e+08 
    8524.000000     1.28637e+08 
    8525.000000     1.28579e+08 
    8526.000000     1.28521e+08 
    8527.000000     1.28464e+08 
    8527.562893     1.28431e+08 
    8529.000000     1.28348e+08 
    8530.000000      1.2829e+08 
    8531.000000     1.28232e+08 
    8532.000000     1.28173e+08 
    8533.000000     1.28115e+08 
    8534.000000     1.28057e+08 
    8535.000000     1.27999e+08 
    8536.000000     1.27941e+08 
    8537.000000     1.27883e+08 
    8537.636622     1.27847e+08 
    8539.000000     1.27768e+08 
    8540.000000     1.27711e+08 
    8541.000000     1.27653e+08 
    8542.000000     1.27596e+08 
    8542.682417     1.27557e+08 
    8544.000000     1.27481e+08 
    8545.207552      1.2741e+08 
    8546.470679     1.27325e+08 
    8547.102383     1.27274e+08 
    8547.418270     1.27251e+08 
    8547.544631     1.27243e+08 
    8547.607813     1.27239e+08 
    8547.670996     1.27236e+08 
    8547.734180     1.27231e+08 
    8547.797365     1.27229e+08 
    8547.860551     1.27225e+08 
    8547.923737     1.27222e+08 
    8548.050114     1.27216e+08 
    8548.366070     1.27202e+08 
    8548.998054     1.27182e+08 
    8550.262303     1.27124e+08 
    8551.000000     1.27084e+08 
    8552.000000     1.27029e+08 
    8552.791921     1.26984e+08 
    8554.000000     1.26916e+08 
    8555.000000      1.2686e+08 
    8556.000000     1.26804e+08 
    8557.000000     1.26749e+08 
    8557.855651     1.26701e+08 
    8559.000000     1.26637e+08 
    8560.260091     1.26567e+08 
    8561.000000     1.26526e+08 
    8562.000000      1.2647e+08 
    8563.000000     1.26415e+08 
    8564.000000      1.2636e+08 
    8565.000000     1.26304e+08 
    8566.000000     1.26248e+08 
    8567.000000     1.26193e+08 
    8568.001120     1.26137e+08 
    8569.000000     1.26081e+08 
    8570.000000     1.26025e+08 
    8571.000000     1.25969e+08 
    8572.000000     1.25914e+08 
    8573.000000     1.25857e+08 
    8574.000000     1.25801e+08 
    8575.000000     1.25745e+08 
    8576.000000     1.25689e+08 
    8577.000000     1.25633e+08 
    8578.000000     1.25576e+08 
    8579.000000      1.2552e+08 
    8580.460937     1.25438e+08 
    8581.000000     1.25407e+08 
    8582.000000     1.25351e+08 
    8583.000000     1.25294e+08 
    8584.000000     1.25237e+08 
    8585.000000     1.25181e+08 
    8586.162372     1.25115e+08 
    8587.000000     1.25043e+08 
    8588.364396     1.24964e+08 
    8589.000000     1.24928e+08 
    8590.000000     1.24871e+08 
    8590.597155     1.24837e+08 
    8592.000000     1.24757e+08 
    8593.000000       1.247e+08 
    8594.000000     1.24644e+08 
    8595.000000     1.24587e+08 
    8595.674250     1.24549e+08 
    8597.000000     1.24472e+08 
    8598.215049     1.24394e+08 
    8599.486012     1.24285e+08 
    8600.121634     1.24203e+08 
    8600.439480     1.24168e+08 
    8600.566625     1.24157e+08 
    8600.630199     1.24153e+08 
    8600.693774     1.24148e+08 
    8600.757350     1.24143e+08 
    8600.820927     1.24142e+08 
    8600.884505     1.24139e+08 
    8600.948083     1.24136e+08 
    8601.075243     1.24134e+08 
    8601.393160     1.24134e+08 
    8602.029064     1.24147e+08 
    8603.301155     1.24117e+08 
    8604.000000     1.24086e+08 
    8605.000000     1.24037e+08 
    8605.846465     1.23993e+08 
    8607.000000     1.23932e+08 
    8608.000000     1.23879e+08 
    8609.000000     1.23826e+08 
    8610.000000     1.23774e+08 
    8610.941606     1.23724e+08 
    8612.000000      1.2367e+08 
    8613.000000     1.23618e+08 
    8614.000000     1.23566e+08 
    8615.000000     1.23514e+08 
    8616.000000     1.23462e+08 
    8617.000000     1.23409e+08 
    8618.000000     1.23356e+08 
    8619.000000     1.23303e+08 
    8620.000000     1.23251e+08 
    8621.150010     1.23191e+08 
    8622.000000     1.23146e+08 
    8623.000000     1.23093e+08 
    8624.000000      1.2304e+08 
    8625.000000     1.22986e+08 
    8626.000000     1.22932e+08 
    8626.590910     1.22901e+08 
    8628.000000     1.22825e+08 
    8629.382715     1.22755e+08 
    8630.000000     1.22721e+08 
    8631.000000     1.22667e+08 
    8632.000000     1.22612e+08 
    8633.000000     1.22557e+08 
    8634.000000     1.22503e+08 
    8635.000000     1.22448e+08 
    8636.000000     1.22393e+08 
    8637.000000     1.22338e+08 
    8638.000000     1.22282e+08 
    8639.000000     1.22226e+08 
    8640.000000      1.2217e+08 
    8641.000000     1.22115e+08 
    8641.639603     1.22079e+08 
    8643.000000     1.22002e+08 
    8644.000000     1.21946e+08 
    8645.000000     1.21889e+08 
    8646.000000     1.21832e+08 
    8646.948286     1.21778e+08 
    8648.000000     1.21718e+08 
    8649.000000      1.2166e+08 
    8650.000000     1.21603e+08 
    8651.000000     1.21545e+08 
    8652.000000     1.21488e+08 
    8653.000000      1.2143e+08 
    8654.000000     1.21372e+08 
    8655.000000     1.21314e+08 
    8656.000000     1.21256e+08 
    8657.163047     1.21188e+08 
    8658.000000      1.2114e+08 
    8659.000000     1.21083e+08 
    8660.000000     1.21026e+08 
    8661.000000     1.20969e+08 
    8662.279483     1.20896e+08 
    8663.000000     1.20853e+08 
    8664.000000     1.20787e+08 
    8664.839969     1.20717e+08 
    8666.120780     1.20539e+08 
    8666.761328     1.20378e+08 
    8667.081637     1.20308e+08 
    8667.209767     1.20287e+08 
    8667.273834     1.20281e+08 
    8667.337902     1.20275e+08 
    8667.401970     1.20266e+08 
    8667.466039     1.20269e+08 
    8667.530110     1.20268e+08 
    8667.594181     1.20268e+08 
    8667.722327     1.20276e+08 
    8668.042707     1.20314e+08 
    8668.683539     1.20409e+08 
    8669.965486     1.20457e+08 
    8670.838275      1.2044e+08 
    8672.000000     1.20343e+08 
    8672.530519     1.20319e+08 
    8674.000000     1.20252e+08 
    8675.000000     1.20206e+08 
    8676.000000     1.20161e+08 
    8677.000000     1.20115e+08 
    8677.665141     1.20084e+08 
    8679.000000     1.20023e+08 
    8680.000000     1.19978e+08 
    8681.000000     1.19932e+08 
    8682.000000     1.19885e+08 
    8682.912366     1.19851e+08 
    8684.000000       1.198e+08 
    8685.000000     1.19753e+08 
    8686.000000     1.19707e+08 
    8687.000000     1.19661e+08 
    8687.952646     1.19616e+08 
    8689.000000     1.19567e+08 
    8690.000000     1.19519e+08 
    8691.000000     1.19471e+08 
    8692.000000     1.19422e+08 
    8693.000000     1.19372e+08 
    8694.000000     1.19322e+08 
    8695.000000     1.19273e+08 
    8696.000000     1.19224e+08 
    8697.000000     1.19176e+08 
    8698.000000     1.19126e+08 
    8699.000000     1.19076e+08 
    8700.000000     1.19025e+08 
    8701.000000     1.18974e+08 
    8702.000000     1.18921e+08 
    8703.000000      1.1887e+08 
    8704.000000     1.18819e+08 
    8705.000000     1.18767e+08 
    8706.000000     1.18716e+08 
    8707.000000     1.18663e+08 
    8708.000000      1.1861e+08 
    8708.601007     1.18578e+08 
    8710.000000     1.18502e+08 
    8711.000000     1.18448e+08 
    8711.665515     1.18412e+08 
    8713.000000     1.18341e+08 
    8714.000000     1.18286e+08 
    8715.000000     1.18231e+08 
    8716.000000     1.18175e+08 
    8717.000000     1.18118e+08 
    8718.000000     1.18062e+08 
    8719.000000     1.18007e+08 
    8720.000000      1.1795e+08 
    8721.000000     1.17893e+08 
    8722.000000     1.17835e+08 
    8723.000000     1.17776e+08 
    8724.000000     1.17717e+08 
    8725.000000     1.17659e+08 
    8726.000000       1.176e+08 
    8727.000000     1.17541e+08 
    8728.000000      1.1748e+08 
    8729.000000      1.1742e+08 
    8730.000000      1.1736e+08 
    8731.000000     1.17298e+08 
    8732.223654     1.17222e+08 
    8733.000000     1.17174e+08 
    8734.000000     1.17112e+08 
    8735.000000     1.17049e+08 
    8736.000000     1.16985e+08 
    8737.000000     1.16922e+08 
    8738.000000     1.16859e+08 
    8739.000000     1.16796e+08 
    8740.000000     1.16732e+08 
    8741.000000     1.16668e+08 
    8742.000000     1.16604e+08 
    8742.539152      1.1657e+08 
    8744.000000     1.16477e+08 
    8745.000000     1.16414e+08 
    8746.000000     1.16352e+08 
    8747.000000      1.1629e+08 
    8747.706045     1.16244e+08 
    8749.000000     1.16148e+08 
    8750.193580     1.16028e+08 
    8750.291783     1.16011e+08 
    8751.000000     1.15856e+08 
    8751.585225     1.15653e+08 
    8752.232090     1.15306e+08 
    8752.555558     1.15147e+08 
    8752.684952     1.15101e+08 
    8752.749650     1.15087e+08 
    8752.814350     1.15077e+08 
    8752.879050     1.15061e+08 
    8752.943751     1.15071e+08 
    8753.008454     1.15075e+08 
    8753.073157     1.15082e+08 
    8753.202566     1.15116e+08 
    8753.526106     1.15243e+08 
    8754.173257     1.15528e+08 
    8755.467847     1.15761e+08 
    8756.000000     1.15788e+08 
    8757.000000     1.15791e+08 
    8758.058176     1.15766e+08 
    8759.000000     1.15736e+08 
    8760.000000     1.15702e+08 
    8761.000000     1.15668e+08 
    8762.000000     1.15634e+08 
    8763.243435     1.15593e+08 
    8764.000000     1.15569e+08 
    8765.000000     1.15537e+08 
    8766.000000     1.15504e+08 
    8767.000000     1.15472e+08 
    8768.000000      1.1544e+08 
    8769.000000     1.15407e+08 
    8770.000000     1.15374e+08 
    8771.000000     1.15341e+08 
    8772.000000     1.15308e+08 
    8773.000000     1.15273e+08 
    8773.632395     1.15252e+08 
    8775.000000     1.15205e+08 
    8776.000000      1.1517e+08 
    8777.000000     1.15135e+08 
    8778.000000     1.15099e+08 
    8779.000000     1.15064e+08 
    8780.000000     1.15027e+08 
    8781.000000      1.1499e+08 
    8782.126293     1.14948e+08 
    8783.000000     1.14809e+08 
    8784.000000     1.14768e+08 
    8785.000000     1.14726e+08 
    8786.000000     1.14686e+08 
    8787.000000     1.14646e+08 
    8788.000000     1.14604e+08 
    8789.000000     1.14561e+08 
    8790.000000     1.14519e+08 
    8791.000000     1.14475e+08 
    8792.000000     1.14431e+08 
    8793.000000     1.14385e+08 
    8794.484388     1.14313e+08 
    8795.000000     1.14288e+08 
    8796.000000     1.14242e+08 
    8797.000000     1.14197e+08 
    8798.000000     1.14153e+08 
    8799.000000     1.14107e+08 
    8800.000000      1.1406e+08 
    8801.000000     1.14012e+08 
    8802.000000     1.13963e+08 
    8803.000000     1.13913e+08 
    8804.000000     1.13862e+08 
    8805.000000     1.13811e+08 
    8806.000000      1.1376e+08 
    8807.000000     1.13711e+08 
    8808.000000     1.13662e+08 
    8809.000000     1.13612e+08 
    8810.000000     1.13559e+08 
    8811.000000     1.13507e+08 
    8812.000000     1.13453e+08 
    8813.000000     1.13398e+08 
    8814.000000     1.13343e+08 
    8815.000000     1.13289e+08 
    8816.000000     1.13236e+08 
    8817.000000     1.13183e+08 
    8818.000000     1.13127e+08 
    8819.000000     1.13071e+08 
    8820.000000     1.13013e+08 
    8821.000000     1.12954e+08 
    8822.000000     1.12893e+08 
    8823.477540     1.12808e+08 
    8824.000000     1.12778e+08 
    8825.000000      1.1272e+08 
    8826.000000      1.1266e+08 
    8827.000000     1.12599e+08 
    8828.000000     1.12536e+08 
    8829.000000     1.12472e+08 
    8830.000000      1.1241e+08 
    8831.000000     1.12347e+08 
    8832.000000     1.12282e+08 
    8833.000000     1.12216e+08 
    8834.000000     1.12148e+08 
    8835.000000     1.12081e+08 
    8836.487143     1.12028e+08 
    8837.000000     1.11992e+08 
    8838.000000     1.11922e+08 
    8839.000000      1.1185e+08 
    8840.000000     1.11777e+08 
    8841.000000     1.11706e+08 
    8842.000000     1.11632e+08 
    8843.000000     1.11558e+08 
    8844.299537      1.1146e+08 
    8845.000000     1.11407e+08 
    8846.000000     1.11331e+08 
    8847.000000     1.11254e+08 
    8848.000000     1.11175e+08 
    8849.000000     1.11098e+08 
    8850.000000     1.11019e+08 
    8851.000000      1.1094e+08 
    8852.000000     1.10861e+08 
    8853.000000     1.10781e+08 
    8854.000000     1.10702e+08 
    8854.747432     1.10643e+08 
    8856.000000     1.10545e+08 
    8857.000000     1.10467e+08 
    8858.000000     1.10391e+08 
    8859.000000     1.10316e+08 
    8859.980641     1.10239e+08 
    8861.000000     1.10145e+08 
    8862.000000     1.10001e+08 
    8862.599566     1.09852e+08 
    8863.909609     1.09147e+08 
    8864.564776     1.08416e+08 
    8864.892396       1.081e+08 
    8865.023451     1.08022e+08 
    8865.088980     1.08009e+08 
    8865.154509     1.07997e+08 
    8865.220040     1.07954e+08 
    8865.285572     1.07992e+08 
    8865.351104     1.07997e+08 
    8865.416638     1.08004e+08 
    8865.547708     1.08071e+08 
    8865.875401     1.08357e+08 
    8866.530858     1.09029e+08 
    8867.842064     1.09614e+08 
    8869.000000     1.09748e+08 
    8870.465639     1.09763e+08 
    8871.000000     1.09757e+08 
    8872.000000     1.09741e+08 
    8873.000000     1.09726e+08 
    8874.000000     1.09711e+08 
    8875.000000     1.09698e+08 
    8875.717450     1.09688e+08 
    8877.000000     1.09673e+08 
    8878.000000     1.09661e+08 
    8879.000000     1.09648e+08 
    8880.000000     1.09636e+08 
    8881.000000     1.09623e+08 
    8882.000000      1.0961e+08 
    8883.000000     1.09595e+08 
    8884.000000     1.09582e+08 
    8885.000000     1.09566e+08 
    8886.239749     1.09546e+08 
    8887.000000     1.09533e+08 
    8888.000000     1.09516e+08 
    8889.000000     1.09498e+08 
    8890.000000     1.09479e+08 
    8891.000000     1.09458e+08 
    8892.000000     1.09439e+08 
    8893.000000     1.09418e+08 
    8894.000000     1.09395e+08 
    8895.000000     1.09372e+08 
    8896.000000     1.09347e+08 
    8897.000000     1.09324e+08 
    8898.000000       1.093e+08 
    8899.000000     1.09274e+08 
    8900.000000     1.09248e+08 
    8901.000000      1.0922e+08 
    8902.000000     1.09191e+08 
    8903.000000     1.09165e+08 
    8904.000000     1.09137e+08 
    8905.000000     1.09107e+08 
    8906.000000     1.09078e+08 
    8907.359372     1.09034e+08 
    8908.000000     1.09013e+08 
    8909.000000     1.08982e+08 
    8910.000000     1.08951e+08 
    8911.000000      1.0892e+08 
    8912.000000     1.08887e+08 
    8913.000000     1.08854e+08 
    8914.000000      1.0882e+08 
    8915.000000     1.08784e+08 
    8916.000000     1.08747e+08 
    8917.000000     1.08713e+08 
    8918.000000      1.0868e+08 
    8919.000000     1.08646e+08 
    8920.000000      1.0861e+08 
    8921.000000     1.08573e+08 
    8922.000000     1.08536e+08 
    8923.000000     1.08498e+08 
    8924.000000     1.08459e+08 
    8925.000000      1.0842e+08 
    8926.000000     1.08383e+08 
    8927.000000     1.08347e+08 
    8928.000000     1.08311e+08 
    8929.000000     1.08273e+08 
    8930.000000     1.08235e+08 
    8931.000000     1.08195e+08 
    8932.000000     1.08156e+08 
    8932.867962     1.08121e+08 
    8934.000000     1.07905e+08 
    8935.000000     1.07853e+08 
    8936.000000     1.07804e+08 
    8937.000000     1.07757e+08 
    8938.000000     1.07714e+08 
    8939.000000     1.07674e+08 
    8940.000000     1.07631e+08 
    8941.000000     1.07586e+08 
    8942.000000     1.07539e+08 
    8943.000000     1.07492e+08 
    8944.000000     1.07443e+08 
    8945.000000     1.07391e+08 
    8946.000000     1.07335e+08 
    8947.000000     1.07279e+08 
    8948.000000     1.07227e+08 
    8949.000000     1.07179e+08 
    8949.901221     1.07232e+08 
    8951.000000     1.07176e+08 
    8952.000000     1.07123e+08 
    8953.000000     1.07069e+08 
    8954.000000     1.07014e+08 
    8955.000000     1.06957e+08 
    8956.000000     1.06896e+08 
    8957.000000     1.06835e+08 
    8958.000000     1.06775e+08 
    8959.000000      1.0672e+08 
    8960.000000     1.06666e+08 
    8961.000000     1.06609e+08 
    8962.000000      1.0655e+08 
    8963.000000     1.06491e+08 
    8964.000000      1.0643e+08 
    8965.000000     1.06364e+08 
    8966.000000     1.06298e+08 
    8967.000000     1.06234e+08 
    8968.000000     1.06175e+08 
    8969.000000     1.06114e+08 
    8970.000000      1.0605e+08 
    8971.000000     1.05984e+08 
    8972.000000     1.05917e+08 
    8973.000000     1.05845e+08 
    8974.000000     1.05773e+08 
    8974.928987     1.05711e+08 
    8976.000000     1.05639e+08 
    8977.000000     1.05569e+08 
    8978.000000     1.05497e+08 
    8979.000000     1.05422e+08 
    8980.000000     1.05343e+08 
    8981.000000     1.05267e+08 
    8982.000000     1.05193e+08 
    8983.000000     1.05116e+08 
    8984.000000     1.05037e+08 
    8985.000000     1.04956e+08 
    8986.000000     1.04871e+08 
    8987.000000     1.04788e+08 
    8988.000000     1.04706e+08 
    8989.000000      1.0462e+08 
    8990.000000     1.04533e+08 
    8991.000000     1.04441e+08 
    8992.000000     1.04352e+08 
    8993.000000     1.04262e+08 
    8994.000000     1.04169e+08 
    8995.000000     1.04074e+08 
    8996.108385     1.03967e+08 
    8997.000000     1.03881e+08 
    8998.000000     1.03784e+08 
    8999.000000     1.03683e+08 
    9000.000000     1.03582e+08 
    9001.000000     1.03481e+08 
    9002.000000     1.03378e+08 
    9003.000000     1.03274e+08 
    9004.000000      1.0317e+08 
    9005.000000     1.03065e+08 
    9006.000000     1.02961e+08 
    9006.735614     1.02883e+08 
    9008.000000     1.02752e+08 
    9009.000000      1.0265e+08 
    9010.000000      1.0255e+08 
    9011.000000     1.02452e+08 
    9012.058649     1.02351e+08 
    9012.272928     1.02328e+08 
    9012.495779     1.02267e+08 
    9012.718642     1.02244e+08 
    9012.941515     1.02218e+08 
    9013.164400     1.02193e+08 
    9013.387296     1.02161e+08 
    9013.610202     1.02126e+08 
    9013.833120      1.0209e+08 
    9014.056049     1.02077e+08 
    9014.722527     1.01877e+08 
    9016.055056     1.00828e+08 
    9016.721469     9.96338e+07 
    9017.054712     9.90927e+07 
    9017.188016       9.895e+07 
    9017.254670     9.89155e+07 
    9017.321324     9.88899e+07 
    9017.387980     9.88399e+07 
    9017.454637     9.88845e+07 
    9017.521294     9.89046e+07 
    9017.587953     9.89337e+07 
    9017.721272     9.90655e+07 
    9018.054590     9.95791e+07 
    9018.721298     1.00717e+08 
    9020.055010     1.01653e+08 
    9021.000000     1.01833e+08 
    9022.000000     1.01887e+08 
    9022.723618     1.01901e+08 
    9024.000000     1.01916e+08 
    9025.000000     1.01929e+08 
    9026.000000     1.01944e+08 
    9027.000000     1.01962e+08 
    9028.065574     1.01982e+08 
    9029.000000        1.02e+08 
    9030.000000     1.02018e+08 
    9031.000000     1.02038e+08 
    9032.000000     1.02055e+08 
    9033.000000     1.02073e+08 
    9034.000000      1.0209e+08 
    9035.000000     1.02105e+08 
    9036.000000     1.02119e+08 
    9037.000000     1.02133e+08 
    9038.000000     1.02144e+08 
    9038.768484     1.02151e+08 
    9040.000000     1.02162e+08 
    9041.000000     1.02171e+08 
    9042.000000     1.02176e+08 
    9043.000000      1.0218e+08 
    9044.000000     1.02182e+08 
    9045.000000     1.02186e+08 
    9046.000000     1.02186e+08 
    9047.000000     1.02184e+08 
    9048.000000      1.0218e+08 
    9049.000000     1.02175e+08 
    9050.000000     1.02173e+08 
    9051.000000     1.02167e+08 
    9052.000000     1.02159e+08 
    9053.000000     1.02148e+08 
    9054.000000     1.02135e+08 
    9055.000000     1.02123e+08 
    9056.000000     1.02115e+08 
    9057.000000     1.02102e+08 
    9058.000000     1.02087e+08 
    9059.000000     1.02071e+08 
    9060.102614     1.02049e+08 
    9060.250617      1.0202e+08 
    9061.000000     1.02005e+08 
    9062.000000     1.01987e+08 
    9063.000000     1.01972e+08 
    9064.000000     1.01952e+08 
    9065.000000     1.01929e+08 
    9066.000000     1.01906e+08 
    9067.000000      1.0188e+08 
    9068.000000     1.01853e+08 
    9069.000000     1.01826e+08 
    9070.000000     1.01804e+08 
    9071.000000     1.01783e+08 
    9072.000000     1.01757e+08 
    9073.000000     1.01729e+08 
    9074.000000     1.01701e+08 
    9075.000000      1.0167e+08 
    9076.000000     1.01638e+08 
    9077.000000     1.01604e+08 
    9078.000000     1.01572e+08 
    9079.000000     1.01544e+08 
    9080.000000     1.01518e+08 
    9081.000000     1.01488e+08 
    9082.000000     1.01456e+08 
    9083.000000     1.01423e+08 
    9084.000000     1.01389e+08 
    9085.000000     1.01354e+08 
    9086.000000     1.01317e+08 
    9087.000000     1.01279e+08 
    9088.000000     1.01244e+08 
    9089.000000     1.01212e+08 
    9090.000000     1.01182e+08 
    9091.000000     1.01151e+08 
    9092.000000     1.01116e+08 
    9093.000000     1.01079e+08 
    9094.000000     1.01041e+08 
    9095.000000     1.01002e+08 
    9096.000000     1.00962e+08 
    9097.000000     1.00921e+08 
    9098.000000      1.0088e+08 
    9099.000000      1.0084e+08 
    9100.000000     1.00804e+08 
    9101.000000      1.0077e+08 
    9102.000000     1.00737e+08 
    9103.000000     1.00703e+08 
    9103.522680     1.00835e+08 
    9105.000000     1.00773e+08 
    9106.000000     1.00731e+08 
    9107.000000     1.00687e+08 
    9108.000000     1.00643e+08 
    9109.000000     1.00599e+08 
    9109.539376     1.00574e+08 
    9109.764633     1.00458e+08 
    9109.989901     1.00447e+08 
    9110.215180     1.00437e+08 
    9110.440470     1.00428e+08 
    9110.665771     1.00417e+08 
    9110.891084     1.00406e+08 
    9111.116407     1.00395e+08 
    9111.341742     1.00491e+08 
    9112.000000     1.00461e+08 
    9113.000000     1.00416e+08 
    9114.000000     1.00371e+08 
    9115.000000     1.00327e+08 
    9116.000000     1.00286e+08 
    9117.000000     1.00244e+08 
    9118.000000     1.00202e+08 
    9119.000000      1.0016e+08 
    9120.000000     1.00119e+08 
    9121.000000     1.00076e+08 
    9122.000000     1.00031e+08 
    9123.000000     9.99862e+07 
    9124.000000     9.99394e+07 
    9125.000000     9.98897e+07 
    9126.000000     9.98414e+07 
    9127.000000     9.97942e+07 
    9128.000000      9.9748e+07 
    9129.000000     9.97037e+07 
    9130.000000     9.96629e+07 
    9131.000000     9.96215e+07 
    9132.000000     9.95793e+07 
    9133.000000     9.95373e+07 
    9134.000000     9.94949e+07 
    9135.000000     9.94499e+07 
    9136.000000     9.94037e+07 
    9137.000000     9.93564e+07 
    9138.000000     9.93032e+07 
    9139.000000     9.92513e+07 
    9140.000000     9.92012e+07 
    9141.000000     9.91527e+07 
    9142.000000     9.91088e+07 
    9143.000000     9.90676e+07 
    9144.000000     9.90253e+07 
    9145.022997     9.89811e+07 
    9146.000000      9.8939e+07 
    9147.000000     9.88927e+07 
    9148.000000     9.88446e+07 
    9149.000000     9.87948e+07 
    9150.000000     9.87383e+07 
    9151.000000     9.86823e+07 
    9152.000000     9.86289e+07 
    9153.000000      9.8578e+07 
    9154.000000     9.85353e+07 
    9155.000000     9.84918e+07 
    9156.000000     9.84468e+07 
    9157.000000     9.84003e+07 
    9158.000000     9.83515e+07 
    9159.000000     9.83004e+07 
    9160.000000     9.82468e+07 
    9161.000000     9.81853e+07 
    9162.000000      9.8125e+07 
    9163.000000     9.80679e+07 
    9164.000000     9.80176e+07 
    9165.000000     9.79717e+07 
    9166.000000     9.79233e+07 
    9167.000000     9.78719e+07 
    9168.000000     9.78182e+07 
    9169.000000     9.77621e+07 
    9170.000000      9.7703e+07 
    9171.000000     9.76343e+07 
    9172.000000     9.75693e+07 
    9173.000000     9.75088e+07 
    9174.000000     9.74584e+07 
    9175.000000     9.74043e+07 
    9176.000000     9.73464e+07 
    9177.000000     9.72856e+07 
    9178.000000     9.72225e+07 
    9179.000000     9.71531e+07 
    9180.000000     9.70782e+07 
    9181.000000     9.70081e+07 
    9182.000000     9.69479e+07 
    9183.000000     9.68862e+07 
    9184.000000     9.68197e+07 
    9185.000000     9.67506e+07 
    9186.000000      9.6678e+07 
    9187.000000     9.65967e+07 
    9188.082968     9.65089e+07 
    9189.000000     9.64424e+07 
    9190.000000     9.63717e+07 
    9191.000000     9.62959e+07 
    9192.000000     9.62163e+07 
    9193.000000     9.61327e+07 
    9194.000000     9.60399e+07 
    9195.000000     9.59517e+07 
    9196.000000     9.58716e+07 
    9197.000000     9.57855e+07 
    9198.000000     9.56947e+07 
    9199.000000     9.55991e+07 
    9200.000000     9.54969e+07 
    9201.000000     9.54028e+07 
    9202.000000     9.53078e+07 
    9203.000000      9.5206e+07 
    9204.000000      9.5101e+07 
    9205.000000     9.49895e+07 
    9206.000000     9.48846e+07 
    9207.000000     9.47753e+07 
    9208.000000     9.46623e+07 
    9209.000000      9.4543e+07 
    9209.765376      9.4454e+07 
    9211.000000     9.43079e+07 
    9212.000000      9.4186e+07 
    9213.000000     9.40579e+07 
    9214.000000     9.39335e+07 
    9215.000000     9.38054e+07 
    9216.000000     9.36721e+07 
    9217.000000     9.35409e+07 
    9218.000000     9.34072e+07 
    9219.000000     9.32702e+07 
    9220.000000     9.31354e+07 
    9220.645001     9.30468e+07 
    9222.000000     9.28621e+07 
    9223.000000     9.27273e+07 
    9224.000000     9.25939e+07 
    9225.000000      9.2465e+07 
    9226.094458     9.23304e+07 
    9226.167200     9.23215e+07 
    9226.395340     9.22149e+07 
    9226.623492     9.21886e+07 
    9226.851655     9.21634e+07 
    9227.079830     9.21392e+07 
    9227.308016     9.21096e+07 
    9227.536213     9.20803e+07 
    9227.764421     9.20512e+07 
    9227.992641     9.20939e+07 
    9228.821603     9.19186e+07 
    9230.185780      9.0923e+07 
    9230.868019     8.94612e+07 
    9231.209177     8.87976e+07 
    9231.345647     8.86455e+07 
    9231.413884     8.86139e+07 
    9231.482121     8.85902e+07 
    9231.550360     8.85347e+07 
    9231.618600     8.85854e+07 
    9231.686840     8.86042e+07 
    9231.755082     8.86308e+07 
    9231.891568     8.87731e+07 
    9232.232802     8.94119e+07 
    9232.915344     9.08224e+07 
    9234.280732     9.17148e+07 
    9235.000000     9.18193e+07 
    9236.000000      9.1878e+07 
    9237.012719      9.1921e+07 
    9238.000000     9.19672e+07 
    9239.000000     9.20195e+07 
    9240.000000     9.20764e+07 
    9241.000000     9.21343e+07 
    9242.481546     9.22223e+07 
    9243.000000     9.22536e+07 
    9244.000000     9.23116e+07 
    9245.000000     9.23707e+07 
    9246.000000      9.2427e+07 
    9247.000000     9.24801e+07 
    9248.000000     9.25357e+07 
    9249.000000     9.25855e+07 
    9250.000000     9.26323e+07 
    9251.000000     9.26811e+07 
    9252.000000     9.27248e+07 
    9253.438650     9.27819e+07 
    9254.000000     9.28021e+07 
    9255.000000     9.28429e+07 
    9256.000000     9.28768e+07 
    9257.000000     9.29081e+07 
    9258.000000     9.29326e+07 
    9259.000000      9.2963e+07 
    9260.000000     9.29908e+07 
    9261.000000      9.3013e+07 
    9262.000000     9.30306e+07 
    9263.000000     9.30432e+07 
    9264.000000     9.30631e+07 
    9265.000000     9.30818e+07 
    9266.000000     9.30932e+07 
    9267.000000     9.31017e+07 
    9268.000000     9.31037e+07 
    9269.000000      9.3107e+07 
    9270.000000      9.3118e+07 
    9271.000000     9.31254e+07 
    9272.000000     9.31258e+07 
    9273.000000     9.31238e+07 
    9274.000000     9.31165e+07 
    9275.430981     9.31041e+07 
    9276.000000     9.31035e+07 
    9277.000000     9.31061e+07 
    9278.000000     9.31015e+07 
    9279.000000     9.30917e+07 
    9280.000000     9.30803e+07 
    9281.000000     9.30643e+07 
    9282.000000     9.30446e+07 
    9283.000000     9.30281e+07 
    9284.000000     9.30188e+07 
    9285.000000     9.30134e+07 
    9286.000000     9.29988e+07 
    9287.000000     9.29807e+07 
    9288.000000     9.29612e+07 
    9289.000000      9.2938e+07 
    9290.000000     9.29118e+07 
    9291.000000     9.28833e+07 
    9292.000000     9.28642e+07 
    9293.000000     9.28488e+07 
    9294.000000     9.28358e+07 
    9295.000000     9.28143e+07 
    9296.000000     9.27902e+07 
    9297.000000     9.27638e+07 
    9298.000000     9.27356e+07 
    9299.000000     9.27047e+07 
    9300.000000     9.26715e+07 
    9301.000000      9.2641e+07 
    9302.000000     9.26171e+07 
    9303.000000     9.25961e+07 
    9304.000000     9.25779e+07 
    9305.000000     9.25517e+07 
    9306.000000     9.25235e+07 
    9307.000000     9.24932e+07 
    9308.000000     9.24607e+07 
    9309.000000      9.2427e+07 
    9310.000000     9.23919e+07 
    9311.000000     9.23553e+07 
    9312.000000      9.2323e+07 
    9313.000000     9.22949e+07 
    9314.000000      9.2269e+07 
    9315.000000     9.22452e+07 
    9316.000000     9.22182e+07 
    9317.000000     9.21874e+07 
    9318.000000     9.21552e+07 
    9319.000000     9.21209e+07 
    9319.730753     9.20946e+07 
    9321.000000      9.2049e+07 
    9322.000000     9.20121e+07 
    9323.000000     9.19742e+07 
    9324.000000     9.19395e+07 
    9325.000000     9.19081e+07 
    9326.000000     9.18781e+07 
    9327.000000     9.18495e+07 
    9328.000000     9.18223e+07 
    9329.000000     9.17899e+07 
    9330.000000     9.17565e+07 
    9331.000000     9.17223e+07 
    9332.000000     9.16861e+07 
    9333.000000      9.1649e+07 
    9334.000000     9.16122e+07 
    9335.000000     9.15749e+07 
    9336.000000     9.15372e+07 
    9337.000000     9.15002e+07 
    9338.000000     9.14662e+07 
    9339.000000     9.14331e+07 
    9340.000000     9.14008e+07 
    9341.000000     9.13696e+07 
    9342.000000     9.13389e+07 
    9343.000000     9.13048e+07 
    9344.000000       9.127e+07 
    9345.000000     9.12348e+07 
    9346.000000     9.11984e+07 
    9346.571670     9.11772e+07 
    9346.802788     8.70117e+07 
    9347.033917      8.6568e+07 
    9347.265058     8.56543e+07 
    9347.496210     8.51768e+07 
    9347.727374     8.56385e+07 
    9347.958549     8.65361e+07 
    9348.189735     8.69636e+07 
    9348.420933     9.11086e+07 
    9349.000000     9.10871e+07 
    9350.000000     9.10499e+07 
    9351.000000     9.10124e+07 
    9352.000000     9.09764e+07 
    9353.000000     9.09413e+07 
    9354.000000     9.09068e+07 
    9355.000000     9.08726e+07 
    9356.000000     9.08388e+07 
    9357.000000     9.08055e+07 
    9358.000000     9.07709e+07 
    9359.000000     9.07355e+07 
    9360.000000     9.07001e+07 
    9361.000000     9.06639e+07 
    9362.000000     9.06273e+07 
    9363.000000     9.05903e+07 
    9364.000000     9.05534e+07 
    9365.000000     9.05167e+07 
    9366.000000     9.04798e+07 
    9367.000000     9.04429e+07 
    9367.884521      9.0411e+07 
    9368.116166     9.01342e+07 
    9368.347823     9.01248e+07 
    9368.579491     9.01151e+07 
    9368.811170     9.01071e+07 
    9369.042861     9.00985e+07 
    9369.274563     9.00918e+07 
    9369.506277     9.00847e+07 
    9369.738002     9.03448e+07 
    9371.256237      9.0291e+07 
    9372.000000     9.02334e+07 
    9373.000000     9.01978e+07 
    9374.000000     9.01625e+07 
    9375.000000     9.01262e+07 
    9376.000000     9.00898e+07 
    9377.000000     9.00533e+07 
    9378.000000     9.00166e+07 
    9379.000000     8.99798e+07 
    9380.000000     8.99427e+07 
    9381.000000     8.99056e+07 
    9382.000000     8.98689e+07 
    9383.000000     8.98318e+07 
    9384.000000      8.9794e+07 
    9385.000000      8.9757e+07 
    9386.000000     8.97203e+07 
    9387.000000     8.96835e+07 
    9388.000000     8.96469e+07 
    9389.000000     8.96103e+07 
    9390.000000     8.95737e+07 
    9391.000000     8.95373e+07 
    9392.000000      8.9501e+07 
    9393.000000     8.94643e+07 
    9394.000000     8.94277e+07 
    9395.000000     8.93909e+07 
    9396.000000     8.93542e+07 
    9397.000000     8.93172e+07 
    9398.000000     8.92802e+07 
    9399.000000      8.9243e+07 
    9400.000000     8.92059e+07 
    9401.000000     8.91685e+07 
    9402.000000      8.9131e+07 
    9403.000000     8.90936e+07 
    9404.000000     8.90563e+07 
    9405.000000     8.90191e+07 
    9406.000000     8.89816e+07 
    9407.000000     8.89445e+07 
    9408.000000     8.89076e+07 
    9409.000000     8.88709e+07 
    9409.612004     8.88719e+07 
    9411.000000     8.88204e+07 
    9412.000000     8.87832e+07 
    9413.000000     8.87458e+07 
    9414.000000     8.87083e+07 
    9415.000000     8.86704e+07 
    9416.000000     8.86324e+07 
    9417.000000     8.85937e+07 
    9418.000000     8.85548e+07 
    9419.000000     8.85162e+07 
    9420.000000     8.84778e+07 
    9421.000000     8.84396e+07 
    9422.000000     8.84016e+07 
    9423.000000     8.83643e+07 
    9424.000000     8.83274e+07 
    9425.000000     8.82898e+07 
    9426.000000     8.82531e+07 
    9427.000000     8.82161e+07 
    9428.000000     8.81787e+07 
    9429.000000     8.81406e+07 
    9430.000000      8.8102e+07 
    9431.000000     8.80624e+07 
    9432.000000     8.80211e+07 
    9433.000000     8.79804e+07 
    9434.000000     8.79404e+07 
    9435.000000      8.7901e+07 
    9436.000000      8.7862e+07 
    9437.000000     8.78251e+07 
    9438.000000     8.77886e+07 
    9439.000000     8.77518e+07 
    9440.000000     8.77156e+07 
    9441.000000     8.76789e+07 
    9442.000000      8.7641e+07 
    9443.000000      8.7601e+07 
    9444.000000     8.75605e+07 
    9445.000000     8.75162e+07 
    9446.000000     8.74717e+07 
    9447.000000     8.74286e+07 
    9448.000000     8.73868e+07 
    9449.000000     8.73463e+07 
    9450.000000     8.73104e+07 
    9451.000000     8.72746e+07 
    9452.000000     8.72378e+07 
    9453.000000     8.72019e+07 
    9454.000000      8.7165e+07 
    9455.000000     8.71246e+07 
    9456.000000     8.70826e+07 
    9457.000000     8.70365e+07 
    9458.000000     8.69858e+07 
    9459.093064     8.69336e+07 
    9460.000000     8.68924e+07 
    9461.000000     8.68493e+07 
    9462.000000     8.68148e+07 
    9463.000000     8.67792e+07 
    9464.000000      8.6742e+07 
    9465.243081     8.66966e+07 
    9465.477133     8.66186e+07 
    9465.711197     8.61949e+07 
    9465.945273     8.52664e+07 
    9466.179360     8.47385e+07 
    9466.413459     8.52483e+07 
    9466.647569     8.61561e+07 
    9466.881691     8.65585e+07 
    9467.115824     8.66163e+07 
    9468.000000      8.6575e+07 
    9469.000000     8.65177e+07 
    9470.000000     8.64632e+07 
    9471.000000     8.64126e+07 
    9472.000000     8.63667e+07 
    9473.000000     8.63322e+07 
    9474.000000     8.62951e+07 
    9475.000000     8.62558e+07 
    9476.000000      8.6216e+07 
    9477.000000     8.61699e+07 
    9478.000000     8.61201e+07 
    9479.000000     8.60599e+07 
    9480.000000     8.59969e+07 
    9481.000000     8.59396e+07 
    9482.000000     8.58908e+07 
    9483.000000     8.58535e+07 
    9484.000000     8.58127e+07 
    9485.000000     8.57681e+07 
    9486.000000       8.572e+07 
    9487.000000     8.56661e+07 
    9488.000000     8.56048e+07 
    9489.000000     8.55314e+07 
    9490.000000     8.54657e+07 
    9491.000000     8.54116e+07 
    9492.000000     8.53688e+07 
    9493.000000     8.53203e+07 
    9494.000000      8.5266e+07 
    9495.000000     8.52073e+07 
    9496.000000     8.51424e+07 
    9497.000000      8.5061e+07 
    9498.000000     8.49844e+07 
    9499.000000     8.49219e+07 
    9500.000000     8.48697e+07 
    9501.000000     8.48102e+07 
    9502.000000      8.4743e+07 
    9503.000000     8.46715e+07 
    9503.631856     8.46223e+07 
    9505.000000     8.44961e+07 
    9506.000000       8.442e+07 
    9507.000000     8.43556e+07 
    9508.000000     8.42822e+07 
    9509.000000     8.42017e+07 
    9510.000000     8.41147e+07 
    9511.000000     8.40108e+07 
    9512.000000     8.39147e+07 
    9513.000000     8.38371e+07 
    9514.000000     8.37498e+07 
    9515.000000     8.36545e+07 
    9516.000000     8.35497e+07 
    9517.000000     8.34338e+07 
    9518.000000     8.33353e+07 
    9519.000000     8.32361e+07 
    9520.000000     8.31258e+07 
    9521.000000     8.30062e+07 
    9522.000000     8.28796e+07 
    9523.000000     8.27687e+07 
    9524.000000     8.26471e+07 
    9525.000000     8.25197e+07 
    9526.058908     8.23724e+07 
    9527.000000      8.2253e+07 
    9528.000000      8.2117e+07 
    9529.000000      8.1974e+07 
    9530.000000     8.18273e+07 
    9531.000000     8.16834e+07 
    9532.000000     8.15333e+07 
    9533.000000     8.13752e+07 
    9534.000000     8.12209e+07 
    9535.000000     8.10611e+07 
    9536.000000     8.08978e+07 
    9537.312175     8.06828e+07 
    9538.000000     8.05671e+07 
    9539.000000     8.04015e+07 
    9540.000000     8.02347e+07 
    9541.000000     8.00691e+07 
    9542.000000     7.99076e+07 
    9542.800059     7.97841e+07 
    9542.948784     7.96751e+07 
    9543.036029     7.96623e+07 
    9543.272011     7.96265e+07 
    9543.508005     7.95949e+07 
    9543.744010     7.95662e+07 
    9543.980027      7.9531e+07 
    9544.216055     7.94976e+07 
    9544.452096     7.94687e+07 
    9544.688148     7.95199e+07 
    9545.769588     7.93872e+07 
    9547.180615     7.89297e+07 
    9547.886286     7.76996e+07 
    9548.239160     7.70845e+07 
    9548.380317     7.69585e+07 
    9548.450897     7.69248e+07 
    9548.521478      7.6903e+07 
    9548.592060     7.68828e+07 
    9548.662643     7.68987e+07 
    9548.733227     7.69163e+07 
    9548.803813     7.69457e+07 
    9548.944986     7.70631e+07 
    9549.297939     7.76566e+07 
    9550.003922     7.88422e+07 
    9551.416202     7.92111e+07 
    9552.000000     7.92458e+07 
    9553.000000      7.9308e+07 
    9554.242014     7.94073e+07 
    9555.000000     7.94756e+07 
    9556.000000     7.95728e+07 
    9557.000000     7.96732e+07 
    9558.000000     7.97747e+07 
    9559.000000     7.98764e+07 
    9559.898658     7.99677e+07 
    9561.000000     8.00768e+07 
    9562.000000     8.01722e+07 
    9563.000000     8.02684e+07 
    9564.000000     8.03578e+07 
    9565.000000     8.04466e+07 
    9566.000000     8.05322e+07 
    9567.000000     8.06117e+07 
    9568.000000     8.06876e+07 
    9569.000000     8.07664e+07 
    9570.000000     8.08365e+07 
    9571.232065     8.09105e+07 
    9572.000000     8.09646e+07 
    9573.000000     8.10281e+07 
    9574.000000     8.10838e+07 
    9575.000000     8.11276e+07 
    9576.000000      8.1179e+07 
    9577.000000      8.1235e+07 
    9578.000000     8.12777e+07 
    9579.000000     8.13134e+07 
    9580.000000     8.13386e+07 
    9581.000000       8.138e+07 
    9582.000000      8.1423e+07 
    9583.000000     8.14509e+07 
    9584.000000     8.14739e+07 
    9585.000000     8.14868e+07 
    9586.000000     8.15024e+07 
    9587.000000      8.1534e+07 
    9588.000000     8.15598e+07 
    9589.000000     8.15729e+07 
    9590.000000     8.15821e+07 
    9591.000000     8.15823e+07 
    9592.000000     8.15784e+07 
    9593.000000     8.15923e+07 
    9593.979686     8.16152e+07 
    9595.000000     8.16217e+07 
    9596.000000     8.16211e+07 
    9597.000000     8.16174e+07 
    9598.000000     8.16056e+07 
    9599.000000     8.15874e+07 
    9600.000000     8.15872e+07 
    9601.000000     8.15955e+07 
    9602.000000     8.16025e+07 
    9603.000000     8.15963e+07 
    9604.000000     8.15844e+07 
    9605.000000     8.15694e+07 
    9606.000000     8.15482e+07 
    9607.000000     8.15224e+07 
    9608.000000     8.15092e+07 
    9609.000000     8.15051e+07 
    9610.000000     8.15076e+07 
    9611.000000     8.14982e+07 
    9612.000000     8.14826e+07 
    9613.000000     8.14621e+07 
    9614.000000     8.14381e+07 
    9615.000000     8.14111e+07 
    9616.000000      8.1381e+07 
    9617.000000     8.13585e+07 
    9618.000000     8.13449e+07 
    9619.000000      8.1336e+07 
    9620.000000     8.13283e+07 
    9621.000000     8.13096e+07 
    9622.000000     8.12875e+07 
    9623.000000     8.12607e+07 
    9624.000000      8.1232e+07 
    9625.000000     8.12019e+07 
    9626.000000     8.11697e+07 
    9627.000000     8.11411e+07 
    9628.000000     8.11205e+07 
    9629.000000      8.1103e+07 
    9630.000000     8.10888e+07 
    9631.000000     8.10714e+07 
    9632.000000     8.10477e+07 
    9633.000000     8.10218e+07 
    9634.000000     8.09919e+07 
    9635.000000     8.09607e+07 
    9636.000000     8.09295e+07 
    9637.000000     8.08972e+07 
    9638.000000     8.08652e+07 
    9639.000000     8.08396e+07 
    9639.800857     8.08205e+07 
    9641.000000     8.07942e+07 
    9642.000000     8.07747e+07 
    9643.000000      8.0751e+07 
    9644.000000     8.07241e+07 
    9645.000000      8.0696e+07 
    9646.000000     8.06652e+07 
    9647.000000     8.06331e+07 
    9648.000000      8.0602e+07 
    9649.000000     8.05702e+07 
    9650.000000     8.05377e+07 
    9651.000000     8.05087e+07 
    9652.000000     8.04811e+07 
    9653.000000     8.04546e+07 
    9654.000000      8.0429e+07 
    9655.000000     8.04043e+07 
    9656.000000     8.03772e+07 
    9657.000000     8.03485e+07 
    9658.000000     8.03194e+07 
    9659.000000     8.02887e+07 
    9660.000000     8.02571e+07 
    9661.000000     8.02256e+07 
    9662.000000     8.01943e+07 
    9663.000000     8.01628e+07 
    9664.000000     8.01318e+07 
    9665.000000     8.01023e+07 
    9666.000000      8.0073e+07 
    9667.000000     8.00442e+07 
    9668.000000     8.00158e+07 
    9669.000000     7.99879e+07 
    9670.000000      7.9959e+07 
    9671.000000     7.99292e+07 
    9672.000000      7.9899e+07 
    9673.000000     7.98684e+07 
    9674.000000     7.98373e+07 
    9675.000000     7.98059e+07 
    9676.000000     7.97753e+07 
    9677.000000     7.97442e+07 
    9678.000000     7.97129e+07 
    9679.000000     7.96824e+07 
    9680.000000     7.96519e+07 
    9681.000000     7.96217e+07 
    9682.000000     7.95916e+07 
    9683.000000     7.95617e+07 
    9684.000000     7.95318e+07 
    9685.000000      7.9502e+07 
    9686.000000     7.94715e+07 
    9687.000000      7.9441e+07 
    9688.000000     7.94103e+07 
    9689.000000     7.93794e+07 
    9690.000000     7.93485e+07 
    9691.000000     7.93173e+07 
    9692.000000     7.92863e+07 
    9693.000000     7.92553e+07 
    9694.000000     7.92243e+07 
    9695.000000     7.91935e+07 
    9696.000000     7.91629e+07 
    9697.000000     7.91327e+07 
    9698.000000      7.9102e+07 
    9699.000000     7.90714e+07 
    9700.000000     7.90408e+07 
    9701.000000     7.90102e+07 
    9702.000000     7.89796e+07 
    9703.000000     7.89488e+07 
    9704.000000      7.8918e+07 
    9705.000000     7.88872e+07 
    9706.000000     7.88563e+07 
    9707.000000     7.88254e+07 
    9708.000000     7.87945e+07 
    9709.000000     7.87636e+07 
    9710.000000     7.87327e+07 
    9711.000000     7.87018e+07 
    9712.000000      7.8671e+07 
    9713.000000     7.86401e+07 
    9714.000000     7.86093e+07 
    9715.000000     7.85786e+07 
    9716.000000     7.85478e+07 
    9717.000000      7.8517e+07 
    9718.000000     7.84863e+07 
    9719.000000     7.84556e+07 
    9720.000000     7.84253e+07 
    9721.000000     7.83945e+07 
    9722.000000     7.83638e+07 
    9723.000000     7.83329e+07 
    9724.000000     7.83021e+07 
    9725.000000     7.82713e+07 
    9726.000000     7.82405e+07 
    9727.000000     7.82097e+07 
    9728.000000     7.81789e+07 
    9729.000000     7.81482e+07 
    9730.000000     7.81175e+07 
    9731.000000     7.80867e+07 
    9732.000000      7.8056e+07 
    9732.768924     7.80559e+07 
    9734.000000     7.80177e+07 
    9735.000000     7.79867e+07 
    9736.000000     7.79556e+07 
    9737.000000     7.79246e+07 
    9738.000000     7.78936e+07 
    9739.000000     7.78626e+07 
    9740.000000     7.78317e+07 
    9741.000000     7.78008e+07 
    9742.000000     7.77698e+07 
    9743.000000     7.77389e+07 
    9744.000000      7.7708e+07 
    9745.000000     7.76771e+07 
    9746.000000     7.76462e+07 
    9747.000000     7.76154e+07 
    9748.000000     7.75845e+07 
    9749.000000     7.75537e+07 
    9750.000000     7.75229e+07 
    9751.000000     7.74921e+07 
    9752.000000     7.74614e+07 
    9753.000000     7.74306e+07 
    9754.000000     7.73998e+07 
    9755.000000      7.7369e+07 
    9756.000000     7.73384e+07 
    9757.000000     7.73077e+07 
    9758.000000      7.7277e+07 
    9759.000000     7.72463e+07 
    9760.000000     7.72156e+07 
    9761.000000      7.7185e+07 
    9762.000000     7.71544e+07 
    9763.000000     7.71237e+07 
    9764.072791     7.70909e+07 
    9764.314233     7.65788e+07 
    9764.555687     7.65578e+07 
    9764.797152     7.65405e+07 
    9765.038630     7.65304e+07 
    9765.280120     7.65259e+07 
    9765.521621     7.65286e+07 
    9765.763134     7.65351e+07 
    9766.004660     7.70319e+07 
    9767.000000     7.70014e+07 
    9768.000000     7.69709e+07 
    9769.000000     7.69404e+07 
    9770.000000     7.69098e+07 
    9771.000000     7.68794e+07 
    9772.000000     7.68489e+07 
    9773.000000     7.68184e+07 
    9774.000000      7.6788e+07 
    9775.000000     7.67576e+07 
    9776.000000     7.67271e+07 
    9777.000000     7.66968e+07 
    9778.000000     7.66664e+07 
    9779.000000      7.6636e+07 
    9780.000000     7.66057e+07 
    9781.000000     7.65753e+07 
    9782.000000      7.6545e+07 
    9783.000000     7.65147e+07 
    9784.000000     7.64843e+07 
    9785.000000     7.64541e+07 
    9786.000000     7.64238e+07 
    9787.000000     7.63935e+07 
    9788.000000     7.63633e+07 
    9789.000000     7.63331e+07 
    9790.000000     7.63029e+07 
    9791.000000     7.62726e+07 
    9792.000000     7.62425e+07 
    9793.000000     7.62123e+07 
    9794.000000     7.61821e+07 
    9795.000000      7.6152e+07 
    9796.000000     7.61219e+07 
    9797.000000     7.60918e+07 
    9798.000000     7.60617e+07 
    9799.000000     7.60316e+07 
    9800.000000     7.60015e+07 
    9801.000000     7.59715e+07 
    9802.000000     7.59415e+07 
    9803.000000     7.59114e+07 
    9804.000000     7.58815e+07 
    9805.000000     7.58514e+07 
    9806.000000     7.58215e+07 
    9807.000000     7.57915e+07 
    9808.000000     7.57615e+07 
    9809.000000     7.57316e+07 
    9810.000000     7.57017e+07 
    9811.000000     7.56718e+07 
    9812.000000     7.56419e+07 
    9813.000000      7.5612e+07 
    9814.000000     7.55822e+07 
    9815.000000     7.55524e+07 
    9816.000000     7.55225e+07 
    9817.000000     7.54927e+07 
    9818.000000     7.54629e+07 
    9819.000000     7.54331e+07 
    9820.000000     7.54033e+07 
    9821.000000     7.53736e+07 
    9822.000000     7.53438e+07 
    9823.000000     7.53141e+07 
    9824.000000     7.52844e+07 
    9825.000000     7.52547e+07 
    9826.000000      7.5225e+07 
    9827.000000     7.51953e+07 
    9828.000000     7.51657e+07 
    9829.000000      7.5136e+07 
    9830.000000     7.51064e+07 
    9831.000000     7.50768e+07 
    9832.000000     7.50472e+07 
    9833.000000     7.50176e+07 
    9834.000000      7.4988e+07 
    9835.000000     7.49585e+07 
    9836.000000      7.4929e+07 
    9837.000000     7.48994e+07 
    9838.000000     7.48699e+07 
    9839.000000     7.48404e+07 
    9840.000000     7.48109e+07 
    9841.000000     7.47814e+07 
    9842.000000      7.4752e+07 
    9843.000000     7.47226e+07 
    9844.000000     7.46931e+07 
    9845.000000     7.46637e+07 
    9846.000000     7.46343e+07 
    9847.000000     7.46049e+07 
    9848.000000     7.45756e+07 
    9849.000000     7.45462e+07 
    9850.000000     7.45169e+07 
    9851.000000     7.44876e+07 
    9852.000000     7.44582e+07 
    9853.000000     7.44289e+07 
    9854.000000     7.43996e+07 
    9855.000000     7.43704e+07 
    9856.000000     7.43411e+07 
    9857.000000     7.43119e+07 
    9858.000000     7.42827e+07 
    9859.000000     7.42535e+07 
    9860.000000     7.42242e+07 
    9861.000000     7.41951e+07 
    9862.000000     7.41659e+07 
    9863.000000     7.41368e+07 
    9864.000000     7.41076e+07 
    9865.440698     7.40657e+07 
    9866.000000     7.40222e+07 
    9867.000000      7.3992e+07 
    9868.000000     7.39626e+07 
    9869.000000     7.39332e+07 
    9870.000000     7.39038e+07 
    9871.000000     7.38744e+07 
    9872.000000      7.3845e+07 
    9873.000000     7.38156e+07 
    9874.000000     7.37861e+07 
    9875.000000     7.37567e+07 
    9876.000000     7.37273e+07 
    9877.000000     7.36979e+07 
    9878.000000     7.36685e+07 
    9879.000000     7.36391e+07 
    9880.000000     7.36097e+07 
    9881.000000     7.35803e+07 
    9882.000000     7.35509e+07 
    9883.000000     7.35216e+07 
    9884.000000     7.34921e+07 
    9885.000000     7.34628e+07 
    9886.000000     7.34335e+07 
    9887.000000     7.34043e+07 
    9888.000000     7.33749e+07 
    9889.000000     7.33456e+07 
    9890.000000     7.33154e+07 
    9891.000000      7.3286e+07 
    9892.000000     7.32567e+07 
    9893.000000     7.32273e+07 
    9894.000000     7.31979e+07 
    9895.000000     7.31685e+07 
    9896.000000     7.31391e+07 
    9897.000000     7.31097e+07 
    9898.000000     7.30803e+07 
    9899.000000      7.3051e+07 
    9900.000000     7.30215e+07 
    9901.000000     7.29921e+07 
    9902.000000     7.29627e+07 
    9903.000000     7.29334e+07 
    9904.000000      7.2904e+07 
    9905.000000     7.28747e+07 
    9906.000000     7.28454e+07 
    9907.000000      7.2816e+07 
    9908.000000     7.27866e+07 
    9909.000000     7.27572e+07 
    9910.000000     7.27266e+07 
    9911.000000     7.26971e+07 
    9912.000000     7.26674e+07 
    9913.000000     7.26378e+07 
    9914.000000     7.26082e+07 
    9915.000000     7.25786e+07 
    9916.000000     7.25491e+07 
    9917.000000     7.25196e+07 
    9918.000000     7.24901e+07 
    9919.000000     7.24606e+07 
    9920.000000     7.24311e+07 
    9921.000000     7.24016e+07 
    9922.000000      7.2372e+07 
    9923.000000     7.23423e+07 
    9924.000000     7.23125e+07 
    9925.000000     7.22825e+07 
    9926.000000     7.22522e+07 
    9927.000000      7.2222e+07 
    9928.000000     7.21919e+07 
    9929.000000     7.21607e+07 
    9930.000000     7.21307e+07 
    9931.000000     7.21009e+07 
    9932.000000     7.20713e+07 
    9933.000000     7.20416e+07 
    9934.000000     7.20122e+07 
    9935.000000     7.19825e+07 
    9936.000000     7.19524e+07 
    9937.000000      7.1922e+07 
    9938.000000     7.18913e+07 
    9939.000000     7.18595e+07 
    9940.000000     7.18276e+07 
    9941.000000      7.1796e+07 
    9942.000000     7.17648e+07 
    9943.000000     7.17339e+07 
    9944.000000     7.17037e+07 
    9945.000000     7.16742e+07 
    9946.000000     7.16435e+07 
    9947.000000     7.16143e+07 
    9947.548876      7.1598e+07 
    9949.000000     7.15537e+07 
    9950.000000     7.15217e+07 
    9951.000000     7.14886e+07 
    9952.000000     7.14529e+07 
    9953.000000     7.14182e+07 
    9954.000000     7.13847e+07 
    9955.000000     7.13519e+07 
    9956.000000     7.13211e+07 
    9957.000000     7.12921e+07 
    9957.909518     7.12651e+07 
    9959.000000     7.12338e+07 
    9960.000000     7.12037e+07 
    9961.000000     7.11703e+07 
    9962.000000     7.11358e+07 
    9963.000000     7.10962e+07 
    9964.000000     7.10555e+07 
    9965.000000     7.10171e+07 
    9966.000000     7.09808e+07 
    9967.000000     7.09488e+07 
    9968.000000     7.09208e+07 
    9969.000000     7.08914e+07 
    9970.000000     7.08629e+07 
    9971.000000     7.08324e+07 
    9972.000000     7.07964e+07 
    9973.000000     7.07578e+07 
    9974.000000      7.0707e+07 
    9975.000000     7.06597e+07 
    9976.000000     7.06168e+07 
    9977.000000     7.05797e+07 
    9978.000000     7.05534e+07 
    9979.000000     7.05247e+07 
    9980.000000     7.04952e+07 
    9981.000000      7.0463e+07 
    9982.000000      7.0423e+07 
    9983.000000     7.03775e+07 
    9984.000000     7.03149e+07 
    9985.000000     7.02603e+07 
    9986.000000     7.02127e+07 
    9987.000000      7.0184e+07 
    9988.000000     7.01554e+07 
    9989.000000     7.01229e+07 
    9990.000000     7.00884e+07 
    9991.000000     7.00431e+07 
    9992.000000     6.99881e+07 
    9993.000000     6.99141e+07 
    9994.000000     6.98518e+07 
    9995.000000     6.98065e+07 
    9996.000000      6.9778e+07 
    9997.000000     6.97428e+07 
    9998.000000     6.97019e+07 
    9999.000000     6.96509e+07 
   10000.000000     6.95715e+07 
   10004.797021     6.92973e+07 
   10010.000000     6.89334e+07 
   10015.000000     6.85417e+07 
   10020.000000     6.81128e+07 
   10025.000000     6.75996e+07 
   10028.406744     6.72175e+07 
   10035.000000     6.63193e+07 
   10040.253441      6.5479e+07 
   10046.187291     6.44534e+07 
   10047.235752     6.42865e+07 
   10047.484195     6.42256e+07 
   10047.732651     6.41884e+07 
   10047.981119     6.41616e+07 
   10048.229600     6.41349e+07 
   10048.478093     6.40984e+07 
   10048.726598      6.4067e+07 
   10048.975115      6.4043e+07 
   10049.156848     6.40272e+07 
   10049.223645     6.40368e+07 
   10050.642284     6.39525e+07 
   10051.385167     6.34632e+07 
   10051.756650     6.30832e+07 
   10051.905251     6.30197e+07 
   10051.979553     6.30034e+07 
   10052.053856     6.29936e+07 
   10052.128160     6.29885e+07 
   10052.202465     6.29901e+07 
   10052.276772     6.29963e+07 
   10052.351079     6.30092e+07 
   10052.499698     6.30656e+07 
   10052.871263     6.34278e+07 
   10053.614475     6.38814e+07 
   10055.101230     6.39005e+07 
   10058.076059     6.41676e+07 
   10064.031001     6.48988e+07 
   10070.000000     6.55359e+07 
   10075.962065     6.60246e+07 
   10080.000000     6.62705e+07 
   10085.000000     6.65062e+07 
   10090.000000     6.66488e+07 
   10095.000000     6.67466e+07 
   10099.909260     6.68298e+07 
   10105.000000     6.68455e+07 
   10110.000000     6.67864e+07 
   10115.000000     6.67927e+07 
   10120.000000     6.66953e+07 
   10125.272722     6.66526e+07 
   10125.523096     5.82663e+07 
   10125.773481      5.8894e+07 
   10126.023880      6.0378e+07 
   10126.274290     6.18208e+07 
   10126.524713     6.03665e+07 
   10126.775148     5.88715e+07 
   10127.025596     5.82332e+07 
   10127.276056      6.6605e+07 
   10130.000000     6.65507e+07 
   10135.000000     6.64865e+07 
   10140.000000     6.63697e+07 
   10145.000000     6.62854e+07 
   10148.146768     6.62138e+07 
   10155.000000     6.60652e+07 
   10160.000000     6.59541e+07 
   10165.000000     6.58378e+07 
   10170.000000     6.57256e+07 
   10175.000000     6.56075e+07 
   10180.000000     6.54903e+07 
   10185.000000     6.53726e+07 
   10190.000000      6.5253e+07 
   10195.000000     6.51334e+07 
   10200.000000     6.50147e+07 
   10205.000000     6.48943e+07 
   10210.000000     6.47742e+07 
   10215.000000      6.4654e+07 
   10220.000000     6.45338e+07 
   10225.000000      6.4414e+07 
   10230.000000     6.42939e+07 
   10235.000000     6.41738e+07 
   10240.000000     6.40538e+07 
   10246.017420     6.39291e+07 
   10250.000000     6.38329e+07 
   10255.000000     6.37122e+07 
   10260.000000     6.35918e+07 
   10265.000000     6.34717e+07 
   10270.000000     6.33519e+07 
   10275.000000     6.32324e+07 
   10280.000000     6.31131e+07 
   10285.000000     6.29942e+07 
   10290.000000     6.28755e+07 
   10295.000000     6.27571e+07 
   10300.000000     6.26389e+07 
   10305.000000     6.25211e+07 
   10310.000000     6.24035e+07 
   10315.000000     6.22862e+07 
   10320.000000     6.21692e+07 
   10325.000000     6.20525e+07 
   10330.000000      6.1936e+07 
   10335.000000     6.18198e+07 
   10340.000000     6.17038e+07 
   10345.000000     6.15882e+07 
   10350.000000     6.14728e+07 
   10355.000000     6.13577e+07 
   10360.000000     6.12429e+07 
   10365.000000     6.11283e+07 
   10371.473208     6.09803e+07 
   10375.000000        6.09e+07 
   10380.000000     6.07862e+07 
   10385.000000     6.06727e+07 
   10390.000000     6.05594e+07 
   10395.000000     6.04464e+07 
   10400.000000     6.03337e+07 
   10405.000000     6.02213e+07 
   10410.000000      6.0109e+07 
   10415.000000     5.99971e+07 
   10421.873333     5.98436e+07 
   10422.131041     5.92027e+07 
   10422.388761     5.91562e+07 
   10422.646494     5.91179e+07 
   10422.904240     5.90997e+07 
   10423.161999     5.91067e+07 
   10423.419770     5.91337e+07 
   10423.677554      5.9169e+07 
   10423.935351     5.97977e+07 
   10430.000000     5.96629e+07 
   10435.000000     5.95519e+07 
   10440.000000     5.94413e+07 
   10445.000000     5.93309e+07 
   10450.000000     5.92208e+07 
   10455.000000     5.91109e+07 
   10460.000000     5.90013e+07 
   10465.000000     5.88919e+07 
   10470.000000     5.87828e+07 
   10475.000000      5.8674e+07 
   10480.000000     5.85654e+07 
   10485.000000      5.8457e+07 
   10490.000000     5.83489e+07 
   10495.000000     5.82411e+07 
   10500.000000     5.81334e+07 
   10505.000000     5.80261e+07 
   10510.000000      5.7919e+07 
   10515.000000     5.78121e+07 
   10520.000000     5.77055e+07 
   10525.000000     5.75991e+07 
   10530.000000      5.7493e+07 
   10535.000000     5.73871e+07 
   10540.000000     5.72815e+07 
   10545.000000     5.71761e+07 
   10550.000000      5.7071e+07 
   10555.000000      5.6966e+07 
   10560.000000     5.68614e+07 
   10565.000000     5.67569e+07 
   10570.000000     5.66527e+07 
   10575.000000     5.65488e+07 
   10580.000000     5.64451e+07 
   10585.000000     5.63416e+07 
   10590.000000     5.62383e+07 
   10597.279828     5.60885e+07 
   10600.000000     5.60326e+07 
   10605.000000     5.59301e+07 
   10610.000000     5.58278e+07 
   10615.000000     5.57257e+07 
   10620.000000     5.56238e+07 
   10625.000000     5.55223e+07 
   10630.000000     5.54209e+07 
   10635.000000     5.53197e+07 
   10640.000000     5.52189e+07 
   10645.000000     5.51182e+07 
   10650.000000     5.50177e+07 
   10655.000000     5.49176e+07 
   10660.000000     5.48176e+07 
   10665.000000     5.47178e+07 
   10670.000000     5.46183e+07 
   10675.000000      5.4519e+07 
   10680.000000     5.44199e+07 
   10685.000000     5.43211e+07 
   10690.000000     5.42224e+07 
   10695.000000      5.4124e+07 
   10700.000000     5.40258e+07 
   10705.000000     5.39279e+07 
   10710.000000     5.38301e+07 
   10713.910897     5.37539e+07 
   10720.000000     5.36353e+07 
   10725.000000     5.35382e+07 
   10730.000000     5.34414e+07 
   10735.000000     5.33447e+07 
   10737.890108      5.3289e+07 
   10745.000000     5.31302e+07 
   10750.000000     5.30329e+07 
   10755.000000     5.29352e+07 
   10760.000000      5.2838e+07 
   10765.000000     5.27409e+07 
   10770.000000     5.26437e+07 
   10775.000000     5.25466e+07 
   10781.944605     5.24109e+07 
   10785.000000     5.23514e+07 
   10790.000000      5.2254e+07 
   10795.000000     5.21565e+07 
   10800.000000     5.20576e+07 
   10807.480559     5.19104e+07 
   10810.000000     5.18606e+07 
   10815.000000     5.17603e+07 
   10820.293950      5.1654e+07 
   10826.712046     5.15238e+07 
   10829.923950     5.14552e+07 
   10831.530617     5.14103e+07 
   10832.334129     5.09759e+07 
   10832.735929     5.12445e+07 
   10832.936841     5.17638e+07 
   10833.017208     5.18928e+07 
   10833.057391     5.19339e+07 
   10833.097576     5.19585e+07 
   10833.137760     5.19662e+07 
   10833.177945      5.1957e+07 
   10833.218130      5.1931e+07 
   10833.258315     5.18885e+07 
   10833.338686     5.17566e+07 
   10833.539620     5.12301e+07 
   10833.941511     5.09456e+07 
   10834.745380     5.13441e+07 
   10836.353478     5.13213e+07 
   10838.536400     5.12772e+07 
   10839.571106     5.12552e+07 
   10846.012098     5.11154e+07 
   10850.000000     5.10277e+07 
   10855.000000     5.09048e+07 
   10858.917072     5.08214e+07 
   10865.000000     5.06501e+07 
   10870.000000     5.05362e+07 
   10875.000000     5.03695e+07 
   10880.000000     5.02194e+07 
   10884.819369     5.00612e+07 
   10889.570396     4.98304e+07 
   10895.000000     4.96314e+07 
   10900.000000     4.94058e+07 
   10905.000000     4.91068e+07 
   10910.000000     4.87645e+07 
   10915.268042     4.83423e+07 
   10920.000000     4.78817e+07 
   10925.000000     4.73312e+07 
   10928.162401     4.69361e+07 
   10934.621011     4.60328e+07 
   10935.779779     4.58751e+07 
   10936.050194     4.58831e+07 
   10936.320623     4.58528e+07 
   10936.591065     4.58415e+07 
   10936.861520     4.58251e+07 
   10937.131989     4.57816e+07 
   10937.402471     4.57446e+07 
   10937.672966     4.57169e+07 
   10937.853180      4.5703e+07 
   10937.943475     4.56525e+07 
   10939.469981     4.56922e+07 
   10940.278561     4.58275e+07 
   10940.682895     4.58201e+07 
   10940.844638     4.58455e+07 
   10940.925511     4.58586e+07 
   10941.006385     4.58677e+07 
   10941.087260       4.587e+07 
   10941.168137     4.58651e+07 
   10941.249014     4.58535e+07 
   10941.329893     4.58377e+07 
   10941.491654     4.58072e+07 
   10941.896079     4.58017e+07 
   10942.705017     4.56409e+07 
   10944.323253     4.55559e+07 
   10947.561161     4.58274e+07 
   10954.042728     4.65184e+07 
   10955.048053     4.66085e+07 
   10960.000000     4.70304e+07 
   10967.028914     4.74817e+07 
   10970.000000     4.75922e+07 
   10975.000000     4.77779e+07 
   10980.000000     4.78911e+07 
   10985.000000     4.79981e+07 
   10990.000000     4.80877e+07 
   10993.093877     4.80529e+07 
   11000.000000     4.80776e+07 
   11005.000000     4.81024e+07 
   11010.000000     4.80429e+07 
   11014.998023     4.80281e+07 
   11015.270397     4.80112e+07 
   11015.542784      4.7924e+07 
   11015.815186     4.77152e+07 
   11016.087600     4.75837e+07 
   11016.360028     4.77079e+07 
   11016.632469     4.79092e+07 
   11016.904924     4.79885e+07 
   11017.177393     4.79975e+07 
   11020.000000     4.79661e+07 
   11025.000000     4.79241e+07 
   11030.000000     4.78563e+07 
   11035.000000     4.77982e+07 
   11040.000000      4.7728e+07 
   11045.597266      4.7651e+07 
   11050.000000     4.75865e+07 
   11055.000000     4.75134e+07 
   11060.000000     4.74382e+07 
   11065.000000     4.73616e+07 
   11070.000000     4.72844e+07 
   11075.000000     4.72075e+07 
   11079.733400     4.71332e+07 
   11085.000000     4.70503e+07 
   11090.000000     4.69712e+07 
   11095.000000     4.68926e+07 
   11100.000000     4.68132e+07 
   11105.000000     4.67336e+07 
   11110.000000     4.66539e+07 
   11115.000000     4.65747e+07 
   11120.000000      4.6495e+07 
   11125.000000     4.64153e+07 
   11130.000000     4.63356e+07 
   11135.000000      4.6256e+07 
   11140.000000     4.61768e+07 
   11145.000000     4.60972e+07 
   11152.123100     4.59987e+07 
   11155.000000     4.59525e+07 
   11160.000000     4.58725e+07 
   11164.498275     4.58007e+07 
   11170.000000     4.57131e+07 
   11175.000000     4.56336e+07 
   11180.000000     4.55543e+07 
   11185.000000     4.54751e+07 
   11190.000000     4.53962e+07 
   11195.000000     4.53174e+07 
   11200.000000     4.52387e+07 
   11205.000000     4.51603e+07 
   11210.000000      4.5082e+07 
   11215.000000     4.50039e+07 
   11220.000000      4.4926e+07 
   11225.000000     4.48482e+07 
   11230.000000     4.47706e+07 
   11235.000000     4.46931e+07 
   11240.000000     4.46159e+07 
   11245.000000     4.45388e+07 
   11250.000000     4.44619e+07 
   11255.000000     4.43851e+07 
   11260.000000     4.43085e+07 
   11265.000000     4.42321e+07 
   11270.000000     4.41557e+07 
   11275.000000     4.40797e+07 
   11280.000000     4.40037e+07 
   11285.000000     4.39279e+07 
   11290.000000     4.38523e+07 
   11295.000000     4.37769e+07 
   11300.000000     4.37016e+07 
   11305.000000     4.36264e+07 
   11310.000000     4.35515e+07 
   11315.000000     4.34767e+07 
   11320.000000      4.3402e+07 
   11325.000000     4.33275e+07 
   11330.000000     4.32532e+07 
   11335.000000     4.31791e+07 
   11337.817099     4.31373e+07 
   11345.000000     4.30312e+07 
   11350.000000     4.29575e+07 
   11355.000000      4.2884e+07 
   11360.000000     4.28106e+07 
   11365.000000     4.27374e+07 
   11370.000000     4.26643e+07 
   11375.000000     4.25914e+07 
   11380.000000     4.25187e+07 
   11385.000000     4.24461e+07 
   11390.000000     4.23736e+07 
   11395.000000     4.23014e+07 
   11400.000000     4.22292e+07 
   11405.000000     4.21573e+07 
   11410.000000     4.20854e+07 
   11415.000000     4.20137e+07 
   11420.000000     4.19422e+07 
   11425.000000     4.18709e+07 
   11430.000000     4.17996e+07 
   11435.000000     4.17286e+07 
   11440.000000     4.16577e+07 
   11445.000000     4.15869e+07 
   11450.000000     4.15163e+07 
   11455.000000     4.14458e+07 
   11460.000000     4.13755e+07 
   11465.000000     4.13054e+07 
   11470.000000     4.12354e+07 
   11475.000000     4.11655e+07 
   11480.000000     4.10958e+07 
   11485.000000     4.10262e+07 
   11490.000000     4.09568e+07 
   11495.000000     4.08875e+07 
   11500.000000     4.08184e+07 
   11505.000000     4.07494e+07 
   11510.000000     4.06806e+07 
   11515.000000     4.06119e+07 
   11520.000000     4.05434e+07 
   11525.000000      4.0475e+07 
   11530.000000     4.04067e+07 
   11535.000000     4.03386e+07 
   11540.000000     4.02707e+07 
   11545.000000     4.02028e+07 
   11550.000000     4.01352e+07 
   11555.000000     4.00676e+07 
   11560.000000     4.00002e+07 
   11565.000000      3.9933e+07 
   11570.000000     3.98658e+07 
   11575.000000     3.97989e+07 
   11580.000000     3.97321e+07 
   11585.000000     3.96654e+07 
   11590.000000     3.95988e+07 
   11595.000000     3.95324e+07 
   11600.000000     3.94661e+07 
   11605.000000        3.94e+07 
   11610.000000      3.9334e+07 
   11615.000000     3.92682e+07 
   11620.000000     3.92024e+07 
   11625.000000     3.91369e+07 
   11628.438373     3.90918e+07 
   11628.725916     3.72412e+07 
   11629.013473     3.72254e+07 
   11629.301044     3.70101e+07 
   11629.588630     3.69774e+07 
   11629.876230     3.70032e+07 
   11630.163844     3.72114e+07 
   11630.451472     3.72202e+07 
   11630.739115     3.90617e+07 
   11635.000000     3.90061e+07 
   11640.000000      3.8941e+07 
   11645.000000     3.88759e+07 
   11650.000000      3.8811e+07 
   11655.000000     3.87462e+07 
   11660.000000     3.86816e+07 
   11665.000000     3.86171e+07 
   11670.000000     3.85528e+07 
   11675.288888     3.84849e+07 
   11675.577590     3.79178e+07 
   11675.866306      3.7839e+07 
   11676.155036     3.77668e+07 
   11676.443780     3.77331e+07 
   11676.732539     3.77597e+07 
   11677.021311     3.78247e+07 
   11677.310099     3.78962e+07 
   11677.598900     3.84552e+07 
   11685.000000     3.83605e+07 
   11690.000000     3.82967e+07 
   11695.000000      3.8233e+07 
   11700.000000     3.81694e+07 
   11705.000000      3.8106e+07 
   11710.000000     3.80427e+07 
   11715.000000     3.79796e+07 
   11720.000000     3.79165e+07 
   11725.000000     3.78536e+07 
   11730.000000     3.77909e+07 
   11735.000000     3.77282e+07 
   11740.000000     3.76657e+07 
   11745.000000     3.76033e+07 
   11750.000000     3.75411e+07 
   11755.000000      3.7479e+07 
   11760.000000      3.7417e+07 
   11765.000000     3.73551e+07 
   11770.000000     3.72934e+07 
   11775.000000     3.72318e+07 
   11780.000000     3.71703e+07 
   11785.000000     3.71089e+07 
   11790.000000     3.70477e+07 
   11795.000000     3.69866e+07 
   11800.000000     3.69256e+07 
   11805.000000     3.68648e+07 
   11810.000000      3.6804e+07 
   11815.000000     3.67434e+07 
   11820.000000      3.6683e+07 
   11825.000000     3.66226e+07 
   11830.000000     3.65624e+07 
   11835.000000     3.65023e+07 
   11840.000000     3.64423e+07 
   11845.000000     3.63825e+07 
   11850.000000     3.63227e+07 
   11855.000000     3.62632e+07 
   11860.000000     3.62037e+07 
   11865.000000     3.61443e+07 
   11870.000000     3.60851e+07 
   11875.000000     3.60259e+07 
   11880.000000     3.59669e+07 
   11885.000000     3.59081e+07 
   11891.816720      3.5828e+07 
   11895.000000     3.57907e+07 
   11900.000000     3.57322e+07 
   11905.000000     3.56738e+07 
   11910.000000     3.56155e+07 
   11915.000000     3.55573e+07 
   11920.000000     3.54993e+07 
   11925.000000     3.54413e+07 
   11930.000000     3.53835e+07 
   11935.000000     3.53259e+07 
   11940.000000     3.52683e+07 
   11945.000000     3.52108e+07 
   11950.000000     3.51535e+07 
   11955.000000     3.50963e+07 
   11960.000000     3.50392e+07 
   11965.000000     3.49822e+07 
   11971.204977     3.49117e+07 
   11971.500996      3.4705e+07 
   11971.797029     3.39258e+07 
   11972.093077     3.31998e+07 
   11972.389140     3.29898e+07 
   11972.685217     3.31935e+07 
   11972.981309      3.3913e+07 
   11973.277416     3.46851e+07 
   11973.573537     3.48848e+07 
   11980.000000      3.4812e+07 
   11985.000000     3.47554e+07 
   11990.000000      3.4699e+07 
   11995.000000     3.46427e+07 
   12000.000000     3.45865e+07 
   12005.000000     3.45305e+07 
   12010.000000     3.44745e+07 
   12015.000000     3.44187e+07 
   12020.000000      3.4363e+07 
   12025.000000     3.43074e+07 
   12030.000000     3.42519e+07 
   12035.000000     3.41965e+07 
   12040.000000     3.41412e+07 
   12045.000000     3.40861e+07 
   12050.000000      3.4031e+07 
   12055.000000     3.39761e+07 
   12060.000000     3.39212e+07 
   12065.000000     3.38665e+07 
   12070.000000     3.38119e+07 
   12075.000000     3.37574e+07 
   12080.000000      3.3703e+07 
   12085.000000     3.36488e+07 
   12090.000000     3.35946e+07 
   12095.000000     3.35405e+07 
   12100.000000     3.34866e+07 
   12105.000000     3.34327e+07 
   12110.000000      3.3379e+07 
   12115.000000     3.33254e+07 
   12120.000000     3.32719e+07 
   12125.000000     3.32184e+07 
   12130.000000     3.31651e+07 
   12135.000000     3.31119e+07 
   12140.000000     3.30589e+07 
   12145.000000     3.30059e+07 
   12150.000000      3.2953e+07 
   12155.000000     3.29002e+07 
   12160.000000     3.28476e+07 
   12165.000000      3.2795e+07 
   12170.000000     3.27426e+07 
   12175.000000     3.26902e+07 
   12180.000000     3.26379e+07 
   12185.000000     3.25858e+07 
   12190.000000     3.25338e+07 
   12195.000000     3.24818e+07 
   12200.000000       3.243e+07 
   12205.000000     3.23783e+07 
   12210.000000     3.23267e+07 
   12215.000000     3.22752e+07 
   12220.000000     3.22238e+07 
   12225.000000     3.21724e+07 
   12230.000000     3.21212e+07 
   12235.000000     3.20701e+07 
   12240.000000     3.20191e+07 
   12245.000000     3.19682e+07 
   12250.000000     3.19174e+07 
   12255.000000     3.18667e+07 
   12260.000000     3.18161e+07 
   12265.000000     3.17656e+07 
   12270.000000     3.17152e+07 
   12275.000000     3.16649e+07 
   12280.000000     3.16147e+07 
   12285.000000     3.15646e+07 
   12290.000000     3.15146e+07 
   12295.000000     3.14647e+07 
   12300.000000     3.14149e+07 
   12305.000000     3.13652e+07 
   12310.000000     3.13156e+07 
   12315.000000     3.12661e+07 
   12320.000000     3.12167e+07 
   12325.000000     3.11673e+07 
   12330.000000     3.11181e+07 
   12335.000000      3.1069e+07 
   12340.000000       3.102e+07 
   12345.000000     3.09711e+07 
   12350.000000     3.09222e+07 
   12355.000000     3.08735e+07 
   12360.000000     3.08249e+07 
   12365.000000     3.07763e+07 
   12370.000000     3.07279e+07 
   12375.000000     3.06795e+07 
   12380.000000     3.06313e+07 
   12385.000000     3.05831e+07 
   12390.000000     3.05351e+07 
   12395.000000     3.04871e+07 
   12400.000000     3.04392e+07 
   12405.000000     3.03914e+07 
   12410.000000     3.03438e+07 
   12415.000000     3.02961e+07 
   12420.000000     3.02486e+07 
   12425.000000     3.02013e+07 
   12430.000000     3.01539e+07 
   12435.000000     3.01067e+07 
   12440.000000     3.00596e+07 
   12445.000000     3.00126e+07 
   12450.000000     2.99656e+07 
   12455.000000     2.99188e+07 
   12460.000000      2.9872e+07 
   12465.000000     2.98253e+07 
   12470.000000     2.97788e+07 
   12475.000000     2.97323e+07 
   12480.393998     2.96822e+07 
   12485.000000     2.96396e+07 
   12490.000000     2.95934e+07 
   12495.000000     2.95472e+07 
   12500.000000     2.95012e+07 
   12505.000000     2.94552e+07 
   12510.000000     2.94094e+07 
   12515.000000     2.93636e+07 
   12520.000000     2.93179e+07 
   12525.000000     2.92724e+07 
   12529.671965     2.92298e+07 
   12529.981793     2.92038e+07 
   12530.291637     2.90599e+07 
   12530.601496     2.87631e+07 
   12530.911370     2.86065e+07 
   12531.221260     2.87576e+07 
   12531.531164     2.90488e+07 
   12531.841085     2.91869e+07 
   12532.151020     2.92073e+07 
   12535.000000     2.91815e+07 
   12540.000000     2.91361e+07 
   12545.000000     2.90909e+07 
   12550.000000     2.90458e+07 
   12555.000000     2.90007e+07 
   12560.000000     2.89557e+07 
   12565.000000     2.89108e+07 
   12570.000000      2.8866e+07 
   12575.000000     2.88213e+07 
   12580.000000     2.87767e+07 
   12583.459658     2.87459e+07 
   12590.000000     2.86748e+07 
   12595.000000     2.86297e+07 
   12600.000000     2.85847e+07 
   12605.000000     2.85397e+07 
   12610.000000     2.84948e+07 
   12615.000000     2.84497e+07 
   12620.000000     2.84048e+07 
   12625.000000     2.83598e+07 
   12630.000000     2.83149e+07 
   12635.000000     2.82696e+07 
   12640.000000     2.82246e+07 
   12645.000000     2.81796e+07 
   12650.000000     2.81344e+07 
   12655.000000     2.80892e+07 
   12660.000000     2.80433e+07 
   12665.000000     2.79978e+07 
   12670.000000      2.7952e+07 
   12675.000000     2.79062e+07 
   12680.000000     2.78591e+07 
   12685.000000     2.78125e+07 
   12690.000000     2.77654e+07 
   12695.000000     2.77183e+07 
   12701.404482     2.76552e+07 
   12705.000000     2.76199e+07 
   12710.000000     2.75703e+07 
   12715.000000      2.7518e+07 
   12720.733616     2.74578e+07 
   12721.048168     2.74425e+07 
   12721.362737     2.74393e+07 
   12721.677321     2.74362e+07 
   12721.991920     2.74331e+07 
   12722.306535     2.74294e+07 
   12722.621166     2.74257e+07 
   12722.935812     2.74221e+07 
   12723.250473     2.74305e+07 
   12730.000000     2.73549e+07 
   12735.000000     2.72951e+07 
   12740.000000     2.72358e+07 
   12745.000000     2.71654e+07 
   12750.000000     2.70999e+07 
   12755.000000     2.70151e+07 
   12757.915828     2.69743e+07 
   12758.231300     2.69698e+07 
   12758.546788     2.69617e+07 
   12758.862291     2.69464e+07 
   12759.177810     2.69338e+07 
   12759.493345     2.69355e+07 
   12759.808895     2.69397e+07 
   12760.124461      2.6937e+07 
   12760.440042     2.69309e+07 
   12761.209921     2.69089e+07 
   12765.000000     2.68398e+07 
   12770.000000      2.6718e+07 
   12775.000000     2.66328e+07 
   12780.000000     2.64964e+07 
   12787.170274     2.62827e+07 
   12787.486469     2.62069e+07 
   12787.802681     2.59127e+07 
   12788.118907     2.56406e+07 
   12788.435150     2.55743e+07 
   12788.751408      2.5634e+07 
   12789.067682     2.58759e+07 
   12789.383971     2.61106e+07 
   12789.700276     2.61614e+07 
   12791.324337     2.61338e+07 
   12792.733973     2.60578e+07 
   12793.050307      2.6036e+07 
   12793.366655     2.60599e+07 
   12793.683020     2.61937e+07 
   12793.999400     2.63067e+07 
   12794.315796     2.61893e+07 
   12794.632207     2.60387e+07 
   12794.948634     2.59867e+07 
   12795.265077     2.59728e+07 
   12800.000000     2.57627e+07 
   12806.434907     2.54109e+07 
   12810.000000     2.51731e+07 
   12814.003588     2.48903e+07 
   12815.072114     2.48151e+07 
   12815.388999     2.48865e+07 
   12815.705901     2.48765e+07 
   12816.022817     2.48976e+07 
   12816.339750     2.49139e+07 
   12816.656698     2.48591e+07 
   12816.973662     2.48094e+07 
   12817.290642     2.47905e+07 
   12817.607637     2.46913e+07 
   12817.791284     2.46899e+07 
   12819.685972     2.48762e+07 
   12820.633526     2.52536e+07 
   12821.107355     2.55681e+07 
   12821.296897     2.56902e+07 
   12821.391670     2.57379e+07 
   12821.486444      2.5769e+07 
   12821.581220     2.57792e+07 
   12821.675997     2.57675e+07 
   12821.770776     2.57349e+07 
   12821.865556     2.56857e+07 
   12822.055120     2.55607e+07 
   12822.529054     2.52392e+07 
   12823.477029     2.48477e+07 
   12825.373398     2.46338e+07 
   12829.167820     2.47778e+07 
   12836.763403     2.51825e+07 
   12840.000000     2.53172e+07 
   12845.000000     2.54545e+07 
   12848.252852     2.55696e+07 
   12848.570558     2.55653e+07 
   12848.888279     2.55357e+07 
   12849.206017     2.54615e+07 
   12849.523770     2.54148e+07 
   12849.841539     2.54667e+07 
   12850.159323     2.55523e+07 
   12850.477124     2.56019e+07 
   12850.794940      2.5634e+07 
   12851.981583     2.56654e+07 
   12855.000000     2.56813e+07 
   12860.000000      2.5754e+07 
   12865.000000     2.58385e+07 
   12870.000000     2.59045e+07 
   12875.000000      2.5926e+07 
   12880.000000     2.59353e+07 
   12882.526449     2.59446e+07 
   12890.000000     2.59464e+07 
   12895.000000     2.59445e+07 
   12900.000000     2.59279e+07 
   12905.000000     2.59135e+07 
   12910.000000     2.58902e+07 
   12915.382431     2.58649e+07 
   12915.701797     2.58441e+07 
   12916.021179     2.58426e+07 
   12916.340577     2.58413e+07 
   12916.659990     2.58399e+07 
   12916.979419     2.58378e+07 
   12917.298864      2.5837e+07 
   12917.618325     2.58351e+07 
   12917.937801     2.58526e+07 
   12925.000000     2.58124e+07 
   12930.000000     2.57824e+07 
   12935.000000     2.57523e+07 
   12940.000000     2.57198e+07 
   12944.053831      2.5693e+07 
   12950.000000     2.56541e+07 
   12955.000000     2.56194e+07 
   12960.000000     2.55846e+07 
   12965.000000     2.55494e+07 
   12970.694320     2.55097e+07 
   12971.015054     2.54755e+07 
   12971.335803     2.53106e+07 
   12971.656569     2.51084e+07 
   12971.977350     2.50671e+07 
   12972.298147     2.51037e+07 
   12972.618960     2.53013e+07 
   12972.939789     2.54617e+07 
   12973.260634     2.54912e+07 
   12980.000000     2.54428e+07 
   12987.146243     2.53911e+07 
   12987.467383     2.53822e+07 
   12987.788540     2.53373e+07 
   12988.109712     2.52282e+07 
   12988.430900     2.51584e+07 
   12988.752104     2.52235e+07 
   12989.073324     2.53279e+07 
   12989.394560     2.53682e+07 
   12989.715811     2.53724e+07 
   12995.000000     2.53343e+07 
   13000.000000     2.52978e+07 
   13005.000000     2.52612e+07 
   13010.000000     2.52246e+07 
   13015.000000     2.51881e+07 
   13020.000000     2.51514e+07 
   13025.000000     2.51147e+07 
   13030.000000     2.50779e+07 
   13035.000000     2.50412e+07 
   13040.000000     2.50046e+07 
   13045.000000     2.49679e+07 
   13050.000000     2.49312e+07 
   13055.000000     2.48945e+07 
   13060.000000     2.48579e+07 
   13065.000000     2.48213e+07 
   13068.888740     2.48016e+07 
   13075.000000     2.47565e+07 
   13080.000000     2.47195e+07 
   13085.000000     2.46827e+07 
   13090.000000      2.4646e+07 
   13095.000000     2.46093e+07 
   13100.000000     2.45727e+07 
   13105.000000     2.45361e+07 
   13110.000000     2.44997e+07 
   13115.000000     2.44632e+07 
   13120.000000     2.44269e+07 
   13125.000000     2.43906e+07 
   13130.000000     2.43544e+07 
   13135.000000     2.43183e+07 
   13140.000000     2.42822e+07 
   13145.000000     2.42462e+07 
   13151.078897     2.42025e+07 
   13151.404091     2.41676e+07 
   13151.729301     2.41654e+07 
   13152.054528     2.41636e+07 
   13152.379770     2.41617e+07 
   13152.705028      2.4159e+07 
   13153.030303     2.41561e+07 
   13153.355594     2.41537e+07 
   13153.680901     2.41838e+07 
   13160.000000     2.41385e+07 
   13165.000000     2.41028e+07 
   13170.000000     2.40671e+07 
   13175.000000     2.40315e+07 
   13180.000000      2.3996e+07 
   13185.000000     2.39605e+07 
   13190.000000     2.39251e+07 
   13195.000000     2.38897e+07 
   13200.000000     2.38545e+07 
   13205.000000     2.38192e+07 
   13210.000000     2.37841e+07 
   13215.000000      2.3749e+07 
   13220.000000      2.3714e+07 
   13225.000000      2.3679e+07 
   13230.000000     2.36441e+07 
   13235.000000     2.36093e+07 
   13240.000000     2.35745e+07 
   13245.000000     2.35398e+07 
   13250.000000     2.35052e+07 
   13255.000000     2.34706e+07 
   13260.000000     2.34361e+07 
   13265.000000     2.34016e+07 
   13270.000000     2.33673e+07 
   13275.000000      2.3333e+07 
   13280.000000     2.32987e+07 
   13285.000000     2.32645e+07 
   13290.000000     2.32304e+07 
   13295.000000     2.31963e+07 
   13300.000000     2.31623e+07 
   13305.000000     2.31283e+07 
   13310.000000     2.30945e+07 
   13315.000000     2.30607e+07 
   13320.000000     2.30269e+07 
   13325.000000     2.29932e+07 
   13330.000000     2.29596e+07 
   13335.000000      2.2926e+07 
   13340.000000     2.28925e+07 
   13345.000000      2.2859e+07 
   13350.000000     2.28257e+07 
   13355.000000     2.27923e+07 
   13360.000000     2.27591e+07 
   13365.000000     2.27259e+07 
   13370.000000     2.26927e+07 
   13375.000000     2.26596e+07 
   13380.000000     2.26266e+07 
   13385.000000     2.25936e+07 
   13390.000000     2.25607e+07 
   13395.000000     2.25279e+07 
   13400.000000     2.24951e+07 
   13405.000000     2.24624e+07 
   13410.000000     2.24297e+07 
   13414.024047     2.24035e+07 
   13414.355743     2.23975e+07 
   13414.687456     2.23704e+07 
   13415.019185     2.23063e+07 
   13415.350930     2.22654e+07 
   13415.682692      2.2302e+07 
   13416.014470     2.23618e+07 
   13416.346265     2.23845e+07 
   13416.678076     2.23862e+07 
   13420.000000     2.23646e+07 
   13425.000000     2.23321e+07 
   13430.000000     2.22997e+07 
   13435.000000     2.22673e+07 
   13440.913517     2.22291e+07 
   13441.245878     2.21816e+07 
   13441.578256     2.21793e+07 
   13441.910650     2.21777e+07 
   13442.243060     2.21763e+07 
   13442.575487     2.21735e+07 
   13442.907930     2.21708e+07 
   13443.240390     2.21688e+07 
   13443.572866     2.22119e+07 
   13450.000000     2.21705e+07 
   13455.000000     2.21384e+07 
   13460.000000     2.21063e+07 
   13465.000000     2.20743e+07 
   13470.000000     2.20424e+07 
   13475.000000     2.20104e+07 
   13480.000000     2.19786e+07 
   13485.000000     2.19468e+07 
   13490.000000     2.19151e+07 
   13495.000000     2.18834e+07 
   13500.000000     2.18518e+07 
   13505.000000     2.18202e+07 
   13510.000000     2.17887e+07 
   13515.000000     2.17573e+07 
   13520.000000     2.17259e+07 
   13525.000000     2.16946e+07 
   13530.000000     2.16633e+07 
   13535.000000     2.16321e+07 
   13540.000000     2.16009e+07 
   13545.000000     2.15698e+07 
   13550.000000     2.15388e+07 
   13555.000000     2.15078e+07 
   13560.000000     2.14768e+07 
   13565.000000      2.1446e+07 
   13567.686146     2.14294e+07 
   13575.000000     2.13844e+07 
   13580.000000     2.13537e+07 
   13585.000000      2.1323e+07 
   13590.000000     2.12924e+07 
   13595.000000     2.12619e+07 
   13600.000000     2.12314e+07 
   13605.000000     2.12009e+07 
   13610.000000     2.11705e+07 
   13615.000000     2.11402e+07 
   13620.000000     2.11099e+07 
   13625.000000     2.10797e+07 
   13630.000000     2.10495e+07 
   13635.000000     2.10194e+07 
   13640.000000     2.09894e+07 
   13645.000000     2.09594e+07 
   13650.000000     2.09294e+07 
   13655.000000     2.08995e+07 
   13660.000000     2.08697e+07 
   13665.000000     2.08399e+07 
   13670.000000     2.08101e+07 
   13675.000000     2.07804e+07 
   13680.000000     2.07508e+07 
   13685.000000     2.07212e+07 
   13690.000000     2.06917e+07 
   13695.000000     2.06622e+07 
   13700.000000     2.06328e+07 
   13705.000000     2.06034e+07 
   13710.000000     2.05741e+07 
   13715.000000     2.05449e+07 
   13720.000000     2.05156e+07 
   13725.000000     2.04865e+07 
   13730.000000     2.04574e+07 
   13735.000000     2.04283e+07 
   13740.000000     2.03993e+07 
   13745.000000     2.03704e+07 
   13750.000000     2.03415e+07 
   13755.000000     2.03126e+07 
   13760.000000     2.02838e+07 
   13765.000000     2.02551e+07 
   13770.000000     2.02264e+07 
   13775.000000     2.01977e+07 
   13780.000000     2.01691e+07 
   13785.000000     2.01406e+07 
   13790.000000     2.01121e+07 
   13795.000000     2.00836e+07 
   13800.000000     2.00552e+07 
   13803.943937     2.00329e+07 
   13804.285275     1.99731e+07 
   13804.626630     1.99705e+07 
   13804.968001     1.99691e+07 
   13805.309390     1.99679e+07 
   13805.650795     1.99652e+07 
   13805.992218     1.99628e+07 
   13806.333657     1.99616e+07 
   13806.675113     2.00174e+07 
   13810.000000     1.99986e+07 
   13815.000000     1.99703e+07 
   13820.000000     1.99422e+07 
   13825.000000      1.9914e+07 
   13830.000000     1.98859e+07 
   13835.000000     1.98579e+07 
   13840.000000     1.98299e+07 
   13845.000000     1.98019e+07 
   13850.000000      1.9774e+07 
   13855.000000     1.97462e+07 
   13860.000000     1.97184e+07 
   13865.000000     1.96906e+07 
   13870.000000     1.96629e+07 
   13875.000000     1.96353e+07 
   13880.000000     1.96077e+07 
   13885.000000     1.95801e+07 
   13890.000000     1.95526e+07 
   13895.000000     1.95252e+07 
   13900.000000     1.94977e+07 
   13905.000000     1.94704e+07 
   13910.000000     1.94431e+07 
   13915.000000     1.94158e+07 
   13920.000000     1.93886e+07 
   13925.000000     1.93614e+07 
   13930.000000     1.93343e+07 
   13935.000000     1.93072e+07 
   13940.000000     1.92802e+07 
   13945.000000     1.92532e+07 
   13950.000000     1.92263e+07 
   13955.000000     1.91994e+07 
   13960.000000     1.91726e+07 
   13965.000000     1.91458e+07 
   13970.000000      1.9119e+07 
   13975.000000     1.90923e+07 
   13980.000000     1.90657e+07 
   13985.000000     1.90391e+07 
   13990.000000     1.90125e+07 
   13995.000000      1.8986e+07 
   14000.000000     1.89595e+07 
   14005.000000     1.89331e+07 
   14010.000000     1.89067e+07 
   14015.000000     1.88804e+07 
   14020.000000     1.88541e+07 
   14025.000000     1.88279e+07 
   14030.000000     1.88017e+07 
   14035.000000     1.87756e+07 
   14040.000000     1.87495e+07 
   14045.000000     1.87234e+07 
   14050.000000     1.86974e+07 
   14055.000000     1.86714e+07 
   14060.000000     1.86455e+07 
   14065.000000     1.86196e+07 
   14070.000000     1.85938e+07 
   14075.000000      1.8568e+07 
   14080.000000     1.85423e+07 
   14085.000000     1.85166e+07 
   14090.000000     1.84909e+07 
   14097.170203     1.84543e+07 
   14100.000000     1.84399e+07 
   14105.000000     1.84144e+07 
   14110.000000     1.83889e+07 
   14115.000000     1.83635e+07 
   14120.000000     1.83381e+07 
   14125.000000     1.83127e+07 
   14130.000000     1.82874e+07 
   14135.000000     1.82622e+07 
   14140.000000      1.8237e+07 
   14145.000000     1.82118e+07 
   14150.000000     1.81867e+07 
   14155.000000     1.81616e+07 
   14160.000000     1.81366e+07 
   14165.000000     1.81116e+07 
   14170.000000     1.80866e+07 
   14175.000000     1.80617e+07 
   14180.000000     1.80369e+07 
   14185.000000      1.8012e+07 
   14190.000000     1.79873e+07 
   14195.000000     1.79625e+07 
   14200.000000     1.79378e+07 
   14205.000000     1.79132e+07 
   14210.000000     1.78886e+07 
   14215.000000      1.7864e+07 
   14220.000000     1.78395e+07 
   14225.000000      1.7815e+07 
   14230.000000     1.77906e+07 
   14235.000000     1.77662e+07 
   14240.000000     1.77418e+07 
   14245.000000     1.77175e+07 
   14250.000000     1.76932e+07 
   14255.000000      1.7669e+07 
   14260.000000     1.76448e+07 
   14265.000000     1.76207e+07 
   14271.789679     1.75879e+07 
   14272.142585      1.7519e+07 
   14272.495510     1.75158e+07 
   14272.848451     1.75144e+07 
   14273.201410     1.75135e+07 
   14273.554386     1.75111e+07 
   14273.907380     1.75091e+07 
   14274.260392     1.75089e+07 
   14274.613420     1.75744e+07 
   14280.000000     1.75485e+07 
   14285.000000     1.75245e+07 
   14290.000000     1.75005e+07 
   14295.000000     1.74766e+07 
   14300.000000     1.74528e+07 
   14305.000000      1.7429e+07 
   14310.000000     1.74052e+07 
   14315.000000     1.73815e+07 
   14320.000000     1.73578e+07 
   14325.000000     1.73341e+07 
   14330.000000     1.73105e+07 
   14335.000000     1.72869e+07 
   14340.000000     1.72634e+07 
   14345.000000     1.72399e+07 
   14350.000000     1.72164e+07 
   14355.000000      1.7193e+07 
   14360.000000     1.71696e+07 
   14365.000000     1.71463e+07 
   14370.000000      1.7123e+07 
   14375.000000     1.70998e+07 
   14380.000000     1.70765e+07 
   14385.000000     1.70534e+07 
   14390.000000     1.70302e+07 
   14395.000000     1.70071e+07 
   14400.000000     1.69841e+07 
   14405.000000      1.6961e+07 
   14410.000000     1.69381e+07 
   14415.000000     1.69151e+07 
   14420.000000     1.68922e+07 
   14425.000000     1.68693e+07 
   14430.000000     1.68465e+07 
   14435.000000     1.68237e+07 
   14440.000000      1.6801e+07 
   14445.000000     1.67783e+07 
   14450.000000     1.67556e+07 
   14455.000000      1.6733e+07 
   14460.000000     1.67104e+07 
   14465.000000     1.66878e+07 
   14470.000000     1.66653e+07 
   14475.000000     1.66428e+07 
   14480.000000     1.66204e+07 
   14485.000000      1.6598e+07 
   14490.000000     1.65756e+07 
   14495.000000     1.65533e+07 
   14500.000000      1.6531e+07 
   14505.000000     1.65087e+07 
   14510.000000     1.64865e+07 
   14515.000000     1.64643e+07 
   14520.000000     1.64422e+07 
   14525.000000     1.64201e+07 
   14530.000000      1.6398e+07 
   14535.000000      1.6376e+07 
   14540.000000      1.6354e+07 
   14545.000000      1.6332e+07 
   14550.000000     1.63101e+07 
   14555.000000     1.62882e+07 
   14560.000000     1.62664e+07 
   14564.109636     1.62485e+07 
   14568.290463     1.62302e+07 
   14575.000000     1.62011e+07 
   14579.813383     1.61801e+07 
   14579.831133       1.618e+07 
   14579.848883     1.61799e+07 
   14582.217278     1.61697e+07 
   14585.000000     1.61576e+07 
   14588.165531     1.61439e+07 
   14595.000000     1.61145e+07 
   14600.000000      1.6093e+07 
   14605.000000     1.60715e+07 
   14610.000000     1.60501e+07 
   14615.000000     1.60287e+07 
   14620.000000     1.60073e+07 
   14625.000000      1.5986e+07 
   14630.000000     1.59647e+07 
   14635.000000     1.59435e+07 
   14640.000000     1.59222e+07 
   14645.000000      1.5901e+07 
   14650.000000     1.58799e+07 
   14655.000000     1.58588e+07 
   14660.000000     1.58377e+07 
   14667.128471     1.58077e+07 
   14670.000000     1.57957e+07 
   14675.000000     1.57747e+07 
   14680.000000     1.57538e+07 
   14685.000000     1.57329e+07 
   14690.000000      1.5712e+07 
   14695.000000     1.56912e+07 
   14700.000000     1.56704e+07 
   14705.000000     1.56496e+07 
   14710.000000     1.56289e+07 
   14715.000000     1.56082e+07 
   14720.000000     1.55875e+07 
   14725.000000     1.55669e+07 
   14730.000000     1.55463e+07 
   14735.000000     1.55257e+07 
   14740.000000     1.55052e+07 
   14745.000000     1.54847e+07 
   14750.000000     1.54643e+07 
   14755.000000     1.54438e+07 
   14760.000000     1.54234e+07 
   14762.955704     1.54114e+07 
   14763.320756     1.51666e+07 
   14763.685826     1.51059e+07 
   14764.050914     1.50552e+07 
   14764.416020     1.50469e+07 
   14764.781144     1.50523e+07 
   14765.146286     1.51001e+07 
   14765.511447      1.5158e+07 
   14765.876625     1.53995e+07 
   14770.000000     1.53828e+07 
   14775.000000     1.53625e+07 
   14780.000000     1.53422e+07 
   14785.000000      1.5322e+07 
   14790.000000     1.53018e+07 
   14795.000000     1.52817e+07 
   14800.000000     1.52615e+07 
   14805.000000     1.52415e+07 
   14810.000000     1.52214e+07 
   14815.000000     1.52014e+07 
   14820.000000     1.51814e+07 
   14825.000000     1.51614e+07 
   14830.000000     1.51415e+07 
   14835.000000     1.51216e+07 
   14840.000000     1.51018e+07 
   14845.000000     1.50819e+07 
   14850.000000     1.50621e+07 
   14855.000000     1.50424e+07 
   14860.000000     1.50226e+07 
   14865.000000     1.50029e+07 
   14870.000000     1.49833e+07 
   14875.000000     1.49636e+07 
   14880.000000      1.4944e+07 
   14884.965645     1.49246e+07 
   14885.333714      1.4851e+07 
   14885.701801     1.48468e+07 
   14886.069906     1.48454e+07 
   14886.438030      1.4845e+07 
   14886.806172     1.48426e+07 
   14887.174332     1.48411e+07 
   14887.542510     1.48425e+07 
   14887.910706     1.49131e+07 
   14895.000000     1.48854e+07 
   14900.000000      1.4866e+07 
   14905.000000     1.48465e+07 
   14910.000000     1.48271e+07 
   14915.000000     1.48077e+07 
   14920.000000     1.47884e+07 
   14925.000000     1.47691e+07 
   14930.000000     1.47498e+07 
   14935.000000     1.47305e+07 
   14940.000000     1.47113e+07 
   14945.000000     1.46921e+07 
   14950.000000      1.4673e+07 
   14955.000000     1.46538e+07 
   14960.000000     1.46347e+07 
   14965.000000     1.46157e+07 
   14970.000000     1.45966e+07 
   14975.000000     1.45776e+07 
   14980.000000     1.45587e+07 
   14985.000000     1.45397e+07 
   14990.000000     1.45208e+07 
   14995.000000     1.45019e+07 
   15000.000000     1.44831e+07 
   15005.000000     1.44643e+07 
   15010.000000     1.44455e+07 
   15015.000000     1.44267e+07 
   15020.000000      1.4408e+07 
   15025.000000     1.43893e+07 
   15030.000000     1.43706e+07 
   15035.000000      1.4352e+07 
   15040.000000     1.43334e+07 
   15045.000000     1.43148e+07 
   15050.000000     1.42963e+07 
   15055.000000     1.42778e+07 
   15060.000000     1.42593e+07 
   15065.000000     1.42408e+07 
   15070.000000     1.42224e+07 
   15075.000000      1.4204e+07 
   15080.000000     1.41856e+07 
   15086.282511     1.41626e+07 
   15086.655558     1.41578e+07 
   15087.028624     1.41349e+07 
   15087.401708     1.40886e+07 
   15087.774810     1.40652e+07 
   15088.147931     1.40859e+07 
   15088.521070     1.41294e+07 
   15088.894228     1.41496e+07 
   15089.267404     1.41517e+07 
   15095.000000     1.41307e+07 
   15100.000000     1.41125e+07 
   15105.000000     1.40943e+07 
   15110.000000     1.40761e+07 
   15115.000000     1.40579e+07 
   15120.000000     1.40398e+07 
   15125.000000     1.40217e+07 
   15130.000000     1.40036e+07 
   15135.000000     1.39856e+07 
   15140.000000     1.39675e+07 
   15145.000000     1.39496e+07 
   15150.000000     1.39316e+07 
   15155.000000     1.39137e+07 
   15160.000000     1.38958e+07 
   15165.000000     1.38779e+07 
   15170.000000     1.38601e+07 
   15175.000000     1.38423e+07 
   15180.000000     1.38245e+07 
   15185.000000     1.38067e+07 
   15190.000000      1.3789e+07 
   15195.000000     1.37713e+07 
   15200.000000     1.37536e+07 
   15205.000000      1.3736e+07 
   15210.000000     1.37184e+07 
   15215.000000     1.37008e+07 
   15220.000000     1.36832e+07 
   15225.000000     1.36657e+07 
   15230.000000     1.36482e+07 
   15235.000000     1.36307e+07 
   15240.000000     1.36133e+07 
   15245.000000     1.35959e+07 
   15250.000000     1.35785e+07 
   15255.000000     1.35611e+07 
   15260.000000     1.35438e+07 
   15265.000000     1.35265e+07 
   15270.000000     1.35092e+07 
   15275.000000      1.3492e+07 
   15280.000000     1.34748e+07 
   15285.000000     1.34576e+07 
   15290.000000     1.34404e+07 
   15295.000000     1.34233e+07 
   15300.000000     1.34062e+07 
   15305.000000     1.33891e+07 
   15310.000000      1.3372e+07 
   15315.000000      1.3355e+07 
   15320.000000      1.3338e+07 
   15325.000000      1.3321e+07 
   15330.000000     1.33041e+07 
   15335.000000     1.32872e+07 
   15340.000000     1.32703e+07 
   15345.000000     1.32534e+07 
   15350.000000     1.32366e+07 
   15355.000000     1.32198e+07 
   15360.000000      1.3203e+07 
   15365.000000     1.31862e+07 
   15370.000000     1.31695e+07 
   15375.000000     1.31528e+07 
   15380.000000     1.31361e+07 
   15385.000000     1.31195e+07 
   15390.000000     1.31029e+07 
   15395.000000     1.30863e+07 
   15400.000000     1.30697e+07 
   15405.000000     1.30532e+07 
   15410.000000     1.30367e+07 
   15415.000000     1.30202e+07 
   15420.000000     1.30037e+07 
   15425.000000     1.29873e+07 
   15430.000000     1.29709e+07 
   15435.000000     1.29545e+07 
   15440.000000     1.29381e+07 
   15445.000000     1.29218e+07 
   15450.000000     1.29055e+07 
   15455.000000     1.28892e+07 
   15460.000000      1.2873e+07 
   15465.000000     1.28567e+07 
   15470.000000     1.28405e+07 
   15475.000000     1.28244e+07 
   15480.000000     1.28082e+07 
   15485.000000     1.27921e+07 
   15490.000000      1.2776e+07 
   15495.000000     1.27599e+07 
   15500.000000     1.27439e+07 
   15505.000000     1.27279e+07 
   15510.000000     1.27119e+07 
   15515.000000     1.26959e+07 
   15520.000000       1.268e+07 
   15525.000000     1.26641e+07 
   15530.000000     1.26482e+07 
   15535.000000     1.26323e+07 
   15540.000000     1.26165e+07 
   15545.000000     1.26007e+07 
   15550.000000     1.25849e+07 
   15555.000000     1.25691e+07 
   15557.757310     1.25605e+07 
   15565.000000     1.25371e+07 
   15570.000000     1.25213e+07 
   15575.000000     1.25056e+07 
   15580.000000       1.249e+07 
   15585.000000     1.24743e+07 
   15590.000000     1.24587e+07 
   15595.000000     1.24431e+07 
   15600.000000     1.24275e+07 
   15605.000000      1.2412e+07 
   15610.000000     1.23964e+07 
   15615.000000     1.23809e+07 
   15620.000000     1.23654e+07 
   15625.000000       1.235e+07 
   15631.012083     1.23314e+07 
   15635.000000     1.23191e+07 
   15640.000000     1.23037e+07 
   15645.000000     1.22883e+07 
   15650.000000      1.2273e+07 
   15655.000000     1.22577e+07 
   15660.000000     1.22424e+07 
   15665.000000     1.22272e+07 
   15667.898774     1.22184e+07 
   15675.000000     1.21968e+07 
   15680.000000     1.21817e+07 
   15686.407481     1.21624e+07 
   15690.000000     1.21516e+07 
   15695.678243     1.21345e+07 
   15700.317735       1.212e+07 
   15702.638509     1.21124e+07 
   15703.799154     1.21094e+07 
   15704.379540     1.21083e+07 
   15704.611707     1.21077e+07 
   15704.727793     1.21074e+07 
   15704.843881     1.21071e+07 
   15704.959970     1.21068e+07 
   15705.076061     1.21064e+07 
   15705.192154      1.2106e+07 
   15705.308248     1.21056e+07 
   15705.540442     1.21048e+07 
   15706.120958     1.21024e+07 
   15707.282117     1.20985e+07 
   15709.604951     1.20921e+07 
   15714.252681     1.20788e+07 
   15722.267341     1.20548e+07 
   15722.656114     1.19821e+07 
   15723.044907     1.19766e+07 
   15723.433719     1.19752e+07 
   15723.556395     1.19754e+07 
   15723.822550      1.1975e+07 
   15724.211400     1.19729e+07 
   15724.600270      1.1972e+07 
   15724.989159     1.19751e+07 
   15725.378067     1.20455e+07 
   15730.000000     1.20316e+07 
   15735.998943     1.20138e+07 
   15742.196913     1.19939e+07 
   15745.000000     1.19856e+07 
   15750.000000     1.19707e+07 
   15755.000000     1.19559e+07 
   15760.000000     1.19411e+07 
   15765.000000     1.19263e+07 
   15770.000000     1.19115e+07 
   15775.000000     1.18968e+07 
   15779.610855     1.18832e+07 
   15785.000000     1.18673e+07 
   15790.000000     1.18527e+07 
   15795.000000      1.1838e+07 
   15800.000000     1.18233e+07 
   15805.000000     1.18087e+07 
   15810.092979     1.17938e+07 
   15815.000000     1.17794e+07 
   15820.000000     1.17648e+07 
   15825.000000     1.17502e+07 
   15830.000000     1.17357e+07 
   15835.000000     1.17212e+07 
   15840.000000     1.17067e+07 
   15847.402272     1.16853e+07 
   15850.000000     1.16778e+07 
   15854.974810      1.1664e+07 
   15860.000000     1.16496e+07 
   15866.123030     1.16322e+07 
   15870.000000     1.16212e+07 
   15875.500005     1.16052e+07 
   15880.192650       1.159e+07 
   15882.540013     1.15812e+07 
   15883.713955     1.15778e+07 
   15884.300991     1.15769e+07 
   15884.535817     1.15764e+07 
   15884.653233     1.15761e+07 
   15884.770651     1.15758e+07 
   15884.888070     1.15756e+07 
   15885.005491     1.15752e+07 
   15885.122914     1.15748e+07 
   15885.240338     1.15744e+07 
   15885.475193     1.15735e+07 
   15886.062359     1.15712e+07 
   15887.236821     1.15679e+07 
   15889.586268     1.15634e+07 
   15894.287245      1.1552e+07 
   15900.000000     1.15362e+07 
   15903.697550     1.15257e+07 
   15910.000000     1.15079e+07 
   15915.000000     1.14939e+07 
   15920.000000     1.14799e+07 
   15922.551628     1.14728e+07 
   15930.000000     1.14522e+07 
   15935.000000     1.14384e+07 
   15940.000000     1.14246e+07 
   15945.000000     1.14108e+07 
   15950.000000     1.13971e+07 
   15955.000000     1.13833e+07 
   15960.394213     1.13686e+07 
   15962.687516     1.13623e+07 
   15970.000000     1.13391e+07 
   15975.000000     1.13252e+07 
   15980.000000     1.13114e+07 
   15985.000000     1.12976e+07 
   15990.000000     1.12837e+07 
   15995.000000     1.12699e+07 
   16000.000000     1.12561e+07 
   16005.000000     1.12422e+07 
   16010.000000     1.12284e+07 
   16015.000000     1.12146e+07 
   16020.000000     1.12007e+07 
   16025.000000     1.11869e+07 
   16030.000000     1.11731e+07 
   16036.621595      1.1156e+07 
   16037.848931     1.11526e+07 
   16045.000000     1.11327e+07 
   16050.000000     1.11188e+07 
   16055.000000      1.1105e+07 
   16060.000000     1.10911e+07 
   16065.000000     1.10773e+07 
   16070.000000     1.10636e+07 
   16075.695692     1.10479e+07 
   16080.000000     1.10362e+07 
   16085.000000     1.10226e+07 
   16090.000000     1.10091e+07 
   16094.686136     1.09966e+07 
   16100.000000     1.09824e+07 
   16104.198193     1.09704e+07 
   16108.958439     1.09527e+07 
   16111.339617     1.09401e+07 
   16112.530471     1.09349e+07 
   16113.125963     1.09338e+07 
   16113.364173     1.09333e+07 
   16113.483280     1.09331e+07 
   16113.602389     1.09328e+07 
   16113.721500     1.09325e+07 
   16113.840613     1.09322e+07 
   16113.959727     1.09318e+07 
   16114.078843     1.09315e+07 
   16114.317081     1.09307e+07 
   16114.912705     1.09286e+07 
   16116.104087     1.09275e+07 
   16118.487379     1.09276e+07 
   16123.256077     1.09201e+07 
   16130.000000     1.09034e+07 
   16132.801944      1.0896e+07 
   16140.000000     1.08773e+07 
   16145.000000     1.08644e+07 
   16151.927629     1.08468e+07 
   16155.000000      1.0839e+07 
   16160.000000     1.08263e+07 
   16165.000000     1.08137e+07 
   16170.000000     1.08011e+07 
   16175.000000     1.07885e+07 
   16180.000000      1.0776e+07 
   16185.000000     1.07634e+07 
   16190.315364     1.07501e+07 
   16195.000000     1.07383e+07 
   16200.000000     1.07258e+07 
   16205.000000     1.07133e+07 
   16210.000000     1.07007e+07 
   16215.000000     1.06882e+07 
   16220.000000     1.06757e+07 
   16225.000000     1.06632e+07 
   16230.000000     1.06507e+07 
   16235.000000     1.06381e+07 
   16240.000000     1.06257e+07 
   16245.000000     1.06132e+07 
   16250.000000     1.06007e+07 
   16255.000000     1.05882e+07 
   16257.855290      1.0581e+07 
   16265.000000     1.05571e+07 
   16267.640858     1.05529e+07 
   16275.000000     1.05338e+07 
   16280.000000     1.05208e+07 
   16285.000000     1.05078e+07 
   16290.000000     1.04948e+07 
   16295.000000     1.04817e+07 
   16300.000000     1.04687e+07 
   16305.000000     1.04556e+07 
   16310.000000     1.04426e+07 
   16315.000000     1.04295e+07 
   16320.000000     1.04164e+07 
   16325.000000     1.04033e+07 
   16330.000000     1.03902e+07 
   16334.406523     1.03786e+07 
   16340.000000     1.03639e+07 
   16345.000000     1.03507e+07 
   16350.000000     1.03375e+07 
   16355.000000     1.03244e+07 
   16360.000000     1.03112e+07 
   16365.000000     1.02981e+07 
   16370.000000      1.0285e+07 
   16372.953113     1.02773e+07 
   16380.000000     1.02591e+07 
   16385.000000     1.02463e+07 
   16392.294711      1.0228e+07 
   16395.000000     1.02214e+07 
   16401.982656     1.02024e+07 
   16406.830925     1.01796e+07 
   16409.256134     1.01584e+07 
   16410.469007     1.01484e+07 
   16411.075511     1.01463e+07 
   16411.318125     1.01457e+07 
   16411.439435     1.01454e+07 
   16411.560747     1.01451e+07 
   16411.682060     1.01447e+07 
   16411.803375     1.01446e+07 
   16411.924692     1.01443e+07 
   16412.046011     1.01439e+07 
   16412.288654     1.01434e+07 
   16412.895292     1.01426e+07 
   16414.108704     1.01468e+07 
   16416.536065     1.01562e+07 
   16421.392942     1.01557e+07 
   16425.000000     1.01487e+07 
   16431.115323     1.01345e+07 
   16435.000000     1.01254e+07 
   16440.000000      1.0114e+07 
   16445.000000     1.01027e+07 
   16450.594662     1.00902e+07 
   16455.000000     1.00804e+07 
   16460.000000     1.00693e+07 
   16465.000000     1.00583e+07 
   16470.000000     1.00473e+07 
   16475.000000     1.00363e+07 
   16480.000000     1.00252e+07 
   16485.000000     1.00142e+07 
   16489.692229     1.00039e+07 
   16495.000000     9.99212e+06 
   16500.000000     9.98104e+06 
   16505.000000     9.96996e+06 
   16510.000000     9.95885e+06 
   16515.000000     9.94771e+06 
   16520.000000     9.93655e+06 
   16525.000000     9.92541e+06 
   16530.000000     9.91423e+06 
   16535.000000     9.90304e+06 
   16540.000000     9.89181e+06 
   16545.000000     9.88058e+06 
   16550.000000      9.8694e+06 
   16555.000000     9.85817e+06 
   16560.000000     9.84692e+06 
   16565.000000     9.83563e+06 
   16568.447557     9.83294e+06 
   16575.000000     9.81781e+06 
   16580.000000     9.80628e+06 
   16585.000000     9.79478e+06 
   16590.000000     9.78329e+06 
   16595.000000     9.77181e+06 
   16600.000000     9.76036e+06 
   16605.000000     9.74891e+06 
   16610.000000     9.73749e+06 
   16615.000000     9.72608e+06 
   16620.000000     9.71469e+06 
   16625.000000     9.70332e+06 
   16630.000000     9.69196e+06 
   16635.000000     9.68062e+06 
   16640.000000     9.66929e+06 
   16645.000000     9.65798e+06 
   16650.000000     9.64668e+06 
   16653.547623     9.63868e+06 
   16660.000000     9.61451e+06 
   16665.000000     9.60266e+06 
   16670.000000     9.59073e+06 
   16675.000000     9.57874e+06 
   16680.000000     9.56689e+06 
   16685.000000     9.55494e+06 
   16690.000000     9.54294e+06 
   16695.000000     9.53082e+06 
   16700.000000     9.51878e+06 
   16705.000000     9.50667e+06 
   16710.000000     9.49451e+06 
   16715.000000     9.48224e+06 
   16720.000000     9.47001e+06 
   16725.000000      9.4577e+06 
   16731.962000     9.44045e+06 
   16735.000000     9.43291e+06 
   16740.000000     9.42048e+06 
   16745.000000     9.40798e+06 
   16750.000000     9.39547e+06 
   16755.000000     9.38292e+06 
   16760.000000     9.37038e+06 
   16765.000000     9.35784e+06 
   16771.446757     9.34177e+06 
   16775.000000       9.333e+06 
   16780.000000     9.32072e+06 
   16785.000000     9.30869e+06 
   16791.259101     9.29405e+06 
   16795.000000     9.28558e+06 
   16801.182837     9.27001e+06 
   16806.149105     9.24138e+06 
   16808.633340     9.20755e+06 
   16809.875733     9.18822e+06 
   16810.496999     9.18399e+06 
   16810.745518     9.18281e+06 
   16810.869780     9.18245e+06 
   16810.994044     9.18211e+06 
   16811.118310     9.18139e+06 
   16811.242578     9.18158e+06 
   16811.366847     9.18141e+06 
   16811.491119     9.18123e+06 
   16811.739667     9.18137e+06 
   16812.361070     9.18296e+06 
   16813.604015       9.197e+06 
   16816.090454     9.22018e+06 
   16821.065541     9.22748e+06 
   16825.000000     9.22106e+06 
   16831.024550     9.20892e+06 
   16835.000000     9.20112e+06 
   16840.000000      9.1916e+06 
   16845.000000     9.18228e+06 
   16850.977988     9.17136e+06 
   16855.000000     9.16412e+06 
   16860.000000     9.15509e+06 
   16865.000000     9.14614e+06 
   16870.000000     9.13713e+06 
   16875.000000     9.12812e+06 
   16880.000000     9.11908e+06 
   16885.000000     9.10999e+06 
   16891.027132     9.09895e+06 
   16895.000000     9.09167e+06 
   16900.000000     9.08242e+06 
   16905.000000     9.07311e+06 
   16910.000000     9.06376e+06 
   16915.000000     9.05438e+06 
   16921.913485      9.0413e+06 
   16922.331923     8.97829e+06 
   16922.750381      8.9717e+06 
   16923.168860     8.97069e+06 
   16923.587360     8.97101e+06 
   16924.005881     8.96906e+06 
   16924.424422     8.96845e+06 
   16924.842984      8.9734e+06 
   16925.261566      9.0349e+06 
   16930.000000     9.02586e+06 
   16935.000000     9.01633e+06 
   16940.000000      9.0067e+06 
   16945.000000     8.99702e+06 
   16950.000000     8.98726e+06 
   16955.000000     8.97763e+06 
   16960.000000     8.96792e+06 
   16965.000000     8.95814e+06 
   16971.699249     8.95279e+06 
   16975.000000       8.946e+06 
   16980.000000     8.93572e+06 
   16985.000000     8.92545e+06 
   16990.000000      8.9152e+06 
   16995.000000     8.90495e+06 
   17000.000000     8.89473e+06 
   17005.457501     8.88358e+06 
   17005.878005     8.81181e+06 
   17006.298529     8.61346e+06 
   17006.719074     8.48712e+06 
   17007.139640      8.4553e+06 
   17007.560227      8.4855e+06 
   17007.980834     8.61018e+06 
   17008.401463     8.80672e+06 
   17008.822112     8.87672e+06 
   17015.000000     8.86414e+06 
   17020.000000     8.85397e+06 
   17025.000000     8.84382e+06 
   17030.000000     8.83367e+06 
   17035.000000     8.82355e+06 
   17040.000000     8.81344e+06 
   17045.000000     8.80334e+06 
   17050.000000     8.79326e+06 
   17055.000000      8.7832e+06 
   17060.000000     8.77314e+06 
   17065.000000      8.7631e+06 
   17070.000000     8.75307e+06 
   17075.000000     8.74306e+06 
   17080.000000     8.73306e+06 
   17085.000000     8.72308e+06 
   17090.000000     8.71311e+06 
   17095.000000     8.70316e+06 
   17100.000000     8.69321e+06 
   17105.000000     8.68328e+06 
   17110.000000     8.67338e+06 
   17115.000000     8.66347e+06 
   17120.000000     8.65358e+06 
   17125.000000     8.64372e+06 
   17130.000000     8.63385e+06 
   17135.000000     8.62401e+06 
   17140.000000     8.61418e+06 
   17145.000000     8.60437e+06 
   17150.000000     8.59457e+06 
   17155.000000     8.58477e+06 
   17160.000000       8.575e+06 
   17165.000000     8.56524e+06 
   17170.000000     8.55549e+06 
   17175.000000     8.54576e+06 
   17180.000000     8.53604e+06 
   17185.000000     8.52633e+06 
   17190.000000     8.51663e+06 
   17195.000000     8.50696e+06 
   17200.000000     8.49729e+06 
   17204.077470     8.48942e+06 
   17210.000000      8.4663e+06 
   17215.000000      8.4559e+06 
   17220.000000     8.44526e+06 
   17225.000000     8.43477e+06 
   17230.000000      8.4244e+06 
   17235.000000     8.41381e+06 
   17240.000000     8.40313e+06 
   17245.000000     8.39225e+06 
   17250.000000     8.38159e+06 
   17255.000000     8.37075e+06 
   17260.000000      8.3598e+06 
   17265.000000     8.34866e+06 
   17270.000000     8.33765e+06 
   17275.000000     8.32646e+06 
   17280.000000      8.3151e+06 
   17285.084056     8.30355e+06 
   17290.000000     8.29227e+06 
   17295.000000     8.28067e+06 
   17300.000000     8.26901e+06 
   17305.000000     8.25727e+06 
   17310.000000     8.24546e+06 
   17315.000000     8.23361e+06 
   17320.000000     8.22176e+06 
   17325.874092     8.20782e+06 
   17330.000000     8.19813e+06 
   17335.000000     8.18656e+06 
   17340.000000     8.17519e+06 
   17346.341389     8.16146e+06 
   17350.000000     8.15399e+06 
   17356.052961     8.14182e+06 
   17356.482134     8.13901e+06 
   17356.593182      8.1388e+06 
   17356.911328     8.13819e+06 
   17357.340543     8.13708e+06 
   17357.769780     8.13591e+06 
   17358.199038     8.13452e+06 
   17358.628317      8.1328e+06 
   17359.057617     8.13077e+06 
   17359.486939      8.1306e+06 
   17361.723624     8.11381e+06 
   17364.289983     8.06989e+06 
   17365.573446     8.04006e+06 
   17366.215250     8.03383e+06 
   17366.471984     8.03194e+06 
   17366.600354     8.03138e+06 
   17366.728726     8.03087e+06 
   17366.857100     8.02992e+06 
   17366.985476     8.03041e+06 
   17367.113853     8.03046e+06 
   17367.242233     8.03056e+06 
   17367.498998     8.03154e+06 
   17368.140943     8.03546e+06 
   17369.424977     8.06065e+06 
   17371.993612      8.0952e+06 
   17377.133164     8.10321e+06 
   17380.000000     8.09883e+06 
   17387.421397     8.08665e+06 
   17390.000000     8.08271e+06 
   17395.000000     8.07547e+06 
   17400.000000     8.06862e+06 
   17405.000000     8.06196e+06 
   17408.034452     8.05796e+06 
   17415.000000     8.04893e+06 
   17420.000000      8.0424e+06 
   17425.000000     8.03585e+06 
   17430.000000     8.02923e+06 
   17435.000000     8.02252e+06 
   17440.000000     8.01572e+06 
   17445.000000     8.00885e+06 
   17449.407533     8.00267e+06 
   17455.000000     7.99472e+06 
   17460.000000     7.98757e+06 
   17465.000000     7.98027e+06 
   17470.000000     7.97278e+06 
   17475.000000      7.9654e+06 
   17480.000000     7.95784e+06 
   17485.000000     7.95018e+06 
   17490.000000     7.94233e+06 
   17495.000000     7.93466e+06 
   17500.000000     7.92686e+06 
   17505.000000     7.91894e+06 
   17510.000000     7.91084e+06 
   17515.000000     7.90275e+06 
   17520.000000     7.89488e+06 
   17525.000000     7.88679e+06 
   17530.000000     7.87862e+06 
   17532.746494     7.88345e+06 
   17540.000000     7.87069e+06 
   17545.000000     7.86191e+06 
   17550.000000     7.85315e+06 
   17555.000000     7.84439e+06 
   17560.000000     7.83565e+06 
   17565.000000     7.82691e+06 
   17570.000000      7.8182e+06 
   17575.000000     7.80948e+06 
   17580.000000     7.80079e+06 
   17585.000000     7.79211e+06 
   17590.000000     7.78344e+06 
   17595.000000     7.77478e+06 
   17600.000000     7.76613e+06 
   17605.000000      7.7575e+06 
   17610.000000     7.74888e+06 
   17615.000000     7.74027e+06 
   17620.000000     7.73167e+06 
   17625.000000     7.72308e+06 
   17630.000000      7.7145e+06 
   17635.000000     7.70594e+06 
   17640.000000     7.69739e+06 
   17645.000000     7.68885e+06 
   17650.000000     7.68032e+06 
   17655.000000      7.6718e+06 
   17660.000000      7.6633e+06 
   17665.000000      7.6548e+06 
   17670.000000     7.64633e+06 
   17675.000000     7.63785e+06 
   17680.000000     7.62939e+06 
   17685.000000     7.62095e+06 
   17690.000000     7.61252e+06 
   17695.000000     7.60409e+06 
   17700.000000     7.59568e+06 
   17705.000000     7.58728e+06 
   17710.000000     7.57889e+06 
   17715.000000     7.57051e+06 
   17720.435607     7.56142e+06 
   17720.873790     7.55564e+06 
   17721.311995     7.55508e+06 
   17721.750222     7.55456e+06 
   17722.188470     7.55398e+06 
   17722.626740      7.5531e+06 
   17723.065032     7.55215e+06 
   17723.503345     7.55125e+06 
   17723.941680     7.55556e+06 
   17730.000000     7.54545e+06 
   17735.000000     7.53712e+06 
   17740.000000      7.5288e+06 
   17745.000000     7.52049e+06 
   17750.000000      7.5122e+06 
   17755.000000     7.50391e+06 
   17760.000000     7.49564e+06 
   17765.000000     7.48737e+06 
   17770.000000     7.47912e+06 
   17775.000000     7.47088e+06 
   17780.000000     7.46266e+06 
   17785.000000     7.45443e+06 
   17790.000000     7.44623e+06 
   17795.000000     7.43803e+06 
   17800.000000     7.42985e+06 
   17805.000000     7.42168e+06 
   17810.000000     7.41352e+06 
   17815.000000     7.40537e+06 
   17820.000000     7.39723e+06 
   17825.000000      7.3891e+06 
   17830.000000     7.38099e+06 
   17835.000000     7.37288e+06 
   17840.000000     7.36479e+06 
   17845.000000      7.3567e+06 
   17850.000000     7.34863e+06 
   17855.000000     7.34057e+06 
   17860.000000     7.33252e+06 
   17865.000000     7.32448e+06 
   17870.000000     7.31645e+06 
   17875.000000     7.30843e+06 
   17880.000000     7.30042e+06 
   17885.000000     7.29243e+06 
   17890.000000     7.28445e+06 
   17895.000000     7.27647e+06 
   17900.000000     7.26851e+06 
   17905.000000     7.26056e+06 
   17910.000000     7.25262e+06 
   17915.000000     7.24469e+06 
   17920.000000     7.23677e+06 
   17925.000000     7.22886e+06 
   17930.000000     7.22096e+06 
   17935.000000     7.21307e+06 
   17940.000000      7.2052e+06 
   17945.000000     7.19733e+06 
   17950.000000     7.18948e+06 
   17955.000000     7.18163e+06 
   17960.000000      7.1738e+06 
   17965.000000     7.16597e+06 
   17970.000000     7.15816e+06 
   17975.000000     7.15036e+06 
   17980.000000     7.14257e+06 
   17985.000000     7.13479e+06 
   17990.000000     7.12702e+06 
   17995.000000     7.11926e+06 
   18000.000000     7.11151e+06 
   18005.000000     7.10377e+06 
   18008.698457     7.09805e+06 
   18015.000000     7.07716e+06 
   18020.000000     7.06855e+06 
   18025.000000     7.05968e+06 
   18030.000000      7.0513e+06 
   18035.000000     7.04286e+06 
   18040.000000     7.03417e+06 
   18045.000000     7.02517e+06 
   18050.000000     7.01612e+06 
   18055.000000     7.00746e+06 
   18060.000000     6.99844e+06 
   18065.000000      6.9892e+06 
   18070.000000     6.97975e+06 
   18075.000000      6.9706e+06 
   18080.000000      6.9611e+06 
   18085.000000     6.95131e+06 
   18090.000000     6.94162e+06 
   18093.493656     6.93472e+06 
   18100.000000     6.92161e+06 
   18105.000000     6.91141e+06 
   18110.000000     6.90107e+06 
   18115.000000     6.89052e+06 
   18120.000000     6.87991e+06 
   18125.000000     6.86915e+06 
   18130.000000      6.8583e+06 
   18136.191410     6.84485e+06 
   18140.000000     6.83653e+06 
   18145.000000      6.8258e+06 
   18150.000000     6.81534e+06 
   18155.000000     6.80526e+06 
   18157.615946     6.80025e+06 
   18167.166518     6.78462e+06 
   18167.615747     6.78085e+06 
   18168.064999     6.78048e+06 
   18168.347207     6.78029e+06 
   18168.514274     6.78019e+06 
   18168.963570     6.77982e+06 
   18169.412889     6.77898e+06 
   18169.862230     6.77794e+06 
   18170.311593     6.77699e+06 
   18170.760978     6.77936e+06 
   18173.717596      6.7685e+06 
   18176.403981     6.72942e+06 
   18177.747471     6.69395e+06 
   18178.419291     6.69031e+06 
   18178.688032     6.69043e+06 
   18178.822406     6.69091e+06 
   18178.956782     6.69105e+06 
   18179.091160     6.68985e+06 
   18179.225540     6.69067e+06 
   18179.359922     6.69014e+06 
   18179.494305     6.68929e+06 
   18179.763079      6.6884e+06 
   18180.435048     6.69012e+06 
   18181.779134     6.72171e+06 
   18184.467903     6.75297e+06 
   18189.847828     6.75183e+06 
   18195.000000     6.74449e+06 
   18200.617232     6.73797e+06 
   18205.000000     6.73369e+06 
   18210.000000     6.72935e+06 
   18215.000000     6.72543e+06 
   18222.194344     6.71993e+06 
   18225.000000     6.71776e+06 
   18230.000000     6.71397e+06 
   18235.000000     6.71009e+06 
   18240.000000     6.70608e+06 
   18245.000000     6.70193e+06 
   18250.000000     6.69766e+06 
   18255.000000     6.69316e+06 
   18260.000000     6.68858e+06 
   18265.502411     6.68333e+06 
   18270.000000     6.67884e+06 
   18275.000000     6.67375e+06 
   18280.000000     6.66864e+06 
   18285.000000     6.66327e+06 
   18290.000000     6.65759e+06 
   18295.000000     6.65221e+06 
   18300.000000     6.64656e+06 
   18305.000000     6.64072e+06 
   18310.000000     6.63456e+06 
   18315.000000     6.62873e+06 
   18320.000000     6.62288e+06 
   18325.000000     6.61672e+06 
   18330.000000     6.61038e+06 
   18335.000000     6.60389e+06 
   18340.000000     6.59781e+06 
   18345.000000     6.59166e+06 
   18350.000000     6.58521e+06 
   18352.739068     6.59042e+06 
   18360.000000     6.58021e+06 
   18365.000000     6.57319e+06 
   18370.000000     6.56617e+06 
   18375.000000     6.55916e+06 
   18380.000000     6.55217e+06 
   18385.000000     6.54518e+06 
   18390.000000      6.5382e+06 
   18395.000000     6.53124e+06 
   18400.000000     6.52428e+06 
   18405.000000     6.51733e+06 
   18407.787687     6.51346e+06 
   18415.000000     6.49877e+06 
   18420.000000     6.49169e+06 
   18425.000000     6.48461e+06 
   18430.000000     6.47752e+06 
   18435.000000     6.47043e+06 
   18440.000000     6.46335e+06 
   18445.000000     6.45626e+06 
   18450.000000     6.44917e+06 
   18455.632465     6.44118e+06 
   18460.000000     6.43499e+06 
   18465.000000     6.42788e+06 
   18470.000000     6.42078e+06 
   18475.000000     6.41367e+06 
   18480.000000     6.40653e+06 
   18485.000000      6.3994e+06 
   18490.000000     6.39226e+06 
   18495.000000     6.38511e+06 
   18500.000000     6.37794e+06 
   18505.000000     6.37075e+06 
   18510.000000     6.36355e+06 
   18515.000000     6.35629e+06 
   18520.000000     6.34905e+06 
   18525.000000     6.34177e+06 
   18530.000000     6.33447e+06 
   18535.000000     6.32714e+06 
   18540.000000     6.31978e+06 
   18545.000000     6.31225e+06 
   18550.000000      6.3048e+06 
   18555.000000     6.29729e+06 
   18558.804308     6.29155e+06 
   18559.263222     6.29078e+06 
   18559.722158     6.28956e+06 
   18560.181118     6.28756e+06 
   18560.640100     6.28613e+06 
   18561.099105     6.28618e+06 
   18561.558132     6.28678e+06 
   18562.017183      6.2866e+06 
   18562.476256     6.28597e+06 
   18565.000000     6.28212e+06 
   18570.000000     6.27414e+06 
   18575.000000     6.26638e+06 
   18580.323964     6.25802e+06 
   18585.000000     6.25058e+06 
   18590.000000     6.24256e+06 
   18595.000000     6.23383e+06 
   18600.000000     6.22552e+06 
   18605.000000     6.21706e+06 
   18610.000000     6.20843e+06 
   18615.000000     6.19975e+06 
   18620.000000     6.18986e+06 
   18625.000000     6.18055e+06 
   18630.000000     6.17104e+06 
   18635.000000     6.16142e+06 
   18639.993137      6.1502e+06 
   18640.454058     6.19655e+06 
   18640.915003     6.24815e+06 
   18641.375970     6.31558e+06 
   18641.836960     6.39049e+06 
   18642.297973     6.31436e+06 
   18642.759008     6.24572e+06 
   18643.220067     6.19293e+06 
   18643.681148     6.14246e+06 
   18650.000000     6.12874e+06 
   18655.000000     6.11672e+06 
   18660.000000     6.10445e+06 
   18665.000000     6.09171e+06 
   18667.810701     6.08641e+06 
   18675.000000     6.06313e+06 
   18680.000000     6.05402e+06 
   18685.000000     6.03145e+06 
   18688.606838     6.02255e+06 
   18689.068962     5.99001e+06 
   18689.531108     5.92154e+06 
   18689.993278     5.91607e+06 
   18690.455470     5.92408e+06 
   18690.917685     5.91486e+06 
   18691.379923     5.91881e+06 
   18691.842184     5.98295e+06 
   18692.304468     6.01051e+06 
   18695.000000     5.99552e+06 
   18700.468265     5.98126e+06 
   18700.930682     5.99446e+06 
   18701.393122     6.10752e+06 
   18701.855584     6.41026e+06 
   18702.318070     6.60933e+06 
   18702.780579     6.40735e+06 
   18703.243110     6.09897e+06 
   18703.705664     5.97808e+06 
   18704.168241      5.9586e+06 
   18711.863751     5.92374e+06 
   18715.000000     5.90298e+06 
   18720.000000     5.86877e+06 
   18724.953063     5.84566e+06 
   18725.416085     5.83699e+06 
   18725.879131     5.83068e+06 
   18726.342199     5.82731e+06 
   18726.805290     5.82822e+06 
   18727.268404     5.82942e+06 
   18727.731541     5.82957e+06 
   18728.194701     5.82716e+06 
   18728.657884     5.82047e+06 
   18733.968337     5.77816e+06 
   18740.000000     5.72557e+06 
   18745.040226     5.68496e+06 
   18746.597522     5.67889e+06 
   18747.061079     5.78153e+06 
   18747.524660     5.78778e+06 
   18747.988264     5.82979e+06 
   18748.451890     5.86869e+06 
   18748.915539     5.82611e+06 
   18749.379212     5.79679e+06 
   18749.842907     5.79482e+06 
   18750.306625     5.72217e+06 
   18750.581080     5.73315e+06 
   18753.352735     6.00941e+06 
   18754.738870     6.39667e+06 
   18755.432014     6.69209e+06 
   18755.709287     6.80686e+06 
   18755.847926     6.85124e+06 
   18755.986567     6.88018e+06 
   18756.125210     6.88987e+06 
   18756.263855     6.87978e+06 
   18756.402503     6.85043e+06 
   18756.541152     6.80566e+06 
   18756.818457     6.69012e+06 
   18757.511755     6.39289e+06 
   18758.898505     6.00231e+06 
   18760.668720     5.77637e+06 
   18761.132625     5.75898e+06 
   18761.596554     5.74236e+06 
   18761.672620     5.73637e+06 
   18762.060506     5.73073e+06 
   18762.524480     5.72949e+06 
   18762.988477     5.70904e+06 
   18763.452498     5.69109e+06 
   18763.916541     5.68403e+06 
   18764.380607     5.66443e+06 
   18767.223312      5.6586e+06 
   18770.000000     5.67245e+06 
   18775.000000     5.70703e+06 
   18778.334555     5.72519e+06 
   18785.000000      5.7552e+06 
   18790.000000     5.77831e+06 
   18795.000000     5.79808e+06 
   18800.596559     5.81607e+06 
   18805.000000     5.82827e+06 
   18810.000000     5.83469e+06 
   18815.000000     5.84304e+06 
   18820.000000     5.85179e+06 
   18825.000000     5.85406e+06 
   18830.000000     5.85925e+06 
   18835.000000     5.86248e+06 
   18840.000000     5.86297e+06 
   18845.279295     5.86652e+06 
   18850.000000     5.86455e+06 
   18855.000000     5.86445e+06 
   18860.000000     5.86434e+06 
   18865.000000     5.86243e+06 
   18870.000000     5.86041e+06 
   18875.000000       5.858e+06 
   18880.000000     5.85617e+06 
   18885.000000     5.85292e+06 
   18890.000000     5.84954e+06 
   18895.000000     5.84595e+06 
   18900.000000     5.84287e+06 
   18905.000000     5.83872e+06 
   18910.000000     5.83451e+06 
   18915.000000     5.83015e+06 
   18920.000000     5.82563e+06 
   18925.000000     5.82147e+06 
   18930.000000      5.8167e+06 
   18935.284987     5.81158e+06 
   18940.000000     5.80693e+06 
   18945.000000     5.80191e+06 
   18950.000000     5.79706e+06 
   18955.000000     5.79191e+06 
   18960.000000     5.78671e+06 
   18965.000000     5.78145e+06 
   18970.000000     5.77614e+06 
   18975.000000      5.7708e+06 
   18980.000000     5.76551e+06 
   18985.000000     5.76009e+06 
   18990.000000     5.75465e+06 
   18995.000000     5.74918e+06 
   19000.000000     5.74369e+06 
   19005.000000     5.73818e+06 
   19010.000000     5.73266e+06 
   19015.000000     5.72712e+06 
   19020.000000     5.72155e+06 
   19025.000000     5.71597e+06 
   19030.000000     5.71038e+06 
   19035.000000     5.70478e+06 
   19040.000000     5.69916e+06 
   19045.000000     5.69355e+06 
   19050.000000     5.68793e+06 
   19055.000000     5.68229e+06 
   19060.000000     5.67666e+06 
   19065.000000     5.67101e+06 
   19070.000000     5.66537e+06 
   19075.000000     5.65972e+06 
   19080.000000     5.65407e+06 
   19085.000000     5.64842e+06 
   19090.000000     5.64277e+06 
   19092.681988     5.63974e+06 
   19093.154103      5.6391e+06 
   19093.626242      5.6646e+06 
   19094.098404     5.81308e+06 
   19094.570590     5.93104e+06 
   19095.042799     5.81197e+06 
   19095.515031     5.66244e+06 
   19095.987287     5.63589e+06 
   19096.459566     5.63547e+06 
   19100.000000     5.63147e+06 
   19105.000000     5.62582e+06 
   19110.000000     5.62017e+06 
   19115.000000     5.61452e+06 
   19117.900465     5.61453e+06 
   19125.000000     5.60636e+06 
   19130.000000     5.60061e+06 
   19135.000000     5.59487e+06 
   19140.000000     5.58913e+06 
   19145.000000      5.5834e+06 
   19150.000000     5.57768e+06 
   19155.000000     5.57197e+06 
   19160.000000     5.56627e+06 
   19165.000000     5.56057e+06 
   19170.000000     5.55488e+06 
   19175.000000      5.5492e+06 
   19180.000000     5.54352e+06 
   19185.000000     5.53786e+06 
   19190.000000     5.53219e+06 
   19195.000000     5.52654e+06 
   19200.000000     5.52089e+06 
   19205.000000     5.51525e+06 
   19210.000000     5.50962e+06 
   19215.000000     5.50399e+06 
   19220.000000     5.49838e+06 
   19225.000000     5.49277e+06 
   19230.000000     5.48717e+06 
   19235.000000     5.48157e+06 
   19240.000000     5.47598e+06 
   19245.000000      5.4704e+06 
   19250.000000     5.46482e+06 
   19255.000000     5.45925e+06 
   19260.000000     5.45369e+06 
   19265.000000     5.44814e+06 
   19268.563139     5.44419e+06 
   19275.000000     5.42848e+06 
   19280.000000     5.42186e+06 
   19285.000000     5.41543e+06 
   19290.000000     5.40971e+06 
   19295.000000     5.40364e+06 
   19300.000000     5.39737e+06 
   19305.000000     5.39056e+06 
   19310.000000     5.38387e+06 
   19315.000000     5.37779e+06 
   19320.000000     5.37128e+06 
   19325.000000     5.36451e+06 
   19330.000000      5.3572e+06 
   19335.000000     5.35062e+06 
   19340.000000     5.34366e+06 
   19345.000000     5.33637e+06 
   19350.000000     5.32879e+06 
   19355.000000      5.3216e+06 
   19359.290498     5.31506e+06 
   19365.000000     5.30588e+06 
   19370.000000      5.2981e+06 
   19375.000000     5.28994e+06 
   19380.000000     5.28144e+06 
   19385.000000     5.27297e+06 
   19390.000000     5.26421e+06 
   19395.000000      5.2553e+06 
   19400.000000     5.24625e+06 
   19404.975330     5.23715e+06 
   19410.000000     5.22796e+06 
   19415.000000     5.21879e+06 
   19420.000000     5.20992e+06 
   19425.000000     5.20156e+06 
   19427.898698     5.19696e+06 
   19437.089170     5.18568e+06 
   19437.569802      5.1832e+06 
   19438.050457     5.18329e+06 
   19438.531137     5.18359e+06 
   19439.011840     5.18373e+06 
   19439.380704     5.18328e+06 
   19439.492567     5.18305e+06 
   19439.973318     5.18208e+06 
   19440.454092     5.18137e+06 
   19440.934891     5.18307e+06 
   19445.126798     5.18149e+06 
   19448.001119     5.16613e+06 
   19449.438598     5.14054e+06 
   19450.157418      5.1457e+06 
   19450.444960     5.14877e+06 
   19450.588735      5.1498e+06 
   19450.732511     5.15044e+06 
   19450.876290      5.1507e+06 
   19451.020071     5.15014e+06 
   19451.163854     5.14921e+06 
   19451.307639     5.14789e+06 
   19451.595216     5.14423e+06 
   19452.314194     5.13758e+06 
   19453.752311      5.1602e+06 
   19456.629183     5.16959e+06 
   19462.385480     5.16019e+06 
   19465.000000     5.15682e+06 
   19470.000000     5.15199e+06 
   19473.908298      5.1494e+06 
   19480.000000     5.14658e+06 
   19485.000000     5.14491e+06 
   19490.000000     5.14351e+06 
   19496.994915     5.14163e+06 
   19500.000000     5.14083e+06 
   19505.000000     5.13937e+06 
   19510.000000     5.13774e+06 
   19515.000000     5.13602e+06 
   19520.000000     5.13401e+06 
   19525.000000     5.13181e+06 
   19530.000000     5.12952e+06 
   19535.000000     5.12688e+06 
   19540.000000     5.12412e+06 
   19543.332758     5.12234e+06 
   19546.494438     5.12041e+06 
   19546.977775     5.11839e+06 
   19547.461136     5.10664e+06 
   19547.944521     5.08007e+06 
   19548.427930     5.06496e+06 
   19548.911363     5.07929e+06 
   19549.394820     5.10528e+06 
   19549.878300     5.11649e+06 
   19550.361805     5.11791e+06 
   19555.000000     5.11469e+06 
   19560.000000     5.11164e+06 
   19565.000000     5.10809e+06 
   19570.000000      5.1042e+06 
   19575.000000     5.10029e+06 
   19580.000000     5.09682e+06 
   19585.000000     5.09281e+06 
   19590.000000     5.08858e+06 
   19595.000000     5.08405e+06 
   19600.000000     5.08018e+06 
   19605.000000     5.07615e+06 
   19610.000000     5.07174e+06 
   19615.000000     5.06712e+06 
   19620.000000     5.06226e+06 
   19625.000000     5.05801e+06 
   19630.000000      5.0539e+06 
   19636.672376      5.0544e+06 
   19640.000000     5.05104e+06 
   19645.000000     5.04599e+06 
   19650.000000     5.04096e+06 
   19655.000000     5.03592e+06 
   19660.000000      5.0309e+06 
   19665.000000     5.02588e+06 
   19670.000000     5.02086e+06 
   19675.000000     5.01585e+06 
   19680.000000     5.01085e+06 
   19685.000000     5.00586e+06 
   19690.000000     5.00087e+06 
   19695.000000     4.99589e+06 
   19700.000000     4.99091e+06 
   19705.000000     4.98594e+06 
   19709.573952      4.9814e+06 
   19715.000000     4.97602e+06 
   19720.000000     4.97106e+06 
   19725.000000     4.96612e+06 
   19730.000000     4.96118e+06 
   19735.000000     4.95625e+06 
   19740.000000     4.95132e+06 
   19745.000000      4.9464e+06 
   19750.000000     4.94148e+06 
   19755.000000     4.93657e+06 
   19760.000000     4.93167e+06 
   19765.000000     4.92678e+06 
   19770.000000     4.92188e+06 
   19775.000000       4.917e+06 
   19780.000000     4.91212e+06 
   19785.000000     4.90725e+06 
   19790.000000     4.90238e+06 
   19795.000000     4.89753e+06 
   19800.000000     4.89267e+06 
   19805.000000     4.88782e+06 
   19810.000000     4.88298e+06 
   19815.000000     4.87814e+06 
   19820.000000     4.87331e+06 
   19825.000000     4.86849e+06 
   19830.000000     4.86367e+06 
   19835.000000     4.85885e+06 
   19840.000000     4.85405e+06 
   19845.000000     4.84925e+06 
   19850.000000     4.84446e+06 
   19855.000000     4.83967e+06 
   19860.000000     4.83489e+06 
   19865.000000     4.83011e+06 
   19870.000000     4.82534e+06 
   19875.000000     4.82057e+06 
   19880.000000     4.81581e+06 
   19885.000000     4.81106e+06 
   19890.000000     4.80631e+06 
   19895.000000     4.80157e+06 
   19900.000000     4.79683e+06 
   19905.000000     4.79211e+06 
   19910.000000     4.78739e+06 
   19915.000000     4.78266e+06 
   19920.000000     4.77795e+06 
   19925.000000     4.77325e+06 
   19930.000000     4.76854e+06 
   19935.000000     4.76385e+06 
   19940.000000     4.75916e+06 
   19945.000000     4.75448e+06 
   19950.000000      4.7498e+06 
   19955.000000     4.74513e+06 
   19960.000000     4.74047e+06 
   19965.000000      4.7358e+06 
   19970.000000     4.73115e+06 
   19975.000000      4.7265e+06 
   19980.000000     4.72186e+06 
   19985.000000     4.71722e+06 
   19990.000000     4.71259e+06 
   19995.000000     4.70797e+06 
   20000.000000     4.70334e+06 
   20005.000000     4.69873e+06 
   20010.000000     4.69412e+06 
   20015.000000     4.68952e+06 
   20020.000000     4.68492e+06 
   20025.000000     4.68033e+06 
   20030.000000     4.67574e+06 
   20035.000000     4.67116e+06 
   20040.000000     4.66658e+06 
   20045.000000     4.66202e+06 
   20050.000000     4.65745e+06 
   20055.000000     4.65289e+06 
   20060.000000     4.64834e+06 
   20065.000000      4.6438e+06 
   20070.000000     4.63925e+06 
   20075.000000     4.63472e+06 
   20080.000000     4.63019e+06 
   20085.000000     4.62566e+06 
   20090.000000     4.62114e+06 
   20095.000000     4.61662e+06 
   20100.000000     4.61212e+06 
   20105.000000     4.60762e+06 
   20110.000000     4.60312e+06 
   20115.000000     4.59863e+06 
   20120.000000     4.59414e+06 
   20125.000000     4.58966e+06 
   20130.000000     4.58519e+06 
   20135.000000     4.58071e+06 
   20138.688716     4.57742e+06 
   20146.322847     4.57061e+06 
   20150.000000     4.56734e+06 
   20155.000000     4.56289e+06 
   20160.000000     4.55845e+06 
   20165.000000     4.55401e+06 
   20170.000000     4.54958e+06 
   20175.000000     4.54515e+06 
   20180.000000     4.54073e+06 
   20185.000000     4.53632e+06 
   20190.000000      4.5319e+06 
   20195.000000      4.5275e+06 
   20200.000000      4.5231e+06 
   20205.000000     4.51871e+06 
   20210.000000     4.51431e+06 
   20215.000000     4.50993e+06 
   20220.000000     4.50555e+06 
   20225.000000     4.50118e+06 
   20230.000000     4.49682e+06 
   20235.000000     4.49245e+06 
   20240.000000     4.48809e+06 
   20245.000000     4.48374e+06 
   20250.000000      4.4794e+06 
   20255.000000     4.47505e+06 
   20260.000000     4.47072e+06 
   20265.000000     4.46639e+06 
   20270.000000     4.46206e+06 
   20275.000000     4.45774e+06 
   20280.000000     4.45343e+06 
   20285.000000     4.44912e+06 
   20290.000000     4.44481e+06 
   20295.000000     4.44052e+06 
   20300.000000     4.43622e+06 
   20305.000000     4.43193e+06 
   20310.000000     4.42765e+06 
   20315.000000     4.42337e+06 
   20320.000000      4.4191e+06 
   20325.000000     4.41483e+06 
   20330.000000     4.41057e+06 
   20335.000000     4.40631e+06 
   20340.000000     4.40206e+06 
   20345.000000     4.39781e+06 
   20350.000000     4.39356e+06 
   20355.000000     4.38933e+06 
   20360.330195     4.38482e+06 
   20365.000000     4.38087e+06 
   20370.000000     4.37665e+06 
   20375.000000     4.37243e+06 
   20377.694267     4.37016e+06 
   20378.198158     4.35837e+06 
   20378.702074     4.35825e+06 
   20379.206014      4.3585e+06 
   20379.709980     4.35855e+06 
   20380.213970     4.35766e+06 
   20380.717986     4.35656e+06 
   20381.222026     4.35584e+06 
   20381.726091     4.36676e+06 
   20385.000000     4.36401e+06 
   20390.000000     4.35981e+06 
   20395.000000     4.35561e+06 
   20400.000000     4.35142e+06 
   20405.000000     4.34724e+06 
   20410.000000     4.34305e+06 
   20415.000000     4.33888e+06 
   20420.000000      4.3347e+06 
   20425.000000     4.33054e+06 
   20430.000000     4.32638e+06 
   20435.000000     4.32222e+06 
   20440.000000     4.31807e+06 
   20445.000000     4.31392e+06 
   20450.000000     4.30978e+06 
   20455.000000     4.30564e+06 
   20460.000000     4.30152e+06 
   20465.000000     4.29739e+06 
   20470.000000     4.29327e+06 
   20475.000000     4.28915e+06 
   20480.000000     4.28504e+06 
   20485.000000     4.28093e+06 
   20489.619002     4.27714e+06 
   20495.000000     4.27273e+06 
   20500.000000     4.26864e+06 
   20505.000000     4.26455e+06 
   20510.000000     4.26047e+06 
   20515.000000      4.2564e+06 
   20520.000000     4.25232e+06 
   20525.000000     4.24825e+06 
   20530.000000     4.24419e+06 
   20535.000000     4.24014e+06 
   20538.146610     4.23758e+06 
   20545.000000     4.23204e+06 
   20550.000000     4.22799e+06 
   20555.000000     4.22395e+06 
   20562.496716     4.21791e+06 
   20565.000000     4.21589e+06 
   20570.000000     4.21187e+06 
   20574.693434      4.2081e+06 
   20580.797221      4.2032e+06 
   20583.850472     4.20077e+06 
   20585.377438     4.19389e+06 
   20586.141006     4.10283e+06 
   20586.522811     4.00583e+06 
   20586.675537     3.97575e+06 
   20586.751901     3.96549e+06 
   20586.828265     3.95912e+06 
   20586.904630     3.95692e+06 
   20586.980996     3.95901e+06 
   20587.057362     3.96527e+06 
   20587.133728      3.9754e+06 
   20587.286463     4.00525e+06 
   20587.668311     4.10164e+06 
   20588.432049     4.19145e+06 
   20589.959694     4.19587e+06 
   20593.015665     4.19341e+06 
   20599.130329     4.18852e+06 
   20605.000000     4.18383e+06 
   20611.370557     4.17876e+06 
   20615.000000     4.17587e+06 
   20620.000000     4.17189e+06 
   20625.000000     4.16792e+06 
   20630.000000     4.16395e+06 
   20635.894706     4.15928e+06 
   20640.000000     4.15603e+06 
   20645.000000     4.15208e+06 
   20650.000000     4.14814e+06 
   20655.000000     4.14419e+06 
   20660.000000     4.14025e+06 
   20665.000000     4.13632e+06 
   20670.000000     4.13239e+06 
   20675.000000     4.12847e+06 
   20680.000000     4.12454e+06 
   20685.118498     4.12054e+06 
   20690.000000     4.11672e+06 
   20695.000000     4.11282e+06 
   20700.000000     4.10891e+06 
   20705.000000     4.10502e+06 
   20710.000000     4.10113e+06 
   20715.000000     4.09724e+06 
   20720.000000     4.09336e+06 
   20725.000000     4.08948e+06 
   20730.000000      4.0856e+06 
   20735.000000     4.08174e+06 
   20740.000000     4.07787e+06 
   20745.000000     4.07401e+06 
   20750.000000     4.07016e+06 
   20755.000000      4.0663e+06 
   20760.000000     4.06246e+06 
   20765.000000     4.05862e+06 
   20770.000000     4.05478e+06 
   20775.000000     4.05095e+06 
   20780.000000     4.04712e+06 
   20785.000000      4.0433e+06 
   20790.000000     4.03948e+06 
   20795.000000     4.03566e+06 
   20800.000000     4.03186e+06 
   20805.000000     4.02805e+06 
   20810.000000     4.02425e+06 
   20815.000000     4.02045e+06 
   20818.578558     4.01774e+06 
   20825.000000     4.01288e+06 
   20830.000000     4.00909e+06 
   20835.000000     4.00531e+06 
   20840.000000     4.00154e+06 
   20845.000000     3.99777e+06 
   20850.000000       3.994e+06 
   20855.000000     3.99025e+06 
   20860.000000     3.98649e+06 
   20865.000000     3.98274e+06 
   20870.000000     3.97899e+06 
   20875.000000     3.97525e+06 
   20880.000000     3.97151e+06 
   20885.000000     3.96777e+06 
   20890.000000     3.96405e+06 
   20895.000000     3.96032e+06 
   20900.000000      3.9566e+06 
   20905.000000     3.95288e+06 
   20910.000000     3.94917e+06 
   20915.000000     3.94546e+06 
   20920.000000     3.94176e+06 
   20925.000000     3.93806e+06 
   20930.000000     3.93437e+06 
   20935.000000     3.93068e+06 
   20940.000000     3.92699e+06 
   20945.000000     3.92331e+06 
   20950.000000     3.91963e+06 
   20955.000000     3.91596e+06 
   20960.000000     3.91229e+06 
   20965.000000     3.90863e+06 
   20970.000000     3.90497e+06 
   20975.000000     3.90131e+06 
   20980.000000     3.89766e+06 
   20985.000000     3.89401e+06 
   20990.000000     3.89037e+06 
   20995.000000     3.88673e+06 
   21000.000000     3.88309e+06 
   21005.000000     3.87946e+06 
   21010.000000     3.87584e+06 
   21015.000000     3.87222e+06 
   21020.000000      3.8686e+06 
   21025.000000     3.86499e+06 
   21030.000000     3.86138e+06 
   21035.000000     3.85777e+06 
   21040.000000     3.85417e+06 
   21045.000000     3.85057e+06 
   21050.000000     3.84698e+06 
   21055.526099     3.84302e+06 
   21060.000000     3.83981e+06 
   21065.000000     3.83623e+06 
   21070.000000     3.83266e+06 
   21075.000000     3.82908e+06 
   21080.000000     3.82552e+06 
   21085.000000     3.82195e+06 
   21090.000000      3.8184e+06 
   21095.000000     3.81484e+06 
   21100.000000     3.81129e+06 
   21105.000000     3.80775e+06 
   21110.000000      3.8042e+06 
   21115.000000     3.80066e+06 
   21120.000000     3.79713e+06 
   21123.875837     3.79439e+06 
   21124.398179     3.78757e+06 
   21124.920547     3.75284e+06 
   21125.442940     3.70224e+06 
   21125.965360     3.68243e+06 
   21126.487805     3.70153e+06 
   21127.010277     3.75139e+06 
   21127.532774     3.78537e+06 
   21128.055296     3.79144e+06 
   21135.708796     3.78605e+06 
   21136.231431     3.78594e+06 
   21136.754092     3.78755e+06 
   21137.276778     3.79619e+06 
   21137.799490      3.8046e+06 
   21138.322228     3.79546e+06 
   21138.844992     3.78608e+06 
   21139.367782     3.78373e+06 
   21139.890597     3.78311e+06 
   21145.000000     3.77952e+06 
   21150.000000     3.77601e+06 
   21155.000000     3.77251e+06 
   21160.000000       3.769e+06 
   21165.000000     3.76551e+06 
   21170.000000     3.76202e+06 
   21175.000000     3.75853e+06 
   21180.000000     3.75504e+06 
   21185.000000     3.75156e+06 
   21190.000000     3.74808e+06 
   21195.000000     3.74461e+06 
   21200.000000     3.74114e+06 
   21205.000000     3.73768e+06 
   21210.000000     3.73422e+06 
   21215.000000     3.73076e+06 
   21220.000000      3.7273e+06 
   21225.000000     3.72386e+06 
   21230.000000     3.72041e+06 
   21235.000000     3.71697e+06 
   21240.000000     3.71354e+06 
   21245.000000      3.7101e+06 
   21250.000000     3.70667e+06 
   21255.000000     3.70325e+06 
   21260.000000     3.69983e+06 
   21265.000000     3.69641e+06 
   21270.000000       3.693e+06 
   21275.000000     3.68959e+06 
   21280.000000     3.68618e+06 
   21285.000000     3.68278e+06 
   21290.000000     3.67939e+06 
   21295.000000     3.67599e+06 
   21300.000000      3.6726e+06 
   21305.000000     3.66922e+06 
   21310.000000     3.66583e+06 
   21315.000000     3.66246e+06 
   21320.000000     3.65908e+06 
   21325.000000     3.65571e+06 
   21330.000000     3.65235e+06 
   21335.000000     3.64898e+06 
   21340.000000     3.64563e+06 
   21345.000000     3.64227e+06 
   21350.000000     3.63892e+06 
   21355.000000     3.63557e+06 
   21360.000000     3.63223e+06 
   21365.000000     3.62889e+06 
   21370.000000     3.62556e+06 
   21375.000000     3.62223e+06 
   21380.000000      3.6189e+06 
   21385.000000     3.61558e+06 
   21390.000000     3.61226e+06 
   21395.000000     3.60894e+06 
   21400.000000     3.60563e+06 
   21405.000000     3.60232e+06 
   21410.000000     3.59901e+06 
   21415.000000     3.59572e+06 
   21420.000000     3.59242e+06 
   21425.000000     3.58912e+06 
   21430.000000     3.58584e+06 
   21435.000000     3.58255e+06 
   21440.000000     3.57927e+06 
   21445.000000     3.57599e+06 
   21450.000000     3.57271e+06 
   21455.000000     3.56944e+06 
   21458.164165     3.56738e+06 
   21465.000000     3.55707e+06 
   21470.000000     3.55326e+06 
   21475.000000     3.55014e+06 
   21480.000000     3.54678e+06 
   21485.000000     3.54321e+06 
   21490.000000     3.53933e+06 
   21495.000000     3.53493e+06 
   21500.000000     3.53137e+06 
   21505.000000       3.528e+06 
   21510.000000     3.52425e+06 
   21515.000000     3.52025e+06 
   21518.501443      3.5169e+06 
   21525.000000     3.51188e+06 
   21530.000000     3.50809e+06 
   21535.000000     3.50396e+06 
   21540.000000     3.49913e+06 
   21545.979061     3.49412e+06 
   21550.000000     3.49074e+06 
   21555.000000     3.48619e+06 
   21559.201411     3.48179e+06 
   21565.000000     3.47652e+06 
   21570.000000     3.47166e+06 
   21575.000000     3.46625e+06 
   21580.000000     3.46117e+06 
   21585.000000     3.45584e+06 
   21590.000000     3.45008e+06 
   21595.000000     3.44451e+06 
   21600.000000     3.43866e+06 
   21605.000000     3.43262e+06 
   21610.077682     3.42643e+06 
   21615.000000     3.42038e+06 
   21620.000000     3.41423e+06 
   21625.000000     3.40824e+06 
   21630.000000     3.40263e+06 
   21635.605968     3.39705e+06 
   21640.000000     3.39363e+06 
   21645.000000     3.39117e+06 
   21648.392743     3.39108e+06 
   21651.184287     3.39223e+06 
   21651.719668     3.39434e+06 
   21652.255075     3.39567e+06 
   21652.790509     3.39747e+06 
   21653.325970     3.39892e+06 
   21653.861457     3.39865e+06 
   21654.396970     3.39793e+06 
   21654.791799     3.39775e+06 
   21654.932510     3.39781e+06 
   21655.468077      3.3969e+06 
   21657.992746     3.40093e+06 
   21659.593575     3.39855e+06 
   21660.394078     3.41606e+06 
   21660.714296     3.42259e+06 
   21660.874408     3.42479e+06 
   21661.034523     3.42614e+06 
   21661.194640     3.42666e+06 
   21661.354760     3.42594e+06 
   21661.514881      3.4244e+06 
   21661.675006     3.42199e+06 
   21661.995261     3.41508e+06 
   21662.795942     3.39659e+06 
   21664.397480     3.39702e+06 
   21667.601268     3.38806e+06 
   21674.011687     3.37549e+06 
   21680.000000     3.36926e+06 
   21686.843911     3.36593e+06 
   21690.000000     3.36501e+06 
   21695.000000      3.3643e+06 
   21700.000000      3.3641e+06 
   21705.000000     3.36394e+06 
   21710.000000     3.36396e+06 
   21712.553998     3.36389e+06 
   21720.000000     3.36366e+06 
   21725.000000     3.36343e+06 
   21730.000000     3.36292e+06 
   21735.000000     3.36234e+06 
   21740.000000     3.36162e+06 
   21745.000000     3.36049e+06 
   21750.000000      3.3596e+06 
   21755.000000     3.35841e+06 
   21760.000000     3.35682e+06 
   21764.157484     3.35543e+06 
   21770.000000     3.35399e+06 
   21775.000000     3.35218e+06 
   21780.000000     3.34985e+06 
   21785.000000     3.34811e+06 
   21790.000000     3.34645e+06 
   21795.000000     3.34427e+06 
   21800.000000     3.34167e+06 
   21805.000000     3.33923e+06 
   21810.000000     3.33753e+06 
   21815.000000     3.33518e+06 
   21820.000000     3.33264e+06 
   21825.000000     3.32975e+06 
   21830.000000     3.32708e+06 
   21835.000000      3.3251e+06 
   21840.000000     3.32269e+06 
   21845.000000     3.31999e+06 
   21850.000000     3.31715e+06 
   21855.000000     3.31408e+06 
   21860.000000     3.31145e+06 
   21865.000000     3.30924e+06 
   21868.103836      3.3117e+06 
   21875.000000      3.3076e+06 
   21880.000000     3.30463e+06 
   21885.000000     3.30166e+06 
   21888.958577     3.29932e+06 
   21889.499837     3.27619e+06 
   21890.041125     3.27188e+06 
   21890.582439     3.27691e+06 
   21891.123780     3.28155e+06 
   21891.665148     3.27628e+06 
   21892.206542     3.27062e+06 
   21892.747964      3.2743e+06 
   21893.289412     3.29676e+06 
   21900.000000     3.29278e+06 
   21905.000000     3.28983e+06 
   21910.000000     3.28688e+06 
   21915.000000     3.28394e+06 
   21920.000000     3.28099e+06 
   21925.000000     3.27805e+06 
   21930.000000     3.27512e+06 
   21935.000000     3.27218e+06 
   21940.000000     3.26925e+06 
   21945.000000     3.26633e+06 
   21950.000000      3.2634e+06 
   21955.000000     3.26048e+06 
   21960.000000     3.25757e+06 
   21965.000000     3.25465e+06 
   21970.000000     3.25174e+06 
   21975.000000     3.24884e+06 
   21980.000000     3.24593e+06 
   21985.000000     3.24303e+06 
   21990.000000     3.24013e+06 
   21995.000000     3.23724e+06 
   22000.000000     3.23435e+06 
   22005.000000     3.23146e+06 
   22010.000000     3.22858e+06 
   22015.000000      3.2257e+06 
   22020.000000     3.22282e+06 
   22025.000000     3.21994e+06 
   22030.000000     3.21707e+06 
   22035.000000     3.21421e+06 
   22040.000000     3.21134e+06 
   22045.000000     3.20848e+06 
   22050.000000     3.20562e+06 
   22055.000000     3.20276e+06 
   22060.000000     3.19991e+06 
   22065.000000     3.19706e+06 
   22070.000000     3.19422e+06 
   22075.000000     3.19137e+06 
   22080.000000     3.18854e+06 
   22085.000000      3.1857e+06 
   22090.000000     3.18287e+06 
   22095.000000     3.18004e+06 
   22100.000000     3.17721e+06 
   22105.000000     3.17438e+06 
   22110.000000     3.17156e+06 
   22115.000000     3.16875e+06 
   22120.000000     3.16593e+06 
   22125.000000     3.16312e+06 
   22130.000000     3.16031e+06 
   22135.000000     3.15751e+06 
   22140.000000     3.15471e+06 
   22145.000000     3.15191e+06 
   22150.000000     3.14911e+06 
   22155.000000     3.14632e+06 
   22160.000000     3.14353e+06 
   22165.000000     3.14074e+06 
   22170.000000     3.13796e+06 
   22173.146233     3.13621e+06 
   22180.000000      3.1324e+06 
   22185.000000     3.12963e+06 
   22190.000000     3.12686e+06 
   22195.000000     3.12409e+06 
   22200.000000     3.12133e+06 
   22205.000000     3.11856e+06 
   22210.000000     3.11581e+06 
   22215.000000     3.11305e+06 
   22220.000000      3.1103e+06 
   22225.000000     3.10755e+06 
   22230.000000      3.1048e+06 
   22235.000000     3.10206e+06 
   22240.000000     3.09932e+06 
   22245.000000     3.09658e+06 
   22250.000000     3.09385e+06 
   22255.000000     3.09112e+06 
   22260.000000     3.08839e+06 
   22265.000000     3.08566e+06 
   22270.000000     3.08294e+06 
   22275.000000     3.08022e+06 
   22280.000000      3.0775e+06 
   22285.000000     3.07479e+06 
   22290.000000     3.07208e+06 
   22295.000000     3.06937e+06 
   22300.000000     3.06667e+06 
   22305.000000     3.06397e+06 
   22310.000000     3.06127e+06 
   22315.000000     3.05857e+06 
   22320.000000     3.05588e+06 
   22325.000000     3.05319e+06 
   22330.000000     3.05051e+06 
   22335.000000     3.04782e+06 
   22340.000000     3.04514e+06 
   22345.000000     3.04247e+06 
   22350.000000     3.03979e+06 
   22355.000000     3.03712e+06 
   22360.000000     3.03445e+06 
   22365.000000     3.03179e+06 
   22370.000000     3.02912e+06 
   22375.000000     3.02646e+06 
   22380.000000      3.0238e+06 
   22385.000000     3.02115e+06 
   22390.000000      3.0185e+06 
   22395.000000     3.01585e+06 
   22400.000000      3.0132e+06 
   22405.000000     3.01056e+06 
   22410.000000     3.00792e+06 
   22415.000000     3.00529e+06 
   22420.000000     3.00265e+06 
   22425.000000     3.00002e+06 
   22430.000000     2.99739e+06 
   22435.000000     2.99477e+06 
   22440.000000     2.99215e+06 
   22445.000000     2.98953e+06 
   22450.000000     2.98691e+06 
   22455.000000      2.9843e+06 
   22460.000000     2.98169e+06 
   22465.000000     2.97908e+06 
   22470.000000     2.97647e+06 
   22475.000000     2.97387e+06 
   22480.000000     2.97127e+06 
   22485.000000     2.96867e+06 
   22490.000000     2.96608e+06 
   22495.000000     2.96349e+06 
   22500.000000      2.9609e+06 
   22505.000000     2.95832e+06 
   22510.000000     2.95574e+06 
   22515.000000     2.95316e+06 
   22520.000000     2.95058e+06 
   22525.000000     2.94801e+06 
   22530.000000     2.94543e+06 
   22535.000000     2.94287e+06 
   22540.000000      2.9403e+06 
   22545.000000     2.93774e+06 
   22550.000000     2.93518e+06 
   22555.000000     2.93262e+06 
   22560.000000     2.93007e+06 
   22565.000000     2.92752e+06 
   22570.000000     2.92497e+06 
   22575.000000     2.92242e+06 
   22580.000000     2.91988e+06 
   22585.000000     2.91734e+06 
   22590.000000      2.9148e+06 
   22595.000000     2.91226e+06 
   22600.000000     2.90973e+06 
   22605.000000      2.9072e+06 
   22610.000000     2.90468e+06 
   22615.000000     2.90215e+06 
   22620.000000     2.89963e+06 
   22625.000000     2.89711e+06 
   22630.000000      2.8946e+06 
   22635.000000     2.89209e+06 
   22640.000000     2.88958e+06 
   22645.000000     2.88707e+06 
   22650.000000     2.88456e+06 
   22655.000000     2.88206e+06 
   22660.000000     2.87956e+06 
   22665.000000     2.87707e+06 
   22670.000000     2.87457e+06 
   22675.000000     2.87208e+06 
   22680.000000     2.86959e+06 
   22685.000000     2.86711e+06 
   22690.000000     2.86462e+06 
   22695.000000     2.86214e+06 
   22700.000000     2.85967e+06 
   22705.000000     2.85719e+06 
   22710.000000     2.85472e+06 
   22715.000000     2.85225e+06 
   22720.000000     2.84978e+06 
   22725.000000     2.84732e+06 
   22730.000000     2.84486e+06 
   22735.000000      2.8424e+06 
   22740.000000     2.83994e+06 
   22745.000000     2.83749e+06 
   22750.000000     2.83504e+06 
   22755.000000     2.83259e+06 
   22760.783032     2.82976e+06 
   22766.671618     2.82688e+06 
   22770.000000     2.82526e+06 
   22775.000000     2.82282e+06 
   22781.357196     2.81973e+06 
   22781.381886     2.81972e+06 
   22781.406575     2.81971e+06 
   22782.669272      2.8191e+06 
   22783.932109     2.81848e+06 
   22783.943748     2.81849e+06 
   22783.955387     2.81848e+06 
   22784.349574     2.81829e+06 
   22784.743773      2.8181e+06 
   22790.000000     2.81555e+06 
   22794.032963     2.81359e+06 
   22800.000000      2.8107e+06 
   22805.000000     2.80828e+06 
   22810.000000     2.80586e+06 
   22815.000000     2.80344e+06 
   22820.000000     2.80103e+06 
   22825.000000     2.79862e+06 
   22830.000000     2.79621e+06 
   22835.000000     2.79381e+06 
   22840.000000     2.79141e+06 
   22845.000000     2.78901e+06 
   22850.000000     2.78661e+06 
   22855.000000     2.78421e+06 
   22860.000000     2.78182e+06 
   22865.000000     2.77943e+06 
   22870.000000     2.77705e+06 
   22875.000000     2.77466e+06 
   22880.000000     2.77228e+06 
   22885.000000      2.7699e+06 
   22890.000000     2.76752e+06 
   22892.655796     2.76626e+06 
   22900.000000     2.76278e+06 
   22905.000000     2.76041e+06 
   22910.000000     2.75804e+06 
   22915.000000     2.75568e+06 
   22920.000000     2.75332e+06 
   22925.000000     2.75096e+06 
   22930.000000      2.7486e+06 
   22935.000000     2.74625e+06 
   22940.000000      2.7439e+06 
   22945.000000     2.74155e+06 
   22950.000000      2.7392e+06 
   22955.000000     2.73686e+06 
   22960.000000     2.73452e+06 
   22965.000000     2.73218e+06 
   22970.000000     2.72985e+06 
   22975.000000     2.72751e+06 
   22980.000000     2.72518e+06 
   22985.000000     2.72285e+06 
   22990.000000     2.72052e+06 
   22995.000000      2.7182e+06 
   23000.000000     2.71588e+06 
   23005.000000     2.71356e+06 
   23010.000000     2.71125e+06 
   23015.000000     2.70893e+06 
   23020.000000     2.70662e+06 
   23025.000000     2.70431e+06 
   23030.000000       2.702e+06 
   23035.000000      2.6997e+06 
   23040.000000      2.6974e+06 
   23045.000000      2.6951e+06 
   23050.000000     2.69281e+06 
   23055.000000     2.69051e+06 
   23060.000000     2.68822e+06 
   23065.000000     2.68593e+06 
   23070.000000     2.68364e+06 
   23075.000000     2.68136e+06 
   23080.000000     2.67908e+06 
   23085.000000      2.6768e+06 
   23090.000000     2.67452e+06 
   23095.000000     2.67224e+06 
   23100.000000     2.66997e+06 
   23105.000000      2.6677e+06 
   23110.000000     2.66544e+06 
   23115.000000     2.66317e+06 
   23120.000000     2.66091e+06 
   23125.000000     2.65865e+06 
   23130.000000     2.65639e+06 
   23135.998113     2.65369e+06 
   23136.570210     2.65285e+06 
   23137.142335     2.65265e+06 
   23137.714488     2.65246e+06 
   23138.286670     2.65224e+06 
   23138.858880     2.65195e+06 
   23139.431118     2.65163e+06 
   23140.003385      2.6513e+06 
   23140.575680     2.65162e+06 
   23145.000000     2.64963e+06 
   23150.000000     2.64738e+06 
   23155.000000     2.64514e+06 
   23160.000000     2.64289e+06 
   23165.000000     2.64065e+06 
   23170.000000     2.63842e+06 
   23175.000000     2.63618e+06 
   23180.000000     2.63395e+06 
   23185.000000     2.63171e+06 
   23190.000000     2.62949e+06 
   23195.000000     2.62726e+06 
   23200.000000     2.62503e+06 
   23205.000000     2.62281e+06 
   23210.000000     2.62059e+06 
   23215.000000     2.61838e+06 
   23220.000000     2.61616e+06 
   23225.000000     2.61395e+06 
   23230.000000     2.61174e+06 
   23235.000000     2.60953e+06 
   23240.000000     2.60732e+06 
   23245.000000     2.60512e+06 
   23250.000000     2.60292e+06 
   23255.000000     2.60072e+06 
   23260.000000     2.59852e+06 
   23265.000000     2.59633e+06 
   23270.000000     2.59414e+06 
   23275.000000     2.59195e+06 
   23280.000000     2.58976e+06 
   23285.000000     2.58758e+06 
   23290.000000     2.58539e+06 
   23295.000000     2.58322e+06 
   23300.000000     2.58104e+06 
   23305.000000     2.57886e+06 
   23310.000000     2.57669e+06 
   23315.000000     2.57452e+06 
   23320.000000     2.57235e+06 
   23325.000000     2.57018e+06 
   23330.000000     2.56802e+06 
   23335.000000     2.56586e+06 
   23340.000000      2.5637e+06 
   23345.000000     2.56154e+06 
   23350.000000     2.55938e+06 
   23355.000000     2.55723e+06 
   23360.000000     2.55508e+06 
   23365.000000     2.55293e+06 
   23370.000000     2.55079e+06 
   23375.000000     2.54864e+06 
   23380.000000      2.5465e+06 
   23385.000000     2.54436e+06 
   23390.000000     2.54223e+06 
   23395.000000     2.54009e+06 
   23400.000000     2.53796e+06 
   23405.000000     2.53583e+06 
   23410.000000      2.5337e+06 
   23415.000000     2.53157e+06 
   23420.000000     2.52945e+06 
   23425.000000     2.52733e+06 
   23430.000000     2.52521e+06 
   23435.000000     2.52309e+06 
   23440.000000     2.52098e+06 
   23445.000000     2.51887e+06 
   23450.000000     2.51676e+06 
   23455.000000     2.51465e+06 
   23460.000000     2.51254e+06 
   23465.000000     2.51044e+06 
   23469.205753     2.50867e+06 
   23469.786089     2.49989e+06 
   23470.366454     2.50007e+06 
   23470.946848     2.50116e+06 
   23471.527270     2.50185e+06 
   23472.107721     2.50067e+06 
   23472.688201      2.4991e+06 
   23473.268710     2.49843e+06 
   23473.849247     2.50672e+06 
   23480.000000     2.50414e+06 
   23485.000000     2.50205e+06 
   23490.000000     2.49995e+06 
   23495.000000     2.49786e+06 
   23500.000000     2.49578e+06 
   23505.000000     2.49369e+06 
   23510.000000     2.49161e+06 
   23515.000000     2.48952e+06 
   23520.000000     2.48745e+06 
   23525.000000     2.48537e+06 
   23530.000000     2.48329e+06 
   23535.000000     2.48122e+06 
   23540.000000     2.47915e+06 
   23545.000000     2.47708e+06 
   23550.000000     2.47501e+06 
   23555.000000     2.47295e+06 
   23560.000000     2.47089e+06 
   23565.000000     2.46883e+06 
   23570.000000     2.46677e+06 
   23575.000000     2.46471e+06 
   23580.000000     2.46266e+06 
   23585.000000     2.46061e+06 
   23590.000000     2.45856e+06 
   23595.000000     2.45651e+06 
   23600.000000     2.45447e+06 
   23605.000000     2.45242e+06 
   23610.000000     2.45038e+06 
   23615.000000     2.44834e+06 
   23620.000000     2.44631e+06 
   23625.000000     2.44427e+06 
   23630.000000     2.44224e+06 
   23635.000000     2.44021e+06 
   23640.000000     2.43818e+06 
   23645.000000     2.43616e+06 
   23650.000000     2.43413e+06 
   23655.000000     2.43211e+06 
   23660.000000     2.43009e+06 
   23665.000000     2.42808e+06 
   23670.000000     2.42606e+06 
   23675.000000     2.42405e+06 
   23680.000000     2.42203e+06 
   23685.000000     2.42003e+06 
   23690.000000     2.41802e+06 
   23695.000000     2.41601e+06 
   23700.000000     2.41401e+06 
   23705.000000     2.41201e+06 
   23710.000000     2.41001e+06 
   23715.000000     2.40801e+06 
   23720.000000     2.40602e+06 
   23725.000000     2.40403e+06 
   23730.000000     2.40204e+06 
   23735.000000     2.40005e+06 
   23740.000000     2.39806e+06 
   23745.000000     2.39608e+06 
   23750.000000      2.3941e+06 
   23755.000000     2.39212e+06 
   23760.000000     2.39014e+06 
   23765.000000     2.38816e+06 
   23770.000000     2.38619e+06 
   23775.000000     2.38421e+06 
   23780.000000     2.38224e+06 
   23785.000000     2.38028e+06 
   23788.045754     2.37908e+06 
   23788.633974      2.3779e+06 
   23789.222224     2.37775e+06 
   23789.810502     2.37761e+06 
   23790.398810     2.37744e+06 
   23790.987147     2.37715e+06 
   23791.575513     2.37683e+06 
   23792.163908     2.37651e+06 
   23792.752332     2.37723e+06 
   23800.000000     2.37438e+06 
   23805.000000     2.37242e+06 
   23810.000000     2.37047e+06 
   23815.000000     2.36851e+06 
   23820.000000     2.36656e+06 
   23825.000000     2.36461e+06 
   23830.000000     2.36266e+06 
   23835.000000     2.36071e+06 
   23840.000000     2.35876e+06 
   23845.000000     2.35682e+06 
   23850.000000     2.35488e+06 
   23855.000000     2.35294e+06 
   23860.000000       2.351e+06 
   23865.000000     2.34906e+06 
   23870.000000     2.34713e+06 
   23875.000000      2.3452e+06 
   23880.000000     2.34327e+06 
   23885.000000     2.34134e+06 
   23890.000000     2.33941e+06 
   23895.000000     2.33749e+06 
   23900.000000     2.33557e+06 
   23905.000000     2.33365e+06 
   23910.000000     2.33173e+06 
   23915.000000     2.32982e+06 
   23920.000000      2.3279e+06 
   23925.000000     2.32599e+06 
   23930.000000     2.32408e+06 
   23935.000000     2.32217e+06 
   23940.000000     2.32027e+06 
   23945.000000     2.31836e+06 
   23950.000000     2.31646e+06 
   23955.000000     2.31456e+06 
   23960.000000     2.31266e+06 
   23965.000000     2.31076e+06 
   23970.000000     2.30887e+06 
   23975.000000     2.30698e+06 
   23980.000000     2.30509e+06 
   23985.000000      2.3032e+06 
   23990.000000     2.30131e+06 
   23995.000000     2.29943e+06 
   24000.000000     2.29754e+06 
   24005.000000     2.29566e+06 
   24010.000000     2.29379e+06 
   24015.000000     2.29191e+06 
   24020.000000     2.29003e+06 
   24025.000000     2.28816e+06 
   24030.000000     2.28629e+06 
   24035.000000     2.28442e+06 
   24040.000000     2.28255e+06 
   24045.000000     2.28069e+06 
   24050.000000     2.27882e+06 
   24055.000000     2.27696e+06 
   24060.000000      2.2751e+06 
   24065.000000     2.27324e+06 
   24070.000000     2.27139e+06 
   24075.000000     2.26953e+06 
   24080.000000     2.26768e+06 
   24085.000000     2.26583e+06 
   24090.000000     2.26398e+06 
   24095.000000     2.26214e+06 
   24100.000000     2.26029e+06 
   24105.000000     2.25845e+06 
   24110.000000     2.25661e+06 
   24115.000000     2.25477e+06 
   24120.000000     2.25293e+06 
   24125.000000      2.2511e+06 
   24130.000000     2.24926e+06 
   24135.000000     2.24743e+06 
   24140.000000      2.2456e+06 
   24145.000000     2.24377e+06 
   24150.000000     2.24195e+06 
   24155.000000     2.24012e+06 
   24160.000000      2.2383e+06 
   24165.000000     2.23648e+06 
   24170.000000     2.23466e+06 
   24175.000000     2.23285e+06 
   24180.000000     2.23103e+06 
   24185.000000     2.22922e+06 
   24190.000000     2.22741e+06 
   24195.000000      2.2256e+06 
   24200.000000     2.22379e+06 
   24205.000000     2.22198e+06 
   24210.000000     2.22018e+06 
   24215.000000     2.21838e+06 
   24220.000000     2.21658e+06 
   24225.000000     2.21478e+06 
   24230.000000     2.21298e+06 
   24235.000000     2.21119e+06 
   24240.000000      2.2094e+06 
   24245.000000     2.20761e+06 
   24250.000000     2.20582e+06 
   24255.000000     2.20403e+06 
   24260.000000     2.20224e+06 
   24265.000000     2.20046e+06 
   24270.000000     2.19868e+06 
   24275.000000      2.1969e+06 
   24280.000000     2.19512e+06 
   24285.000000     2.19334e+06 
   24290.000000     2.19157e+06 
   24295.000000      2.1898e+06 
   24300.000000     2.18803e+06 
   24305.000000     2.18626e+06 
   24310.000000     2.18449e+06 
   24315.000000     2.18272e+06 
   24320.000000     2.18096e+06 
   24325.000000      2.1792e+06 
   24330.000000     2.17743e+06 
   24335.000000     2.17568e+06 
   24340.000000     2.17392e+06 
   24345.000000     2.17217e+06 
   24350.000000     2.17041e+06 
   24355.000000     2.16866e+06 
   24360.000000     2.16691e+06 
   24365.000000     2.16516e+06 
   24370.000000     2.16342e+06 
   24375.000000     2.16167e+06 
   24380.000000     2.15993e+06 
   24385.000000     2.15819e+06 
   24390.000000     2.15645e+06 
   24395.000000     2.15471e+06 
   24400.000000     2.15298e+06 
   24405.000000     2.15124e+06 
   24410.000000     2.14951e+06 
   24415.000000     2.14778e+06 
   24420.000000     2.14605e+06 
   24425.000000     2.14432e+06 
   24430.000000      2.1426e+06 
   24435.000000     2.14087e+06 
   24440.000000     2.13915e+06 
   24445.000000     2.13743e+06 
   24450.000000     2.13571e+06 
   24455.000000       2.134e+06 
   24460.000000     2.13228e+06 
   24465.000000     2.13057e+06 
   24470.000000     2.12886e+06 
   24475.000000     2.12715e+06 
   24480.000000     2.12544e+06 
   24485.000000     2.12374e+06 
   24490.000000     2.12203e+06 
   24495.000000     2.12033e+06 
   24500.000000     2.11863e+06 
   24505.000000     2.11693e+06 
   24510.000000     2.11523e+06 
   24515.000000     2.11353e+06 
   24520.000000     2.11184e+06 
   24525.000000     2.11015e+06 
   24530.000000     2.10846e+06 
   24535.000000     2.10677e+06 
   24540.000000     2.10508e+06 
   24545.000000     2.10339e+06 
   24550.000000     2.10171e+06 
   24555.000000     2.10003e+06 
   24560.000000     2.09835e+06 
   24565.000000     2.09667e+06 
   24570.000000     2.09499e+06 
   24575.000000     2.09331e+06 
   24580.000000     2.09164e+06 
   24585.000000     2.08997e+06 
   24590.000000      2.0883e+06 
   24595.000000     2.08663e+06 
   24600.090358     2.08493e+06 
   24600.698658     2.08343e+06 
   24601.306989     2.08335e+06 
   24601.915349     2.08327e+06 
   24602.523740     2.08314e+06 
   24603.132161     2.08287e+06 
   24603.740611     2.08254e+06 
   24604.349092     2.08222e+06 
   24604.957603     2.08331e+06 
   24610.000000     2.08163e+06 
   24615.000000     2.07997e+06 
   24620.000000     2.07831e+06 
   24625.000000     2.07665e+06 
   24630.000000     2.07499e+06 
   24635.000000     2.07334e+06 
   24640.000000     2.07168e+06 
   24645.000000     2.07003e+06 
   24650.000000     2.06838e+06 
   24655.000000     2.06673e+06 
   24660.000000     2.06508e+06 
   24665.000000     2.06344e+06 
   24670.000000      2.0618e+06 
   24675.000000     2.06015e+06 
   24680.000000     2.05851e+06 
   24685.000000     2.05687e+06 
   24690.000000     2.05524e+06 
   24695.000000      2.0536e+06 
   24700.000000     2.05196e+06 
   24705.000000     2.05033e+06 
   24710.000000      2.0487e+06 
   24715.000000     2.04707e+06 
   24720.000000     2.04544e+06 
   24725.000000     2.04382e+06 
   24730.000000     2.04219e+06 
   24735.000000     2.04057e+06 
   24740.000000     2.03895e+06 
   24745.000000     2.03733e+06 
   24750.000000     2.03571e+06 
   24755.000000      2.0341e+06 
   24760.000000     2.03248e+06 
   24765.000000     2.03087e+06 
   24770.000000     2.02926e+06 
   24775.000000     2.02765e+06 
   24780.000000     2.02604e+06 
   24785.000000     2.02443e+06 
   24790.000000     2.02283e+06 
   24795.000000     2.02122e+06 
   24800.000000     2.01962e+06 
   24805.000000     2.01802e+06 
   24810.000000     2.01642e+06 
   24815.000000     2.01482e+06 
   24820.000000     2.01323e+06 
   24825.000000     2.01163e+06 
   24830.000000     2.01004e+06 
   24835.000000     2.00845e+06 
   24840.000000     2.00686e+06 
   24845.000000     2.00527e+06 
   24850.000000     2.00369e+06 
   24855.000000      2.0021e+06 
   24860.000000     2.00052e+06 
   24865.000000     1.99894e+06 
   24870.000000     1.99736e+06 
   24875.000000     1.99578e+06 
   24880.000000      1.9942e+06 
   24885.000000     1.99263e+06 
   24890.000000     1.99105e+06 
   24895.000000     1.98948e+06 
   24900.000000     1.98791e+06 
   24905.000000     1.98634e+06 
   24910.000000     1.98478e+06 
   24915.000000     1.98321e+06 
   24920.000000     1.98165e+06 
   24925.000000     1.98008e+06 
   24930.000000     1.97852e+06 
   24935.000000     1.97696e+06 
   24940.000000      1.9754e+06 
   24945.000000     1.97385e+06 
   24950.000000     1.97229e+06 
   24955.000000     1.97074e+06 
   24960.000000     1.96919e+06 
   24965.000000     1.96764e+06 
   24970.000000     1.96609e+06 
   24975.000000     1.96454e+06 
   24980.000000       1.963e+06 
   24985.000000     1.96145e+06 
   24990.000000     1.95991e+06 
   24995.000000     1.95837e+06 
   25000.000000     1.95683e+06 
   25005.000000     1.95529e+06 
   25010.000000     1.95375e+06 
   25015.000000     1.95222e+06 
   25020.000000     1.95068e+06 
   25025.000000     1.94915e+06 
   25030.000000     1.94762e+06 
   25035.000000     1.94609e+06 
   25040.000000     1.94456e+06 
   25045.000000     1.94304e+06 
   25050.000000     1.94151e+06 
   25055.000000     1.93999e+06 
   25060.000000     1.93847e+06 
   25065.000000     1.93695e+06 
   25070.000000     1.93543e+06 
   25075.000000     1.93391e+06 
   25080.000000      1.9324e+06 
   25085.000000     1.93088e+06 
   25090.000000     1.92937e+06 
   25095.000000     1.92786e+06 
   25100.000000     1.92635e+06 
   25105.000000     1.92484e+06 
   25110.000000     1.92333e+06 
   25115.000000     1.92183e+06 
   25120.000000     1.92033e+06 
   25125.000000     1.91882e+06 
   25130.000000     1.91732e+06 
   25135.000000     1.91582e+06 
   25140.000000     1.91433e+06 
   25145.000000     1.91283e+06 
   25150.000000     1.91134e+06 
   25155.000000     1.90984e+06 
   25160.000000     1.90835e+06 
   25165.000000     1.90686e+06 
   25170.000000     1.90537e+06 
   25175.000000     1.90388e+06 
   25180.000000      1.9024e+06 
   25185.000000     1.90091e+06 
   25190.000000     1.89943e+06 
   25195.000000     1.89795e+06 
   25200.000000     1.89647e+06 
   25205.000000     1.89499e+06 
   25210.000000     1.89351e+06 
   25215.000000     1.89204e+06 
   25220.000000     1.89056e+06 
   25225.000000     1.88909e+06 
   25230.000000     1.88762e+06 
   25235.000000     1.88615e+06 
   25240.000000     1.88468e+06 
   25245.000000     1.88321e+06 
   25250.000000     1.88174e+06 
   25255.000000     1.88028e+06 
   25260.000000     1.87882e+06 
   25265.000000     1.87736e+06 
   25270.000000     1.87589e+06 
   25275.000000     1.87444e+06 
   25280.000000     1.87298e+06 
   25285.000000     1.87152e+06 
   25290.000000     1.87007e+06 
   25295.000000     1.86862e+06 
   25300.000000     1.86716e+06 
   25305.000000     1.86571e+06 
   25310.000000     1.86427e+06 
   25315.000000     1.86282e+06 
   25320.000000     1.86137e+06 
   25325.000000     1.85993e+06 
   25330.000000     1.85848e+06 
   25335.000000     1.85704e+06 
   25340.000000      1.8556e+06 
   25345.000000     1.85416e+06 
   25350.000000     1.85273e+06 
   25355.000000     1.85129e+06 
   25360.000000     1.84985e+06 
   25365.000000     1.84842e+06 
   25370.000000     1.84699e+06 
   25375.000000     1.84556e+06 
   25380.000000     1.84413e+06 
   25385.000000      1.8427e+06 
   25390.000000     1.84128e+06 
   25395.000000     1.83985e+06 
   25400.000000     1.83843e+06 
   25402.928106     1.83759e+06 
   25410.000000      1.8355e+06 
   25415.000000     1.83408e+06 
   25420.000000     1.83266e+06 
   25425.000000     1.83124e+06 
   25430.000000     1.82983e+06 
   25435.000000     1.82841e+06 
   25440.000000       1.827e+06 
   25445.000000     1.82559e+06 
   25450.000000     1.82417e+06 
   25455.000000     1.82277e+06 
   25460.000000     1.82136e+06 
   25465.000000     1.81995e+06 
   25470.000000     1.81854e+06 
   25475.000000     1.81714e+06 
   25480.000000     1.81574e+06 
   25485.000000     1.81434e+06 
   25490.000000     1.81294e+06 
   25495.000000     1.81154e+06 
   25500.000000     1.81014e+06 
   25505.000000     1.80875e+06 
   25510.000000     1.80736e+06 
   25515.000000     1.80596e+06 
   25520.000000     1.80457e+06 
   25522.539545     1.80387e+06 
   25530.000000      1.8018e+06 
   25535.000000     1.80041e+06 
   25540.000000     1.79903e+06 
   25545.000000     1.79765e+06 
   25550.000000     1.79627e+06 
   25555.000000     1.79489e+06 
   25560.000000     1.79351e+06 
   25565.000000     1.79214e+06 
   25570.000000     1.79077e+06 
   25575.000000      1.7894e+06 
   25580.000000     1.78803e+06 
   25582.768660     1.78727e+06 
   25590.000000      1.7853e+06 
   25595.000000     1.78394e+06 
   25600.000000     1.78258e+06 
   25605.000000     1.78122e+06 
   25610.000000     1.77986e+06 
   25612.989942     1.77905e+06 
   25620.000000     1.77714e+06 
   25625.000000     1.77576e+06 
   25628.127374      1.7749e+06 
   25634.075899     1.77323e+06 
   25634.709767     1.77158e+06 
   25635.343667     1.77157e+06 
   25635.702802     1.77156e+06 
   25635.977598     1.77156e+06 
   25636.611560     1.77149e+06 
   25637.245554     1.77123e+06 
   25637.879579     1.77091e+06 
   25638.513635     1.77059e+06 
   25639.147723     1.77192e+06 
   25639.492196     1.77184e+06 
   25641.387313     1.77157e+06 
   25642.334976     1.77145e+06 
   25642.714061     1.77138e+06 
   25642.903608     1.77134e+06 
   25643.093158     1.77129e+06 
   25643.282710     1.77126e+06 
   25643.472265     1.77119e+06 
   25643.661823     1.77113e+06 
   25643.851384     1.77108e+06 
   25644.230514     1.77094e+06 
   25645.178387     1.77054e+06 
   25647.074345     1.76978e+06 
   25650.867101     1.76867e+06 
   25655.000000     1.76758e+06 
   25658.455981     1.76666e+06 
   25665.000000     1.76492e+06 
   25670.000000     1.76357e+06 
   25673.647218     1.76258e+06 
   25680.000000     1.76086e+06 
   25685.000000      1.7595e+06 
   25690.000000     1.75815e+06 
   25695.000000     1.75679e+06 
   25700.000000     1.75544e+06 
   25704.083721     1.75434e+06 
   25710.000000     1.75275e+06 
   25715.000000      1.7514e+06 
   25720.000000     1.75006e+06 
   25725.000000     1.74872e+06 
   25730.000000     1.74738e+06 
   25735.000000     1.74604e+06 
   25740.000000      1.7447e+06 
   25745.000000     1.74337e+06 
   25750.000000     1.74204e+06 
   25755.000000     1.74071e+06 
   25760.000000     1.73938e+06 
   25765.173740       1.738e+06 
   25770.000000     1.73672e+06 
   25775.000000      1.7354e+06 
   25780.000000     1.73408e+06 
   25785.000000     1.73276e+06 
   25790.000000     1.73144e+06 
   25795.000000     1.73012e+06 
   25800.000000      1.7288e+06 
   25805.000000     1.72748e+06 
   25810.000000     1.72617e+06 
   25815.000000     1.72486e+06 
   25820.000000     1.72354e+06 
   25825.000000     1.72223e+06 
   25830.000000     1.72093e+06 
   25835.000000     1.71962e+06 
   25840.000000     1.71831e+06 
   25845.000000     1.71701e+06 
   25850.000000      1.7157e+06 
   25855.000000      1.7144e+06 
   25860.000000      1.7131e+06 
   25865.000000      1.7118e+06 
   25870.000000      1.7105e+06 
   25875.000000      1.7092e+06 
   25881.605400     1.70749e+06 
   25885.000000     1.70643e+06 
   25888.229081     1.70566e+06 
   25895.000000      1.7039e+06 
   25900.000000      1.7026e+06 
   25905.000000     1.70131e+06 
   25910.000000     1.70001e+06 
   25915.000000     1.69872e+06 
   25920.000000     1.69743e+06 
   25925.000000     1.69614e+06 
   25930.000000     1.69485e+06 
   25935.000000     1.69356e+06 
   25940.000000     1.69227e+06 
   25945.000000     1.69099e+06 
   25950.000000      1.6897e+06 
   25955.000000     1.68842e+06 
   25960.000000     1.68714e+06 
   25965.000000     1.68586e+06 
   25970.000000     1.68458e+06 
   25975.000000      1.6833e+06 
   25980.000000     1.68203e+06 
   25985.000000     1.68075e+06 
   25990.000000     1.67948e+06 
   25995.000000      1.6782e+06 
   26000.000000     1.67694e+06 
   26003.470724     1.67605e+06 
   26010.000000      1.6744e+06 
   26012.534698     1.67376e+06 
   26020.000000     1.66967e+06 
   26025.000000     1.66833e+06 
   26030.000000     1.66684e+06 
   26035.000000     1.66516e+06 
   26040.000000     1.66367e+06 
   26045.000000     1.66253e+06 
   26050.000000     1.66129e+06 
   26055.000000     1.65995e+06 
   26060.000000     1.65854e+06 
   26064.834760     1.65679e+06 
   26070.000000     1.65497e+06 
   26075.000000     1.65378e+06 
   26080.000000     1.65262e+06 
   26085.000000     1.65123e+06 
   26090.000000     1.64973e+06 
   26095.625514     1.64742e+06 
   26100.000000     1.64598e+06 
   26105.000000     1.64489e+06 
   26111.048186     1.64308e+06 
   26115.000000     1.64174e+06 
   26118.766361     1.64002e+06 
   26122.627160      1.6385e+06 
   26124.557987     1.63831e+06 
   26125.523508     1.63834e+06 
   26125.909736     1.63832e+06 
   26126.102855     1.63829e+06 
   26126.295976     1.63826e+06 
   26126.489100     1.63823e+06 
   26126.682227     1.63817e+06 
   26126.875357      1.6381e+06 
   26127.068490     1.63803e+06 
   26127.454763     1.63787e+06 
   26128.420498     1.63737e+06 
   26130.352182     1.63647e+06 
   26134.216407     1.63509e+06 
   26135.016512     1.63484e+06 
   26141.948286     1.63196e+06 
   26145.000000     1.63082e+06 
   26150.000000     1.62939e+06 
   26157.425778     1.62647e+06 
   26160.000000     1.62511e+06 
   26165.000000     1.62321e+06 
   26170.000000     1.62123e+06 
   26175.000000     1.61896e+06 
   26180.000000     1.61673e+06 
   26185.000000     1.61456e+06 
   26188.435808     1.61298e+06 
   26196.690975     1.60914e+06 
   26200.000000     1.60758e+06 
   26205.000000     1.60532e+06 
   26210.000000     1.60304e+06 
   26215.000000     1.60104e+06 
   26220.000000     1.59914e+06 
   26225.000000     1.59774e+06 
   26227.637492     1.59729e+06 
   26235.000000     1.59727e+06 
   26240.000000      1.5989e+06 
   26243.138184     1.60115e+06 
   26246.760433      1.6051e+06 
   26247.409452     1.61007e+06 
   26248.058503     1.61254e+06 
   26248.707585      1.6159e+06 
   26249.356700     1.61837e+06 
   26250.005847     1.61817e+06 
   26250.655026     1.61712e+06 
   26250.676970     1.61708e+06 
   26250.895404      1.6169e+06 
   26251.304237     1.61707e+06 
   26251.953480     1.61473e+06 
   26254.775733     1.62242e+06 
   26256.716328     1.63579e+06 
   26257.686733     1.65768e+06 
   26258.074915     1.66473e+06 
   26258.269011     1.66717e+06 
   26258.463109     1.66866e+06 
   26258.657210     1.66916e+06 
   26258.851314     1.66856e+06 
   26259.045421     1.66698e+06 
   26259.239531     1.66444e+06 
   26259.627759     1.65719e+06 
   26260.598379     1.63484e+06 
   26262.539835     1.62053e+06 
   26266.423608     1.60855e+06 
   26270.000000     1.60042e+06 
   26274.194601     1.59371e+06 
   26280.000000     1.58755e+06 
   26285.000000     1.58436e+06 
   26289.750390     1.58252e+06 
   26295.000000     1.58131e+06 
   26300.000000     1.58043e+06 
   26305.000000     1.58013e+06 
   26310.000000      1.5798e+06 
   26315.000000     1.57973e+06 
   26320.917293     1.57958e+06 
   26325.000000     1.57948e+06 
   26330.000000     1.57944e+06 
   26335.000000      1.5793e+06 
   26340.000000      1.5789e+06 
   26345.000000     1.57893e+06 
   26350.000000     1.57863e+06 
   26355.000000     1.57796e+06 
   26360.000000     1.57783e+06 
   26365.000000     1.57748e+06 
   26370.000000     1.57686e+06 
   26376.051091     1.57593e+06 
   26380.000000     1.57593e+06 
   26383.473319     1.57555e+06 
   26390.000000     1.57453e+06 
   26395.000000     1.57332e+06 
   26400.000000     1.57285e+06 
   26405.000000     1.57248e+06 
   26410.000000     1.57161e+06 
   26415.000000     1.57058e+06 
   26420.000000     1.56926e+06 
   26425.000000     1.56865e+06 
   26430.000000     1.56822e+06 
   26435.000000     1.56728e+06 
   26440.000000     1.56626e+06 
   26445.000000     1.56503e+06 
   26450.000000     1.56382e+06 
   26455.000000     1.56312e+06 
   26460.000000     1.56249e+06 
   26465.000000      1.5615e+06 
   26470.000000     1.56043e+06 
   26475.000000     1.55928e+06 
   26480.000000     1.55805e+06 
   26485.000000     1.55702e+06 
   26490.000000     1.55619e+06 
   26495.000000     1.55532e+06 
   26500.584483     1.55414e+06 
   26505.000000     1.55287e+06 
   26509.481680     1.55364e+06 
   26515.000000     1.55236e+06 
   26520.000000      1.5512e+06 
   26525.000000     1.55004e+06 
   26530.000000     1.54888e+06 
   26535.000000     1.54773e+06 
   26540.000000     1.54657e+06 
   26545.000000     1.54542e+06 
   26550.000000     1.54427e+06 
   26555.000000     1.54311e+06 
   26560.000000     1.54196e+06 
   26565.000000     1.54081e+06 
   26570.000000     1.53966e+06 
   26575.000000     1.53851e+06 
   26580.000000     1.53737e+06 
   26585.000000     1.53622e+06 
   26590.000000     1.53508e+06 
   26595.000000     1.53393e+06 
   26600.000000     1.53279e+06 
   26605.000000     1.53165e+06 
   26610.000000     1.53051e+06 
   26615.000000     1.52937e+06 
   26620.000000     1.52824e+06 
   26625.364312     1.52702e+06 
   26630.000000     1.52597e+06 
   26635.000000     1.52484e+06 
   26640.000000     1.52371e+06 
   26645.000000     1.52258e+06 
   26650.000000     1.52145e+06 
   26655.000000     1.52033e+06 
   26660.000000     1.51921e+06 
   26665.000000     1.51809e+06 
   26670.000000     1.51697e+06 
   26675.000000     1.51586e+06 
   26680.000000     1.51474e+06 
   26685.000000     1.51364e+06 
   26688.195918     1.51293e+06 
   26695.000000     1.51143e+06 
   26700.000000     1.51033e+06 
   26705.000000     1.50923e+06 
   26710.000000     1.50814e+06 
   26715.000000     1.50705e+06 
   26719.723056     1.50602e+06 
   26725.000000     1.50485e+06 
   26730.000000      1.5037e+06 
   26735.514575     1.50234e+06 
   26740.000000      1.5011e+06 
   26743.417336     1.50008e+06 
   26747.370468     1.49903e+06 
   26749.347473     1.49906e+06 
   26750.336085      1.4992e+06 
   26750.731550     1.49921e+06 
   26750.929287      1.4992e+06 
   26751.127027     1.49917e+06 
   26751.324770     1.49916e+06 
   26751.522516     1.49909e+06 
   26751.720264     1.49902e+06 
   26751.918016     1.49895e+06 
   26752.313528     1.49876e+06 
   26753.302359     1.49819e+06 
   26755.280241     1.49729e+06 
   26759.236882     1.49659e+06 
   26767.153675     1.49537e+06 
   26770.000000     1.49483e+06 
   26775.000000     1.49382e+06 
   26780.000000     1.49274e+06 
   26783.001323     1.49208e+06 
   26790.000000     1.49053e+06 
   26795.000000     1.48941e+06 
   26800.000000      1.4883e+06 
   26805.000000      1.4872e+06 
   26810.000000      1.4861e+06 
   26814.752983     1.48505e+06 
   26820.000000      1.4839e+06 
   26825.000000     1.48281e+06 
   26830.000000     1.48172e+06 
   26835.000000     1.48063e+06 
   26840.000000     1.47955e+06 
   26845.000000     1.47847e+06 
   26850.000000     1.47739e+06 
   26855.000000     1.47631e+06 
   26860.000000     1.47523e+06 
   26865.000000     1.47416e+06 
   26870.000000     1.47308e+06 
   26875.000000     1.47201e+06 
   26878.482691     1.47127e+06 
   26885.000000     1.46987e+06 
   26890.000000     1.46881e+06 
   26895.000000     1.46774e+06 
   26900.000000     1.46668e+06 
   26905.000000     1.46561e+06 
   26910.000000     1.46455e+06 
   26915.000000     1.46349e+06 
   26920.000000     1.46243e+06 
   26925.000000     1.46137e+06 
   26930.000000     1.46031e+06 
   26935.000000     1.45925e+06 
   26940.000000      1.4582e+06 
   26945.000000     1.45715e+06 
   26950.000000     1.45609e+06 
   26955.000000     1.45504e+06 
   26960.000000     1.45398e+06 
   26965.000000     1.45293e+06 
   26970.000000     1.45188e+06 
   26975.000000     1.45083e+06 
   26980.000000     1.44978e+06 
   26985.000000     1.44874e+06 
   26987.688523     1.44817e+06 
   26988.355862     1.44654e+06 
   26989.023235      1.4466e+06 
   26989.690641      1.4467e+06 
   26990.358080     1.44671e+06 
   26991.025552     1.44642e+06 
   26991.693057     1.44605e+06 
   26992.360595      1.4457e+06 
   26993.028166     1.44706e+06 
   27000.000000      1.4456e+06 
   27006.855234     1.44446e+06 
   27010.000000      1.4438e+06 
   27015.000000     1.44275e+06 
   27020.000000      1.4417e+06 
   27025.000000     1.44065e+06 
   27030.000000      1.4396e+06 
   27035.000000     1.43856e+06 
   27040.000000     1.43751e+06 
   27045.000000     1.43647e+06 
   27050.000000     1.43542e+06 
   27055.000000     1.43438e+06 
   27060.000000     1.43334e+06 
   27065.000000      1.4323e+06 
   27070.000000     1.43126e+06 
   27075.000000     1.43022e+06 
   27080.000000     1.42918e+06 
   27085.000000     1.42814e+06 
   27090.000000     1.42711e+06 
   27095.000000     1.42607e+06 
   27100.000000     1.42504e+06 
   27105.000000       1.424e+06 
   27110.000000     1.42297e+06 
   27115.000000     1.42194e+06 
   27120.000000     1.42091e+06 
   27125.000000     1.41988e+06 
   27130.000000     1.41885e+06 
   27135.000000     1.41782e+06 
   27140.000000     1.41679e+06 
   27145.000000     1.41577e+06 
   27150.000000     1.41474e+06 
   27155.000000     1.41372e+06 
   27160.000000     1.41269e+06 
   27165.000000     1.41167e+06 
   27170.000000     1.41065e+06 
   27175.000000     1.40963e+06 
   27180.000000     1.40861e+06 
   27185.000000     1.40759e+06 
   27190.000000     1.40657e+06 
   27195.000000     1.40555e+06 
   27200.000000     1.40454e+06 
   27205.000000     1.40352e+06 
   27210.000000     1.40251e+06 
   27215.000000      1.4015e+06 
   27220.000000     1.40048e+06 
   27225.000000     1.39947e+06 
   27230.000000     1.39846e+06 
   27235.000000     1.39745e+06 
   27240.000000     1.39644e+06 
   27245.000000     1.39544e+06 
   27250.000000     1.39443e+06 
   27255.000000     1.39342e+06 
   27260.000000     1.39242e+06 
   27265.000000     1.39141e+06 
   27270.000000     1.39041e+06 
   27275.000000     1.38941e+06 
   27280.000000     1.38841e+06 
   27285.000000     1.38741e+06 
   27290.000000     1.38641e+06 
   27295.000000     1.38541e+06 
   27300.000000     1.38441e+06 
   27305.000000     1.38341e+06 
   27310.000000     1.38242e+06 
   27315.000000     1.38142e+06 
   27320.000000     1.38043e+06 
   27324.157105      1.3796e+06 
   27330.000000     1.37789e+06 
   27335.000000     1.37689e+06 
   27340.000000     1.37588e+06 
   27345.000000     1.37488e+06 
   27350.000000     1.37387e+06 
   27355.000000     1.37287e+06 
   27360.000000     1.37187e+06 
   27365.000000     1.37087e+06 
   27370.000000     1.36986e+06 
   27375.000000     1.36886e+06 
   27380.000000     1.36786e+06 
   27385.000000     1.36686e+06 
   27390.000000     1.36586e+06 
   27395.000000     1.36487e+06 
   27400.000000     1.36387e+06 
   27405.000000     1.36288e+06 
   27410.000000     1.36188e+06 
   27415.000000     1.36089e+06 
   27420.000000     1.35989e+06 
   27425.000000      1.3589e+06 
   27430.000000     1.35791e+06 
   27435.000000     1.35692e+06 
   27440.000000     1.35593e+06 
   27445.000000     1.35494e+06 
   27450.000000     1.35396e+06 
   27452.814783      1.3534e+06 
   27460.000000     1.35199e+06 
   27465.000000     1.35101e+06 
   27470.000000     1.35003e+06 
   27475.000000     1.34905e+06 
   27480.000000     1.34808e+06 
   27485.000000     1.34711e+06 
   27490.000000     1.34613e+06 
   27495.000000     1.34516e+06 
   27500.000000      1.3442e+06 
   27505.000000     1.34324e+06 
   27510.000000     1.34228e+06 
   27515.000000     1.34132e+06 
   27517.599039     1.34083e+06 
   27525.000000     1.33943e+06 
   27530.000000     1.33849e+06 
   27535.000000     1.33755e+06 
   27540.000000     1.33662e+06 
   27545.000000     1.33569e+06 
   27550.105963     1.33475e+06 
   27555.000000     1.33383e+06 
   27560.000000     1.33285e+06 
   27566.388243     1.33143e+06 
   27569.551162     1.33057e+06 
   27574.536602     1.32891e+06 
   27578.612589     1.32752e+06 
   27580.651034      1.3277e+06 
   27581.670369     1.32805e+06 
   27582.078124     1.32812e+06 
   27582.282007     1.32812e+06 
   27582.485892     1.32811e+06 
   27582.689780     1.32812e+06 
   27582.893671     1.32803e+06 
   27583.097565     1.32797e+06 
   27583.301463     1.32789e+06 
   27583.709266     1.32767e+06 
   27584.728828     1.32693e+06 
   27586.768177     1.32598e+06 
   27590.847781     1.32583e+06 
   27595.000000     1.32566e+06 
   27599.010608     1.32525e+06 
   27605.000000     1.32433e+06 
   27610.000000     1.32342e+06 
   27615.350762     1.32239e+06 
   27620.000000     1.32149e+06 
   27625.000000     1.32052e+06 
   27630.000000     1.31956e+06 
   27635.000000      1.3186e+06 
   27640.000000     1.31765e+06 
   27645.000000     1.31671e+06 
   27648.089185     1.31612e+06 
   27655.000000     1.31482e+06 
   27660.000000     1.31389e+06 
   27665.000000     1.31295e+06 
   27670.000000     1.31202e+06 
   27675.000000      1.3111e+06 
   27680.000000     1.31017e+06 
   27685.000000     1.30925e+06 
   27690.000000     1.30833e+06 
   27695.000000     1.30741e+06 
   27700.000000      1.3065e+06 
   27705.000000     1.30558e+06 
   27710.000000     1.30467e+06 
   27713.799455     1.30398e+06 
   27720.000000     1.30285e+06 
   27725.000000     1.30194e+06 
   27730.000000     1.30103e+06 
   27735.000000     1.30013e+06 
   27740.000000     1.29922e+06 
   27745.000000     1.29831e+06 
   27750.000000     1.29741e+06 
   27755.000000     1.29651e+06 
   27760.000000     1.29561e+06 
   27765.000000     1.29471e+06 
   27770.000000      1.2938e+06 
   27775.000000      1.2929e+06 
   27780.000000       1.292e+06 
   27785.000000      1.2911e+06 
   27790.000000     1.29021e+06 
   27795.000000     1.28931e+06 
   27800.000000     1.28841e+06 
   27805.000000     1.28752e+06 
   27810.000000     1.28662e+06 
   27815.000000     1.28572e+06 
   27820.000000     1.28483e+06 
   27825.000000     1.28393e+06 
   27830.000000     1.28304e+06 
   27835.000000     1.28215e+06 
   27840.000000     1.28125e+06 
   27846.161499     1.28061e+06 
   27850.000000     1.27991e+06 
   27855.000000     1.27901e+06 
   27860.000000     1.27811e+06 
   27865.000000      1.2772e+06 
   27870.000000      1.2763e+06 
   27875.000000      1.2754e+06 
   27880.000000      1.2745e+06 
   27885.000000      1.2736e+06 
   27890.000000      1.2727e+06 
   27895.000000     1.27181e+06 
   27900.000000     1.27091e+06 
   27905.000000     1.27001e+06 
   27910.000000     1.26912e+06 
   27915.000000     1.26823e+06 
   27920.000000     1.26733e+06 
   27925.000000     1.26644e+06 
   27930.000000     1.26555e+06 
   27935.000000     1.26465e+06 
   27940.000000     1.26377e+06 
   27945.000000     1.26288e+06 
   27950.000000     1.26199e+06 
   27955.000000      1.2611e+06 
   27960.000000     1.26021e+06 
   27965.000000     1.25933e+06 
   27970.000000     1.25844e+06 
   27975.000000     1.25755e+06 
   27980.000000     1.25667e+06 
   27985.000000     1.25579e+06 
   27990.000000      1.2549e+06 
   27995.000000     1.25402e+06 
   28000.000000     1.25314e+06 
   28005.000000     1.25226e+06 
   28010.000000     1.25138e+06 
   28015.000000      1.2505e+06 
   28020.000000     1.24962e+06 
   28025.000000     1.24875e+06 
   28030.000000     1.24787e+06 
   28035.000000     1.24699e+06 
   28040.000000     1.24612e+06 
   28045.000000     1.24525e+06 
   28050.000000     1.24437e+06 
   28055.000000      1.2435e+06 
   28060.000000     1.24263e+06 
   28065.000000     1.24176e+06 
   28070.000000     1.24089e+06 
   28075.000000     1.24002e+06 
   28080.000000     1.23915e+06 
   28085.000000     1.23828e+06 
   28090.000000     1.23741e+06 
   28095.000000     1.23655e+06 
   28100.000000     1.23568e+06 
   28105.000000     1.23481e+06 
   28110.000000     1.23395e+06 
   28115.000000     1.23309e+06 
   28120.000000     1.23222e+06 
   28125.000000     1.23136e+06 
   28130.000000      1.2305e+06 
   28135.000000     1.22964e+06 
   28140.000000     1.22878e+06 
   28145.000000     1.22792e+06 
   28150.000000     1.22706e+06 
   28155.000000     1.22621e+06 
   28160.000000     1.22535e+06 
   28165.000000     1.22449e+06 
   28170.000000     1.22364e+06 
   28175.000000     1.22278e+06 
   28180.000000     1.22193e+06 
   28185.000000     1.22108e+06 
   28190.000000     1.22022e+06 
   28195.000000     1.21937e+06 
   28200.000000     1.21852e+06 
   28205.000000     1.21767e+06 
   28210.000000     1.21682e+06 
   28215.000000     1.21597e+06 
   28220.000000     1.21513e+06 
   28225.000000     1.21428e+06 
   28230.000000     1.21343e+06 
   28235.000000     1.21259e+06 
   28240.000000     1.21174e+06 
   28245.000000      1.2109e+06 
   28250.000000     1.21005e+06 
   28257.263089     1.20883e+06 
   28257.961823     1.20977e+06 
   28258.660591     1.21054e+06 
   28259.359393     1.22109e+06 
   28260.058230     1.22826e+06 
   28260.757102     1.22085e+06 
   28261.456008     1.21007e+06 
   28262.154948     1.20906e+06 
   28262.853924     1.20789e+06 
   28270.000000     1.20669e+06 
   28275.000000     1.20585e+06 
   28280.000000     1.20501e+06 
   28285.000000     1.20417e+06 
   28290.000000     1.20333e+06 
   28295.000000      1.2025e+06 
   28300.000000     1.20166e+06 
   28305.000000     1.20082e+06 
   28310.000000     1.19999e+06 
   28315.000000     1.19916e+06 
   28320.000000     1.19832e+06 
   28325.000000     1.19749e+06 
   28330.000000     1.19666e+06 
   28335.000000     1.19583e+06 
   28340.000000       1.195e+06 
   28345.000000     1.19417e+06 
   28350.000000     1.19334e+06 
   28355.000000     1.19251e+06 
   28360.000000     1.19168e+06 
   28365.000000     1.19086e+06 
   28370.000000     1.19003e+06 
   28375.000000     1.18921e+06 
   28380.000000     1.18838e+06 
   28385.000000     1.18756e+06 
   28390.000000     1.18673e+06 
   28395.000000     1.18591e+06 
   28400.000000     1.18509e+06 
   28405.000000     1.18427e+06 
   28410.000000     1.18345e+06 
   28415.000000     1.18263e+06 
   28420.000000     1.18181e+06 
   28425.000000     1.18099e+06 
   28430.000000     1.18018e+06 
   28435.000000     1.17936e+06 
   28440.000000     1.17854e+06 
   28445.000000     1.17773e+06 
   28450.000000     1.17691e+06 
   28455.000000      1.1761e+06 
   28460.684011     1.17517e+06 
   28465.000000     1.17384e+06 
   28470.000000     1.17301e+06 
   28475.000000     1.17218e+06 
   28480.000000     1.17135e+06 
   28485.000000     1.17052e+06 
   28490.000000     1.16969e+06 
   28495.000000     1.16886e+06 
   28500.000000     1.16803e+06 
   28505.000000      1.1672e+06 
   28510.000000     1.16637e+06 
   28515.000000     1.16555e+06 
   28520.000000     1.16472e+06 
   28525.000000     1.16389e+06 
   28530.000000     1.16307e+06 
   28535.000000     1.16224e+06 
   28540.000000     1.16141e+06 
   28547.375572     1.16019e+06 
   28548.081479     1.16005e+06 
   28548.787421      1.1597e+06 
   28549.493398     1.15895e+06 
   28550.199410     1.15841e+06 
   28550.905457     1.15872e+06 
   28551.611538     1.15923e+06 
   28552.317655     1.15935e+06 
   28553.023807     1.15926e+06 
   28560.000000     1.15812e+06 
   28565.000000     1.15729e+06 
   28570.000000     1.15647e+06 
   28575.000000     1.15565e+06 
   28580.000000     1.15483e+06 
   28585.000000       1.154e+06 
   28590.000000     1.15319e+06 
   28594.693104     1.15242e+06 
   28600.000000     1.15155e+06 
   28605.000000     1.15074e+06 
   28610.000000     1.14993e+06 
   28615.000000     1.14912e+06 
   28620.000000     1.14831e+06 
   28625.000000      1.1475e+06 
   28630.000000      1.1467e+06 
   28635.000000     1.14589e+06 
   28640.000000      1.1451e+06 
   28645.000000      1.1443e+06 
   28650.000000     1.14351e+06 
   28655.000000     1.14272e+06 
   28662.172011      1.1416e+06 
   28665.000000     1.14116e+06 
   28670.000000     1.14039e+06 
   28675.000000     1.13962e+06 
   28680.000000     1.13886e+06 
   28685.000000     1.13811e+06 
   28690.000000     1.13737e+06 
   28696.031035     1.13648e+06 
   28700.000000     1.13591e+06 
   28705.000000     1.13518e+06 
   28710.000000     1.13438e+06 
   28712.990563     1.13382e+06 
   28721.477847     1.13129e+06 
   28725.723371     1.12945e+06 
   28727.846604      1.1298e+06 
   28728.908338     1.13045e+06 
   28729.333053     1.13061e+06 
   28729.545416     1.13063e+06 
   28729.757781     1.13064e+06 
   28729.970150     1.13067e+06 
   28730.182522     1.13057e+06 
   28730.394897      1.1305e+06 
   28730.607275     1.13041e+06 
   28731.032041     1.13012e+06 
   28732.094010     1.12915e+06 
   28734.218185     1.12814e+06 
   28738.467476     1.12867e+06 
   28746.969830     1.12856e+06 
   28750.000000     1.12819e+06 
   28755.000000     1.12744e+06 
   28760.000000     1.12662e+06 
   28763.989640     1.12596e+06 
   28770.000000     1.12498e+06 
   28775.000000     1.12418e+06 
   28780.000000     1.12338e+06 
   28785.000000      1.1226e+06 
   28790.000000     1.12182e+06 
   28795.000000     1.12104e+06 
   28798.089792     1.12056e+06 
   28805.000000      1.1195e+06 
   28810.000000     1.11874e+06 
   28815.000000     1.11798e+06 
   28820.000000     1.11723e+06 
   28825.000000     1.11648e+06 
   28830.000000     1.11573e+06 
   28835.757216     1.11487e+06 
   28836.470254      1.1138e+06 
   28837.183328     1.11399e+06 
   28837.896436      1.1142e+06 
   28838.609580     1.11428e+06 
   28839.322759     1.11398e+06 
   28840.035974     1.11356e+06 
   28840.749223     1.11316e+06 
   28841.462508     1.11403e+06 
   28845.000000      1.1135e+06 
   28850.000000     1.11276e+06 
   28855.000000     1.11202e+06 
   28860.000000     1.11129e+06 
   28866.533229     1.11033e+06 
   28870.000000     1.10982e+06 
   28875.000000     1.10908e+06 
   28880.000000     1.10835e+06 
   28885.000000     1.10762e+06 
   28890.000000     1.10689e+06 
   28895.000000     1.10616e+06 
   28900.000000     1.10544e+06 
   28905.000000     1.10471e+06 
   28910.000000     1.10398e+06 
   28915.000000     1.10325e+06 
   28920.000000     1.10252e+06 
   28925.000000     1.10179e+06 
   28930.000000     1.10107e+06 
   28935.000000     1.10034e+06 
   28940.000000     1.09962e+06 
   28945.000000     1.09889e+06 
   28950.000000     1.09816e+06 
   28955.000000     1.09744e+06 
   28960.000000     1.09671e+06 
   28965.000000     1.09599e+06 
   28970.000000     1.09526e+06 
   28975.000000     1.09454e+06 
   28980.000000     1.09381e+06 
   28985.000000     1.09309e+06 
   28990.000000     1.09236e+06 
   28995.000000     1.09164e+06 
   29000.000000     1.09091e+06 
   29004.400768      1.0908e+06 
   29010.000000     1.08997e+06 
   29015.000000     1.08923e+06 
   29020.000000     1.08849e+06 
   29025.000000     1.08775e+06 
   29030.000000     1.08701e+06 
   29035.000000     1.08628e+06 
   29040.000000     1.08554e+06 
   29045.000000     1.08481e+06 
   29050.000000     1.08407e+06 
   29055.000000     1.08334e+06 
   29060.000000      1.0826e+06 
   29065.000000     1.08187e+06 
   29070.000000     1.08114e+06 
   29075.000000     1.08041e+06 
   29080.000000     1.07967e+06 
   29085.000000     1.07894e+06 
   29090.000000     1.07821e+06 
   29095.000000     1.07748e+06 
   29100.000000     1.07675e+06 
   29105.000000     1.07603e+06 
   29110.000000      1.0753e+06 
   29115.000000     1.07457e+06 
   29120.000000     1.07385e+06 
   29125.000000     1.07312e+06 
   29130.000000     1.07239e+06 
   29135.000000     1.07167e+06 
   29140.000000     1.07095e+06 
   29145.000000     1.07022e+06 
   29150.000000      1.0695e+06 
   29155.000000     1.06878e+06 
   29160.000000     1.06806e+06 
   29165.000000     1.06734e+06 
   29170.000000     1.06662e+06 
   29175.000000      1.0659e+06 
   29180.000000     1.06518e+06 
   29185.000000     1.06446e+06 
   29190.000000     1.06374e+06 
   29195.000000     1.06302e+06 
   29200.000000     1.06231e+06 
   29205.000000     1.06159e+06 
   29210.000000     1.06088e+06 
   29215.000000     1.06016e+06 
   29220.000000     1.05945e+06 
   29225.000000     1.05873e+06 
   29230.000000     1.05802e+06 
   29235.000000     1.05731e+06 
   29240.000000      1.0566e+06 
   29245.000000     1.05588e+06 
   29250.000000     1.05517e+06 
   29255.000000     1.05446e+06 
   29260.000000     1.05375e+06 
   29265.000000     1.05305e+06 
   29270.000000     1.05234e+06 
   29275.000000     1.05163e+06 
   29280.000000     1.05092e+06 
   29285.000000     1.05022e+06 
   29290.000000     1.04951e+06 
   29295.000000     1.04881e+06 
   29300.000000      1.0481e+06 
   29305.000000      1.0474e+06 
   29310.000000     1.04669e+06 
   29315.000000     1.04599e+06 
   29320.000000     1.04529e+06 
   29325.000000     1.04459e+06 
   29330.000000     1.04389e+06 
   29335.000000     1.04319e+06 
   29340.000000     1.04249e+06 
   29345.000000     1.04179e+06 
   29350.000000     1.04109e+06 
   29355.000000     1.04039e+06 
   29360.000000     1.03969e+06 
   29365.000000     1.03899e+06 
   29370.000000      1.0383e+06 
   29375.000000      1.0376e+06 
   29380.000000     1.03691e+06 
   29385.000000     1.03621e+06 
   29390.000000     1.03552e+06 
   29395.000000     1.03482e+06 
   29400.000000     1.03413e+06 
   29405.000000     1.03344e+06 
   29410.000000     1.03275e+06 
   29415.000000     1.03206e+06 
   29420.000000     1.03137e+06 
   29425.000000     1.03068e+06 
   29430.000000     1.02999e+06 
   29435.000000      1.0293e+06 
   29440.000000     1.02861e+06 
   29445.000000     1.02792e+06 
   29450.000000     1.02723e+06 
   29455.000000     1.02655e+06 
   29460.000000     1.02586e+06 
   29465.000000     1.02518e+06 
   29470.000000     1.02449e+06 
   29475.000000     1.02381e+06 
   29480.000000     1.02312e+06 
   29485.000000     1.02244e+06 
   29490.000000     1.02176e+06 
   29495.000000     1.02108e+06 
   29500.000000      1.0204e+06 
   29505.000000     1.01971e+06 
   29510.000000     1.01903e+06 
   29515.000000     1.01835e+06 
   29520.000000     1.01767e+06 
   29525.000000       1.017e+06 
   29530.000000     1.01632e+06 
   29535.000000     1.01564e+06 
   29540.000000     1.01496e+06 
   29545.000000     1.01429e+06 
   29550.000000     1.01361e+06 
   29555.000000     1.01294e+06 
   29560.000000     1.01226e+06 
   29565.000000     1.01159e+06 
   29570.000000     1.01091e+06 
   29575.000000     1.01024e+06 
   29580.000000     1.00957e+06 
   29585.000000      1.0089e+06 
   29590.000000     1.00823e+06 
   29595.000000     1.00756e+06 
   29600.000000     1.00689e+06 
   29605.000000     1.00622e+06 
   29610.000000     1.00555e+06 
   29615.000000     1.00488e+06 
   29620.000000     1.00421e+06 
   29625.000000     1.00354e+06 
   29630.000000     1.00288e+06 
   29635.000000     1.00221e+06 
   29640.000000     1.00154e+06 
   29645.000000     1.00088e+06 
   29650.000000     1.00022e+06 
   29655.000000          999552 
   29660.000000          998888 
   29665.000000          998225 
   29670.000000          997562 
   29675.000000          996901 
   29680.000000          996240 
   29685.000000          995579 
   29690.000000          994919 
   29695.000000          994258 
   29700.000000          993600 
   29705.000000          992942 
   29710.000000          992284 
   29715.000000          991626 
   29720.000000          990969 
   29725.000000          990313 
   29730.000000          989657 
   29735.000000          989001 
   29740.000000          988347 
   29745.000000          987693 
   29750.000000          987039 
   29755.000000          986386 
   29760.000000          985734 
   29765.000000          985082 
   29770.000000          984430 
   29775.000000          983780 
   29780.000000          983129 
   29785.000000          982479 
   29790.000000          981830 
   29795.000000          981181 
   29800.000000          980533 
   29805.000000          979885 
   29810.000000          979238 
   29815.000000          978591 
   29820.000000          977945 
   29825.000000          977300 
   29830.000000          976655 
   29835.000000          976010 
   29840.000000          975367 
   29845.000000          974723 
   29850.000000          974080 
   29855.000000          973438 
   29860.000000          972796 
   29865.000000          972154 
   29870.000000          971514 
   29875.000000          970873 
   29880.000000          970234 
   29885.000000          969595 
   29890.000000          968956 
   29895.000000          968318 
   29900.000000          967680 
   29905.000000          967043 
   29910.000000          966407 
   29915.000000          965770 
   29920.000000          965135 
   29925.000000          964501 
   29930.000000          963865 
   29935.000000          963232 
   29940.000000          962598 
   29945.000000          961965 
   29950.000000          961333 
   29955.000000          960701 
   29960.000000          960070 
   29965.000000          959439 
   29970.000000          958809 
   29975.000000          958179 
   29980.000000          957550 
   29985.000000          956921 
   29990.000000          956293 
   29995.000000          955665 
   30000.000000          955038 
   30005.000000          954411 
   30010.000000          953785 
   30015.000000          953159 
   30020.000000          952534 
   30025.000000          951909 
   30030.000000          951285 
   30035.000000          950662 
   30040.000000          950039 
   30045.000000          949416 
   30050.000000          948794 
   30055.000000          948173 
   30060.000000          947552 
   30065.000000          946931 
   30070.000000          946311 
   30075.000000          945692 
   30080.000000          945072 
   30085.000000          944454 
   30090.000000          943836 
   30095.000000          943219 
   30100.000000          942602 
   30107.169804          941718 
   30110.000000          940802 
   30115.000000          940170 
   30120.000000          939537 
   30125.000000          938904 
   30130.000000          938270 
   30135.000000          937636 
   30140.000000          937002 
   30145.000000          936368 
   30150.000000          935734 
   30155.000000          935100 
   30160.000000          934466 
   30165.000000          933829 
   30170.000000          933195 
   30175.000000          932561 
   30180.000000          931926 
   30185.000000          931290 
   30190.000000          930655 
   30195.000000          930024 
   30200.000000          929391 
   30205.000000          928753 
   30210.000000          928117 
   30215.000000          927482 
   30220.000000          926847 
   30225.000000          926213 
   30230.000000          925584 
   30235.000000          924953 
   30240.000000          924316 
   30245.000000          923683 
   30248.931490          923186 
   30255.000000          922421 
   30260.000000          921798 
   30265.000000          921172 
   30270.000000          920541 
   30275.000000          919916 
   30280.000000          919293 
   30285.000000          918679 
   30290.000000          918061 
   30295.000000          917444 
   30300.000000          916833 
   30305.000000          916231 
   30310.000000          915626 
   30315.000000          915028 
   30320.314135          914400 
   30325.000000          913852 
   30330.000000          913272 
   30335.000000          912703 
   30340.000000          912137 
   30345.000000          911583 
   30350.000000          911040 
   30356.131945          910390 
   30360.000000          909987 
   30365.000000          909492 
   30370.503843          908968 
   30371.254831          908988 
   30372.005857          908944 
   30372.756920          908897 
   30373.508020          908832 
   30374.072603          908755 
   30374.259157          908727 
   30375.010332          908610 
   30375.761543          908488 
   30376.512792          908299 
   30380.000000          907650 
   30383.050887          906764 
   30387.542020          904783 
   30389.788084          905468 
   30390.911240          906637 
   30391.360526          906941 
   30391.585174          907017 
   30391.809825          907058 
   30392.034480          907093 
   30392.259138          907006 
   30392.483799          906912 
   30392.708464          906783 
   30393.157803          906374 
   30394.281208          904943 
   30396.528269          903735 
   30401.023387          904662 
   30405.000000          904822 
   30410.017613          904386 
   30415.000000          903724 
   30420.000000          903028 
   30425.000000          902356 
   30428.022040          901963 
   30435.000000          901070 
   30440.000000          900444 
   30445.000000          899829 
   30450.000000          899222 
   30455.000000          898622 
   30460.000000          898033 
   30464.094928          897551 
   30470.000000          896865 
   30475.000000          896292 
   30480.000000          895723 
   30485.000000          895153 
   30490.000000          894591 
   30495.000000          894035 
   30500.000000          893480 
   30505.000000          892920 
   30510.000000          892369 
   30515.000000          891819 
   30520.000000          891275 
   30525.000000          890726 
   30530.000000          890175 
   30536.497902          889467 
   30540.000000          889086 
   30545.000000          888543 
   30550.000000          888003 
   30555.000000          887459 
   30560.000000          886911 
   30565.000000          886369 
   30570.000000          885827 
   30575.000000          885285 
   30580.000000          884744 
   30585.000000          884204 
   30590.000000          883662 
   30595.000000          883116 
   30600.000000          882573 
   30605.000000          882031 
   30610.000000          881488 
   30615.000000          880944 
   30620.000000          880401 
   30625.000000          879858 
   30630.000000          879315 
   30635.000000          878772 
   30640.000000          878228 
   30645.000000          877683 
   30650.000000          877139 
   30655.000000          876595 
   30660.000000          876049 
   30665.000000          875504 
   30670.000000          874959 
   30675.000000          874413 
   30682.341249          874074 
   30685.000000          873775 
   30690.000000          873215 
   30695.000000          872655 
   30700.000000          872095 
   30705.000000          871536 
   30710.000000          870977 
   30715.000000          870418 
   30720.000000          869861 
   30725.000000          869303 
   30730.000000          868746 
   30735.000000          868189 
   30740.000000          867633 
   30745.000000          867078 
   30750.000000          866522 
   30755.000000          865968 
   30760.000000          865414 
   30765.000000          864860 
   30770.000000          864306 
   30775.000000          863753 
   30780.000000          863201 
   30785.000000          862648 
   30790.000000          862096 
   30795.000000          861545 
   30800.000000          860995 
   30805.000000          860444 
   30810.000000          859894 
   30815.000000          859344 
   30820.000000          858796 
   30825.000000          858247 
   30830.000000          857699 
   30835.000000          857151 
   30840.000000          856603 
   30845.000000          856057 
   30850.000000          855510 
   30855.000000          854965 
   30860.000000          854419 
   30865.000000          853874 
   30870.000000          853329 
   30875.000000          852785 
   30880.000000          852241 
   30885.000000          851697 
   30890.000000          851155 
   30895.000000          850612 
   30900.000000          850070 
   30905.000000          849528 
   30910.000000          848987 
   30913.829908          848573 
   30914.594332          889133 
   30915.358793          893509 
   30916.123293          918619 
   30916.887830          936348 
   30917.652405          918439 
   30918.417018          893160 
   30919.181668          888612 
   30919.946357          847912 
   30925.000000          847367 
   30930.000000          846826 
   30935.000000          846288 
   30940.000000          845749 
   30945.000000          845211 
   30952.112691          844446 
   30952.878062          843265 
   30953.643470          844262 
   30954.408916          846787 
   30955.174400          848341 
   30955.939922          846623 
   30956.705481          843934 
   30957.471079          842773 
   30958.236714          843788 
   30965.000000          843062 
   30970.000000          842527 
   30975.000000          841991 
   30980.000000          841455 
   30985.000000          840921 
   30990.000000          840386 
   30995.000000          839852 
   31000.000000          839319 
   31005.000000          838786 
   31010.000000          838254 
   31015.000000          837721 
   31020.000000          837189 
   31025.000000          836658 
   31030.000000          836127 
   31035.000000          835596 
   31040.000000          835066 
   31045.000000          834537 
   31050.000000          834007 
   31055.000000          833478 
   31060.000000          832950 
   31065.000000          832422 
   31070.000000          831895 
   31075.000000          831367 
   31080.000000          830840 
   31085.000000          830314 
   31090.000000          829788 
   31095.000000          829263 
   31100.000000          828738 
   31105.000000          828213 
   31110.000000          827689 
   31115.000000          827165 
   31120.000000          826642 
   31125.000000          826119 
   31130.000000          825596 
   31135.000000          825074 
   31140.000000          824552 
   31145.000000          824031 
   31150.000000          823510 
   31155.000000          822989 
   31160.000000          822469 
   31165.000000          821949 
   31170.000000          821430 
   31175.000000          820911 
   31180.000000          820393 
   31185.000000          819874 
   31190.000000          819357 
   31195.000000          818840 
   31200.000000          818323 
   31205.000000          817807 
   31210.000000          817291 
   31215.000000          816775 
   31220.000000          816259 
   31225.000000          815745 
   31230.000000          815230 
   31235.000000          814716 
   31240.000000          814203 
   31245.000000          813690 
   31250.000000          813177 
   31255.000000          812665 
   31260.000000          812152 
   31265.000000          811641 
   31270.000000          811130 
   31275.000000          810619 
   31280.000000          810109 
   31285.000000          809599 
   31290.000000          809090 
   31295.000000          808580 
   31300.000000          808071 
   31305.000000          807564 
   31310.000000          807056 
   31315.000000          806548 
   31320.000000          806040 
   31325.000000          805534 
   31330.000000          805028 
   31335.000000          804522 
   31340.000000          804016 
   31345.000000          803511 
   31350.000000          803006 
   31355.000000          802502 
   31360.000000          801998 
   31365.000000          801495 
   31370.000000          800992 
   31375.000000          800489 
   31380.000000          799986 
   31385.000000          799484 
   31390.000000          798982 
   31395.000000          798482 
   31400.000000          797981 
   31405.000000          797480 
   31410.000000          796980 
   31415.000000          796480 
   31420.000000          795982 
   31425.000000          795482 
   31430.000000          794984 
   31435.000000          794486 
   31440.000000          793988 
   31445.000000          793491 
   31450.000000          792994 
   31453.711814          792626 
   31454.489588          791768 
   31455.267400          792032 
   31456.045251          792383 
   31456.823140          792580 
   31457.601068          792229 
   31458.379034          791724 
   31459.157038          791306 
   31459.935081          792008 
   31465.000000          791507 
   31470.000000          791011 
   31475.000000          790516 
   31480.000000          790021 
   31485.000000          789527 
   31490.000000          789034 
   31495.000000          788540 
   31500.000000          788047 
   31504.081132          787645 
   31504.860151          787525 
   31505.639209          787492 
   31506.418305          787451 
   31507.197440          787392 
   31507.976613          787298 
   31508.755825          787185 
   31509.535076          787065 
   31510.314365          787031 
   31515.000000          786571 
   31520.000000          786079 
   31525.000000          785588 
   31530.000000          785097 
   31535.000000          784607 
   31540.000000          784117 
   31545.000000          783628 
   31550.000000          783139 
   31555.000000          782650 
   31560.000000          782162 
   31565.000000          781673 
   31570.000000          781185 
   31575.000000          780698 
   31580.000000          780211 
   31585.000000          779725 
   31590.000000          779239 
   31595.000000          778753 
   31600.000000          778268 
   31605.000000          777783 
   31610.000000          777298 
   31615.000000          776814 
   31620.000000          776330 
   31625.000000          775847 
   31630.000000          775364 
   31635.000000          774881 
   31640.000000          774399 
   31645.000000          773917 
   31650.000000          773436 
   31655.000000          772954 
   31660.000000          772474 
   31665.000000          771993 
   31670.000000          771513 
   31675.000000          771034 
   31680.000000          770554 
   31685.000000          770075 
   31690.000000          769597 
   31695.000000          769118 
   31700.000000          768641 
   31705.000000          768163 
   31710.000000          767686 
   31715.000000          767209 
   31720.000000          766733 
   31725.000000          766257 
   31730.000000          765781 
   31735.000000          765306 
   31740.000000          764831 
   31745.000000          764357 
   31750.000000          763883 
   31755.000000          763409 
   31760.000000          762935 
   31765.000000          762463 
   31770.000000          761990 
   31775.000000          761518 
   31780.000000          761046 
   31785.000000          760574 
   31790.000000          760103 
   31795.000000          759632 
   31800.000000          759162 
   31805.000000          758692 
   31810.000000          758222 
   31815.000000          757752 
   31820.000000          757284 
   31825.000000          756815 
   31830.000000          756347 
   31835.000000          755879 
   31840.000000          755411 
   31845.000000          754944 
   31850.000000          754477 
   31855.000000          754011 
   31860.000000          753545 
   31865.000000          753079 
   31870.000000          752613 
   31875.000000          752148 
   31880.000000          751684 
   31885.000000          751220 
   31890.000000          750756 
   31895.000000          750292 
   31900.000000          749829 
   31905.000000          749366 
   31910.000000          748904 
   31915.000000          748441 
   31920.000000          747980 
   31925.000000          747518 
   31930.000000          747057 
   31935.000000          746597 
   31940.000000          746136 
   31945.000000          745676 
   31950.000000          745217 
   31955.000000          744757 
   31960.000000          744298 
   31965.000000          743840 
   31970.000000          743382 
   31975.000000          742923 
   31980.000000          742466 
   31985.000000          742009 
   31990.000000          741552 
   31995.000000          741095 
   32000.000000          740639 
   32005.000000          740184 
   32010.000000          739728 
   32015.000000          739273 
   32020.000000          738819 
   32025.000000          738364 
   32030.000000          737910 
   32035.000000          737456 
   32040.000000          737003 
   32045.000000          736550 
   32050.000000          736097 
   32055.000000          735645 
   32060.000000          735193 
   32065.000000          734742 
   32070.000000          734290 
   32075.000000          733840 
   32080.000000          733389 
   32085.000000          732939 
   32090.000000          732489 
   32095.000000          732040 
   32100.000000          731591 
   32105.000000          731142 
   32110.000000          730694 
   32115.000000          730245 
   32120.000000          729797 
   32125.000000          729350 
   32130.000000          728903 
   32135.000000          728456 
   32140.000000          728010 
   32145.000000          727564 
   32150.000000          727118 
   32155.000000          726673 
   32160.000000          726228 
   32165.000000          725783 
   32170.000000          725339 
   32175.000000          724895 
   32180.000000          724451 
   32185.000000          724008 
   32190.000000          723565 
   32195.000000          723122 
   32200.000000          722680 
   32205.000000          722238 
   32210.000000          721796 
   32215.000000          721355 
   32220.000000          720914 
   32225.000000          720474 
   32230.000000          720033 
   32235.000000          719594 
   32240.000000          719154 
   32245.000000          718715 
   32250.000000          718276 
   32255.000000          717837 
   32260.000000          717399 
   32265.000000          716961 
   32270.000000          716523 
   32275.000000          716086 
   32280.000000          715649 
   32285.000000          715212 
   32290.000000          714776 
   32295.000000          714340 
   32300.000000          713905 
   32305.000000          713469 
   32310.000000          713034 
   32315.000000          712600 
   32320.000000          712166 
   32325.000000          711732 
   32330.000000          711298 
   32335.000000          710865 
   32340.000000          710432 
   32345.000000          710000 
   32350.000000          709567 
   32355.000000          709135 
   32360.000000          708704 
   32365.000000          708272 
   32370.000000          707842 
   32375.000000          707411 
   32380.000000          706981 
   32385.000000          706551 
   32390.000000          706121 
   32395.000000          705692 
   32400.000000          705262 
   32405.000000          704834 
   32410.000000          704406 
   32415.000000          703978 
   32420.000000          703550 
   32425.000000          703123 
   32430.000000          702696 
   32435.000000          702269 
   32440.000000          701843 
   32445.000000          701417 
   32450.000000          700991 
   32455.000000          700565 
   32460.000000          700141 
   32465.000000          699716 
   32470.000000          699292 
   32475.000000          698867 
   32480.000000          698443 
   32485.000000          698020 
   32490.000000          697596 
   32495.000000          697174 
   32500.000000          696751 
   32505.000000          696329 
   32510.000000          695907 
   32515.000000          695486 
   32520.000000          695064 
   32525.000000          694644 
   32530.000000          694223 
   32535.000000          693803 
   32540.000000          693383 
   32545.000000          692963 
   32550.000000          692544 
   32555.000000          692125 
   32560.000000          691706 
   32565.000000          691288 
   32570.000000          690870 
   32575.000000          690452 
   32580.000000          690035 
   32585.000000          689618 
   32590.000000          689201 
   32595.000000          688784 
   32600.000000          688369 
   32605.000000          687953 
   32610.000000          687537 
   32615.000000          687122 
   32620.000000          686707 
   32625.000000          686293 
   32630.000000          685878 
   32635.000000          685464 
   32640.000000          685050 
   32645.000000          684637 
   32650.000000          684224 
   32655.000000          683812 
   32660.904501          683325 
   32665.000000          682615 
   32670.000000          682190 
   32675.000000          681764 
   32680.000000          681338 
   32685.000000          680910 
   32690.000000          680482 
   32695.000000          680056 
   32700.000000          679630 
   32705.000000          679204 
   32710.000000          678777 
   32715.000000          678350 
   32720.000000          677922 
   32725.000000          677494 
   32730.000000          677066 
   32735.000000          676638 
   32740.000000          676209 
   32745.000000          675778 
   32750.000000          675348 
   32755.000000          674918 
   32760.000000          674488 
   32765.000000          674056 
   32770.000000          673625 
   32775.000000          673198 
   32780.000000          672770 
   32785.000000          672335 
   32790.000000          671902 
   32795.000000          671470 
   32800.000000          671038 
   32805.000000          670606 
   32807.855382          670362 
   32814.690622          669782 
   32820.000000          669319 
   32823.436100          669022 
   32830.000000          668459 
   32835.000000          668031 
   32840.000000          667612 
   32845.000000          667189 
   32850.000000          666760 
   32855.000000          666339 
   32860.000000          665921 
   32865.000000          665514 
   32870.000000          665098 
   32875.000000          664687 
   32880.000000          664283 
   32885.000000          663891 
   32892.128049          663327 
   32895.000000          663105 
   32900.000000          662728 
   32905.000000          662355 
   32910.000000          661991 
   32915.000000          661643 
   32920.000000          661296 
   32925.000000          660969 
   32930.983979          660588 
   32935.000000          660348 
   32940.000000          660061 
   32944.310478          659836 
   32945.125110          659972 
   32945.939783          659988 
   32946.754497          660002 
   32947.569250          659993 
   32948.384044          659932 
   32949.198878          659850 
   32950.013752          659764 
   32950.446390          659724 
   32950.828667          659569 
   32955.000000          659433 
   32960.186225          659011 
   32965.058302          657731 
   32967.494881          659192 
   32968.713306          661270 
   32969.200700          661867 
   32969.444403          662053 
   32969.688110          662163 
   32969.931820          662211 
   32970.175534          662125 
   32970.419251          661976 
   32970.662972          661751 
   32971.150425          661077 
   32972.369119          658809 
   32974.806779          656968 
   32979.683179          657481 
   32985.000000          657072 
   32989.440309          656521 
   32995.000000          655877 
   33000.000000          655354 
   33005.000000          654859 
   33008.971898          654474 
   33015.000000          653914 
   33020.000000          653459 
   33025.000000          653023 
   33030.000000          652588 
   33035.000000          652169 
   33040.000000          651759 
   33045.000000          651353 
   33048.104541          651106 
   33055.000000          650571 
   33060.000000          650178 
   33065.000000          649799 
   33070.000000          649424 
   33075.000000          649056 
   33080.000000          648677 
   33085.000000          648310 
   33090.000000          647946 
   33095.000000          647587 
   33100.000000          647228 
   33105.000000          646859 
   33110.000000          646500 
   33115.000000          646143 
   33120.000000          645787 
   33126.648844          645319 
   33130.000000          645078 
   33135.000000          644714 
   33140.000000          644358 
   33145.000000          644003 
   33150.000000          643647 
   33155.000000          643292 
   33160.000000          642939 
   33165.000000          642582 
   33170.000000          642221 
   33175.000000          641863 
   33180.000000          641507 
   33185.000000          641149 
   33190.000000          640790 
   33195.000000          640432 
   33200.000000          640075 
   33205.000000          639716 
   33210.000000          639356 
   33215.000000          638995 
   33220.000000          638636 
   33225.000000          638275 
   33230.000000          637914 
   33235.000000          637552 
   33240.000000          637190 
   33245.000000          636827 
   33250.000000          636464 
   33255.000000          636101 
   33260.000000          635740 
   33265.000000          635380 
   33270.000000          635017 
   33275.000000          634654 
   33280.000000          634289 
   33284.862839          634230 
   33290.000000          633845 
   33295.000000          633470 
   33300.000000          633096 
   33305.213598          632705 
   33306.037155          632600 
   33306.860753          632234 
   33307.684391          631324 
   33308.508070          630667 
   33309.331790          631201 
   33310.155550          631988 
   33310.979352          632231 
   33311.803194          632212 
   33315.000000          631973 
   33320.000000          631600 
   33325.000000          631226 
   33330.000000          630853 
   33335.000000          630481 
   33340.000000          630108 
   33345.000000          629736 
   33350.000000          629364 
   33355.000000          628992 
   33360.000000          628621 
   33365.000000          628250 
   33370.000000          627879 
   33375.000000          627509 
   33380.000000          627139 
   33385.000000          626768 
   33390.000000          626399 
   33395.000000          626029 
   33400.000000          625660 
   33405.000000          625292 
   33410.000000          624923 
   33415.000000          624554 
   33420.000000          624186 
   33425.000000          623819 
   33430.000000          623451 
   33435.000000          623084 
   33440.000000          622717 
   33445.000000          622350 
   33450.000000          621984 
   33455.000000          621618 
   33460.000000          621252 
   33465.000000          620886 
   33470.000000          620521 
   33475.000000          620155 
   33480.000000          619790 
   33485.000000          619427 
   33490.000000          619062 
   33495.000000          618698 
   33500.000000          618334 
   33505.000000          617971 
   33510.000000          617608 
   33515.000000          617244 
   33520.000000          616882 
   33525.000000          616520 
   33530.000000          616157 
   33535.000000          615795 
   33540.000000          615434 
   33545.000000          615073 
   33550.000000          614711 
   33555.000000          614350 
   33560.000000          613990 
   33565.000000          613630 
   33570.000000          613270 
   33575.000000          612910 
   33580.000000          612550 
   33585.000000          612191 
   33590.000000          611833 
   33595.000000          611473 
   33600.000000          611115 
   33605.000000          610757 
   33610.000000          610399 
   33615.000000          610041 
   33620.000000          609684 
   33625.000000          609327 
   33630.000000          608970 
   33635.000000          608614 
   33640.000000          608257 
   33645.000000          607901 
   33650.000000          607545 
   33655.000000          607189 
   33660.000000          606834 
   33665.000000          606479 
   33670.000000          606124 
   33675.000000          605770 
   33680.000000          605416 
   33685.000000          605062 
   33690.000000          604708 
   33695.000000          604355 
   33700.000000          604001 
   33705.000000          603649 
   33710.000000          603295 
   33715.000000          602944 
   33720.000000          602591 
   33725.000000          602239 
   33730.000000          601887 
   33735.000000          601536 
   33740.000000          601185 
   33745.000000          600834 
   33750.000000          600483 
   33755.000000          600133 
   33760.000000          599783 
   33765.000000          599433 
   33770.000000          599083 
   33775.000000          598734 
   33780.000000          598385 
   33785.000000          598036 
   33790.000000          597688 
   33795.000000          597339 
   33800.000000          596991 
   33805.000000          596643 
   33810.000000          596296 
   33815.000000          595948 
   33820.000000          595601 
   33825.000000          595254 
   33830.000000          594908 
   33835.000000          594562 
   33840.000000          594216 
   33845.000000          593870 
   33850.000000          593524 
   33855.000000          593179 
   33860.000000          592834 
   33865.000000          592489 
   33870.000000          592144 
   33875.000000          591800 
   33880.000000          591456 
   33885.000000          591112 
   33890.000000          590769 
   33895.000000          590426 
   33900.000000          590083 
   33905.000000          589739 
   33910.000000          589397 
   33915.000000          589055 
   33920.000000          588712 
   33925.000000          588371 
   33930.000000          588029 
   33935.000000          587688 
   33940.000000          587347 
   33945.000000          587006 
   33950.000000          586666 
   33955.000000          586325 
   33960.000000          585985 
   33965.000000          585645 
   33970.000000          585306 
   33975.000000          584966 
   33980.000000          584628 
   33985.000000          584289 
   33990.000000          583950 
   33995.000000          583612 
   34000.000000          583274 
   34005.000000          582936 
   34010.000000          582598 
   34015.000000          582261 
   34020.000000          581923 
   34025.000000          581587 
   34030.000000          581250 
   34035.000000          580914 
   34040.000000          580578 
   34045.000000          580242 
   34050.000000          579906 
   34055.000000          579571 
   34060.000000          579236 
   34065.000000          578901 
   34070.000000          578566 
   34075.000000          578231 
   34080.000000          577897 
   34085.000000          577564 
   34090.000000          577230 
   34095.000000          576896 
   34100.000000          576563 
   34105.000000          576230 
   34110.000000          575897 
   34115.000000          575565 
   34120.000000          575233 
   34125.000000          574901 
   34130.000000          574569 
   34135.000000          574237 
   34140.000000          573906 
   34145.000000          573575 
   34150.000000          573244 
   34155.000000          572913 
   34160.000000          572583 
   34165.000000          572253 
   34170.000000          571923 
   34175.000000          571593 
   34180.000000          571264 
   34185.000000          570935 
   34190.000000          570606 
   34195.000000          570277 
   34200.000000          569949 
   34205.000000          569621 
   34210.000000          569293 
   34215.000000          568965 
   34220.000000          568637 
   34225.000000          568310 
   34230.000000          567983 
   34235.000000          567657 
   34240.000000          567330 
   34245.000000          567003 
   34250.000000          566677 
   34255.000000          566351 
   34260.000000          566026 
   34265.000000          565700 
   34270.000000          565375 
   34275.000000          565050 
   34280.000000          564726 
   34285.000000          564402 
   34290.000000          564077 
   34295.000000          563753 
   34300.000000          563429 
   34305.000000          563106 
   34310.000000          562783 
   34315.000000          562459 
   34320.000000          562137 
   34325.000000          561814 
   34330.000000          561492 
   34335.000000          561170 
   34340.000000          560848 
   34345.000000          560526 
   34350.000000          560205 
   34355.000000          559884 
   34360.000000          559563 
   34365.000000          559242 
   34370.000000          558921 
   34375.000000          558601 
   34380.000000          558281 
   34385.000000          557962 
   34390.000000          557641 
   34395.000000          557322 
   34400.000000          557003 
   34405.000000          556684 
   34410.000000          556366 
   34415.000000          556047 
   34420.000000          555729 
   34425.000000          555411 
   34430.000000          555093 
   34435.000000          554776 
   34440.000000          554458 
   34445.000000          554141 
   34450.000000          553825 
   34455.000000          553508 
   34460.000000          553191 
   34465.000000          552875 
   34470.000000          552559 
   34475.000000          552244 
   34480.000000          551928 
   34485.000000          551613 
   34490.000000          551298 
   34495.000000          550983 
   34500.000000          550668 
   34505.000000          550355 
   34510.000000          550040 
   34515.000000          549726 
   34520.000000          549412 
   34525.000000          549099 
   34530.000000          548786 
   34535.000000          548473 
   34540.000000          548160 
   34545.000000          547847 
   34550.000000          547535 
   34555.000000          547223 
   34560.000000          546911 
   34565.000000          546599 
   34570.000000          546288 
   34575.000000          545977 
   34580.000000          545666 
   34585.000000          545355 
   34590.000000          545044 
   34595.000000          544734 
   34600.000000          544424 
   34605.000000          544114 
   34610.000000          543804 
   34615.000000          543495 
   34620.000000          543186 
   34625.000000          542876 
   34630.000000          542568 
   34635.000000          542259 
   34640.000000          541951 
   34645.000000          541643 
   34650.000000          541335 
   34655.000000          541027 
   34660.000000          540720 
   34665.000000          540412 
   34670.000000          540105 
   34675.000000          539799 
   34680.000000          539492 
   34685.000000          539185 
   34690.000000          538879 
   34695.000000          538573 
   34700.000000          538268 
   34705.000000          537962 
   34710.000000          537657 
   34715.000000          537352 
   34720.000000          537047 
   34725.000000          536742 
   34730.000000          536438 
   34735.000000          536134 
   34740.000000          535830 
   34745.000000          535526 
   34750.000000          535222 
   34755.000000          534919 
   34760.000000          534616 
   34765.000000          534313 
   34770.000000          534010 
   34775.000000          533708 
   34780.000000          533405 
   34785.000000          533103 
   34790.000000          532802 
   34795.000000          532499 
   34800.000000          532198 
   34805.000000          531897 
   34810.000000          531596 
   34815.000000          531295 
   34820.000000          530995 
   34825.524403          530663 
   34826.385553          530609 
   34827.246746          530636 
   34828.107982          530651 
   34828.969260          530635 
   34829.830581          530548 
   34830.691944          530430 
   34831.553350          530299 
   34832.414799          530249 
   34835.000000          530094 
   34840.000000          529795 
   34845.000000          529496 
   34850.000000          529196 
   34855.000000          528897 
   34860.000000          528598 
   34865.000000          528299 
   34870.000000          528001 
   34875.000000          527703 
   34880.000000          527405 
   34885.000000          527107 
   34890.000000          526809 
   34895.000000          526512 
   34900.000000          526215 
   34905.000000          525918 
   34910.000000          525620 
   34915.000000          525325 
   34920.000000          525028 
   34925.000000          524732 
   34930.000000          524436 
   34935.000000          524140 
   34940.000000          523845 
   34945.000000          523550 
   34950.000000          523254 
   34955.000000          522960 
   34960.000000          522665 
   34965.000000          522370 
   34970.000000          522076 
   34975.000000          521782 
   34980.000000          521488 
   34985.000000          521195 
   34990.000000          520901 
   34995.000000          520608 
   35000.000000          520315 
   35005.000000          520022 
   35010.000000          519729 
   35015.000000          519437 
   35020.000000          519145 
   35025.000000          518853 
   35030.000000          518561 
   35035.000000          518269 
   35040.000000          517978 
   35045.000000          517687 
   35050.000000          517396 
   35055.000000          517105 
   35060.000000          516815 
   35065.000000          516524 
   35070.000000          516234 
   35075.000000          515944 
   35080.000000          515654 
   35085.000000          515365 
   35090.000000          515076 
   35095.000000          514786 
   35100.000000          514498 
   35105.000000          514209 
   35110.000000          513920 
   35115.000000          513632 
   35120.000000          513344 
   35125.000000          513056 
   35130.000000          512769 
   35135.000000          512481 
   35140.000000          512194 
   35145.000000          511907 
   35150.000000          511620 
   35155.000000          511333 
   35160.000000          511047 
   35165.000000          510760 
   35170.000000          510474 
   35175.000000          510188 
   35180.000000          509903 
   35185.000000          509617 
   35190.000000          509332 
   35195.000000          509046 
   35200.000000          508761 
   35205.000000          508477 
   35210.000000          508193 
   35215.000000          507909 
   35220.000000          507625 
   35225.000000          507341 
   35230.000000          507057 
   35235.000000          506773 
   35240.000000          506490 
   35245.000000          506207 
   35250.000000          505924 
   35255.000000          505641 
   35260.000000          505359 
   35265.000000          505077 
   35270.000000          504794 
   35275.000000          504512 
   35280.000000          504231 
   35285.000000          503949 
   35290.000000          503668 
   35295.000000          503387 
   35300.000000          503106 
   35305.000000          502825 
   35310.000000          502545 
   35315.000000          502264 
   35320.000000          501984 
   35325.000000          501704 
   35330.000000          501425 
   35335.000000          501145 
   35340.000000          500866 
   35345.000000          500586 
   35350.000000          500307 
   35355.000000          500029 
   35360.000000          499750 
   35365.000000          499471 
   35370.000000          499193 
   35375.000000          498915 
   35380.000000          498638 
   35385.000000          498360 
   35390.000000          498083 
   35395.000000          497805 
   35400.000000          497528 
   35405.000000          497252 
   35410.000000          496975 
   35415.000000          496699 
   35420.000000          496422 
   35425.000000          496146 
   35430.000000          495870 
   35435.000000          495594 
   35442.233349          495196 
   35443.109750          495088 
   35443.986193          495502 
   35444.862680          495997 
   35445.739210          496270 
   35446.615784          495901 
   35447.492400          495309 
   35448.369061          494799 
   35449.245764          494810 
   35455.000000          494494 
   35460.000000          494219 
   35465.000000          493945 
   35470.000000          493670 
   35475.000000          493396 
   35480.000000          493122 
   35485.000000          492848 
   35490.000000          492575 
   35495.000000          492302 
   35500.000000          492028 
   35505.000000          491755 
   35510.000000          491482 
   35515.000000          491210 
   35520.000000          490938 
   35525.000000          490665 
   35530.000000          490393 
   35535.000000          490121 
   35540.000000          489849 
   35545.000000          489578 
   35550.000000          489307 
   35555.000000          489035 
   35560.000000          488765 
   35565.000000          488494 
   35570.000000          488223 
   35575.000000          487953 
   35580.000000          487683 
   35585.000000          487413 
   35590.000000          487143 
   35595.000000          486873 
   35600.000000          486604 
   35605.000000          486335 
   35610.000000          486066 
   35615.000000          485797 
   35620.000000          485528 
   35625.000000          485260 
   35630.000000          484991 
   35635.000000          484723 
   35640.000000          484455 
   35645.000000          484187 
   35650.000000          483920 
   35655.000000          483652 
   35660.000000          483385 
   35665.000000          483119 
   35670.000000          482851 
   35675.000000          482585 
   35680.000000          482318 
   35685.000000          482052 
   35690.000000          481786 
   35695.000000          481520 
   35700.000000          481254 
   35705.000000          480989 
   35710.000000          480724 
   35715.000000          480458 
   35720.000000          480193 
   35725.000000          479929 
   35730.000000          479664 
   35735.000000          479399 
   35740.000000          479135 
   35745.000000          478871 
   35750.000000          478607 
   35755.000000          478344 
   35760.000000          478080 
   35765.000000          477817 
   35770.000000          477553 
   35775.000000          477291 
   35780.000000          477028 
   35785.000000          476765 
   35790.000000          476503 
   35795.000000          476240 
   35800.000000          475978 
   35805.000000          475716 
   35810.000000          475455 
   35815.000000          475193 
   35820.000000          474932 
   35825.000000          474670 
   35830.000000          474410 
   35835.000000          474149 
   35840.000000          473888 
   35845.000000          473628 
   35850.000000          473367 
   35855.000000          473108 
   35860.000000          472847 
   35865.000000          472588 
   35870.000000          472328 
   35875.000000          472069 
   35880.000000          471809 
   35885.000000          471551 
   35890.000000          471292 
   35895.000000          471033 
   35900.000000          470774 
   35905.000000          470516 
   35910.000000          470258 
   35915.000000          470000 
   35920.000000          469742 
   35925.000000          469485 
   35930.000000          469227 
   35935.000000          468970 
   35940.000000          468713 
   35945.000000          468456 
   35950.000000          468199 
   35955.000000          467943 
   35960.000000          467686 
   35965.000000          467430 
   35970.000000          467174 
   35975.000000          466918 
   35980.000000          466663 
   35985.000000          466407 
   35990.000000          466151 
   35995.000000          465897 
   36000.000000          465642 
   36005.000000          465387 
   36010.000000          465132 
   36015.000000          464878 
   36020.000000          464624 
   36025.000000          464369 
   36030.000000          464116 
   36035.000000          463861 
   36040.000000          463608 
   36045.000000          463355 
   36050.000000          463102 
   36055.000000          462849 
   36060.000000          462596 
   36065.000000          462343 
   36070.000000          462090 
   36075.000000          461838 
   36080.000000          461586 
   36085.000000          461334 
   36090.000000          461082 
   36095.000000          460830 
   36100.000000          460579 
   36105.000000          460328 
   36110.000000          460077 
   36115.000000          459825 
   36120.000000          459574 
   36125.000000          459324 
   36130.000000          459073 
   36135.000000          458823 
   36140.000000          458573 
   36145.000000          458323 
   36150.000000          458073 
   36155.000000          457824 
   36160.000000          457574 
   36165.000000          457325 
   36170.000000          457076 
   36175.000000          456827 
   36180.000000          456578 
   36185.000000          456330 
   36190.000000          456081 
   36195.000000          455833 
   36200.000000          455585 
   36205.000000          455337 
   36210.000000          455089 
   36215.000000          454842 
   36220.000000          454594 
   36225.000000          454347 
   36230.000000          454100 
   36235.000000          453853 
   36240.000000          453606 
   36245.000000          453359 
   36250.000000          453113 
   36255.000000          452867 
   36260.000000          452621 
   36265.000000          452375 
   36270.000000          452129 
   36275.000000          451884 
   36280.000000          451638 
   36285.000000          451393 
   36290.000000          451148 
   36295.000000          450903 
   36300.000000          450658 
   36305.000000          450414 
   36310.000000          450169 
   36315.000000          449925 
   36320.000000          449681 
   36325.000000          449437 
   36330.000000          449193 
   36335.000000          448950 
   36340.000000          448707 
   36345.000000          448464 
   36350.000000          448220 
   36355.000000          447977 
   36360.000000          447735 
   36365.000000          447492 
   36370.000000          447249 
   36375.000000          447007 
   36380.000000          446765 
   36385.000000          446523 
   36390.000000          446282 
   36395.000000          446040 
   36400.000000          445799 
   36405.000000          445557 
   36410.000000          445316 
   36415.000000          445075 
   36420.000000          444834 
   36425.000000          444594 
   36430.000000          444353 
   36435.000000          444113 
   36440.000000          443873 
   36445.000000          443633 
   36450.000000          443393 
   36455.000000          443154 
   36460.000000          442914 
   36465.000000          442675 
   36470.000000          442436 
   36475.000000          442197 
   36480.000000          441958 
   36485.000000          441720 
   36490.000000          441481 
   36495.000000          441242 
   36500.000000          441004 
   36505.000000          440766 
   36510.000000          440528 
   36515.000000          440291 
   36520.000000          440053 
   36525.000000          439816 
   36530.000000          439579 
   36535.000000          439342 
   36540.000000          439104 
   36545.000000          438868 
   36550.000000          438631 
   36555.000000          438395 
   36560.000000          438159 
   36565.000000          437923 
   36570.000000          437687 
   36575.000000          437451 
   36580.000000          437215 
   36585.000000          436980 
   36590.000000          436745 
   36595.000000          436509 
   36600.000000          436274 
   36605.000000          436040 
   36610.000000          435805 
   36615.000000          435571 
   36620.000000          435336 
   36625.000000          435102 
   36630.000000          434868 
   36635.000000          434634 
   36640.000000          434400 
   36645.000000          434167 
   36650.000000          433933 
   36655.000000          433700 
   36660.000000          433467 
   36665.000000          433234 
   36670.000000          433001 
   36675.000000          432769 
   36680.000000          432536 
   36685.000000          432304 
   36690.000000          432072 
   36695.000000          431840 
   36700.000000          431608 
   36705.000000          431376 
   36710.000000          431145 
   36715.000000          430913 
   36720.000000          430682 
   36725.000000          430451 
   36730.000000          430220 
   36735.000000          429989 
   36740.000000          429759 
   36745.000000          429528 
   36750.000000          429298 
   36755.000000          429068 
   36760.000000          428838 
   36765.000000          428608 
   36770.000000          428378 
   36775.000000          428149 
   36780.000000          427920 
   36785.000000          427690 
   36790.000000          427461 
   36795.000000          427232 
   36800.000000          427004 
   36805.000000          426775 
   36810.000000          426547 
   36815.000000          426319 
   36820.000000          426090 
   36825.000000          425862 
   36830.000000          425635 
   36835.000000          425407 
   36840.000000          425179 
   36845.000000          424952 
   36850.000000          424725 
   36855.000000          424498 
   36860.000000          424271 
   36865.000000          424044 
   36870.000000          423817 
   36875.000000          423591 
   36880.000000          423365 
   36885.000000          423139 
   36890.000000          422913 
   36895.000000          422687 
   36900.000000          422461 
   36905.000000          422235 
   36910.000000          422010 
   36915.000000          421785 
   36920.000000          421560 
   36925.000000          421335 
   36930.000000          421110 
   36935.000000          420885 
   36940.000000          420661 
   36945.000000          420437 
   36950.000000          420212 
   36955.000000          419988 
   36960.000000          419764 
   36965.000000          419541 
   36970.000000          419317 
   36975.000000          419094 
   36980.000000          418870 
   36985.000000          418647 
   36990.000000          418424 
   36995.000000          418202 
   37000.000000          417979 
   37005.000000          417756 
   37010.000000          417534 
   37015.000000          417312 
   37020.000000          417089 
   37025.000000          416868 
   37032.053008          416555 
   37032.968721          416375 
   37033.884479          415633 
   37034.800282          415067 
   37035.716130          415171 
   37036.632024          414986 
   37037.547963          415472 
   37038.463947          416132 
   37039.379977          416230 
   37045.000000          415981 
   37050.000000          415760 
   37054.974507          415540 
   37060.000000          415165 
   37065.000000          414942 
   37070.000000          414718 
   37075.000000          414491 
   37080.000000          414263 
   37085.000000          414036 
   37090.000000          413808 
   37095.000000          413580 
   37100.000000          413349 
   37105.000000          413118 
   37110.000000          412889 
   37115.000000          412661 
   37120.000000          412434 
   37125.000000          412206 
   37130.000000          411976 
   37135.000000          411747 
   37140.000000          411517 
   37145.000000          411286 
   37150.000000          411056 
   37155.000000          410827 
   37160.000000          410596 
   37165.000000          410364 
   37170.000000          410131 
   37175.000000          409899 
   37180.000000          409667 
   37185.000000          409435 
   37190.000000          409201 
   37195.000000          408969 
   37200.000000          408743 
   37205.000000          408512 
   37210.000000          408274 
   37215.000000          408039 
   37220.000000          407806 
   37225.000000          407572 
   37229.450410          407364 
   37235.000000          407114 
   37240.000000          406888 
   37245.000000          406651 
   37250.000000          406416 
   37255.000000          406187 
   37260.000000          405956 
   37265.000000          405732 
   37270.000000          405518 
   37275.000000          405286 
   37280.000000          405060 
   37285.000000          404840 
   37290.000000          404623 
   37295.000000          404421 
   37300.000000          404203 
   37305.000000          403994 
   37310.000000          403791 
   37317.305965          403516 
   37320.000000          403408 
   37325.000000          403221 
   37330.000000          403043 
   37335.000000          402879 
   37340.000000          402715 
   37345.000000          402566 
   37350.000000          402427 
   37355.000000          402297 
   37361.389419          402156 
   37365.000000          402084 
   37372.097692          401971 
   37373.021813          402388 
   37373.945980          402474 
   37374.870192          402555 
   37375.794450          402595 
   37376.718754          402532 
   37377.643103          402431 
   37378.567499          402326 
   37379.491940          401888 
   37383.470227          401867 
   37390.000000          401940 
   37394.520421          402141 
   37400.047968          402212 
   37402.812355          404951 
   37404.194701          407943 
   37404.747669          408787 
   37405.024158          409035 
   37405.300652          409189 
   37405.577150          409315 
   37405.853652          409165 
   37406.130158          408987 
   37406.406668          408716 
   37406.959701          407823 
   37408.342354          404715 
   37411.107967          401743 
   37416.640419          401206 
   37420.000000          400762 
   37425.000000          400233 
   37427.710235          400000 
   37435.000000          399442 
   37440.000000          399085 
   37445.000000          398747 
   37449.869527          398431 
   37455.000000          398113 
   37460.000000          397818 
   37465.000000          397540 
   37470.000000          397263 
   37475.000000          397003 
   37480.000000          396753 
   37485.000000          396504 
   37490.000000          396267 
   37494.266923          396078 
   37500.000000          395810 
   37505.000000          395591 
   37510.000000          395376 
   37515.000000          395174 
   37520.000000          394959 
   37525.000000          394750 
   37530.000000          394549 
   37535.000000          394350 
   37540.000000          394161 
   37545.000000          393962 
   37550.000000          393758 
   37555.000000          393566 
   37560.000000          393374 
   37565.000000          393184 
   37570.000000          392998 
   37575.000000          392808 
   37580.000000          392610 
   37583.378267          392480 
   37590.000000          392230 
   37595.000000          392041 
   37600.000000          391852 
   37605.000000          391665 
   37610.000000          391479 
   37615.000000          391286 
   37620.000000          391091 
   37625.000000          390901 
   37630.000000          390712 
   37635.000000          390521 
   37640.000000          390330 
   37645.000000          390140 
   37650.000000          389950 
   37655.000000          389759 
   37660.000000          389566 
   37665.000000          389372 
   37670.000000          389180 
   37675.000000          388987 
   37680.000000          388795 
   37685.000000          388601 
   37690.000000          388408 
   37695.000000          388213 
   37700.000000          388017 
   37705.000000          387821 
   37710.000000          387628 
   37715.000000          387435 
   37720.000000          387243 
   37725.000000          387048 
   37730.000000          386853 
   37735.000000          386657 
   37740.000000          386462 
   37745.000000          386267 
   37750.000000          386069 
   37755.000000          385870 
   37760.000000          385670 
   37762.877753          385674 
   37770.000000          385388 
   37775.000000          385187 
   37780.000000          384986 
   37785.000000          384785 
   37790.000000          384585 
   37795.000000          384384 
   37800.000000          384184 
   37805.000000          383984 
   37810.000000          383784 
   37815.000000          383584 
   37820.000000          383384 
   37825.000000          383184 
   37830.000000          382984 
   37835.000000          382785 
   37840.000000          382586 
   37845.000000          382386 
   37850.000000          382188 
   37855.000000          381989 
   37860.000000          381790 
   37865.000000          381591 
   37870.000000          381392 
   37875.000000          381194 
   37880.000000          380996 
   37885.000000          380798 
   37890.000000          380600 
   37895.000000          380402 
   37900.000000          380204 
   37905.000000          380006 
   37910.000000          379809 
   37915.000000          379612 
   37920.000000          379415 
   37925.000000          379217 
   37930.000000          379020 
   37935.000000          378824 
   37940.000000          378627 
   37945.000000          378430 
   37950.000000          378234 
   37955.000000          378038 
   37960.000000          377841 
   37965.000000          377645 
   37970.000000          377449 
   37975.000000          377253 
   37980.000000          377058 
   37985.000000          376862 
   37990.000000          376667 
   37995.000000          376471 
   38000.000000          376276 
   38005.000000          376081 
   38010.000000          375886 
   38015.000000          375691 
   38020.000000          375497 
   38025.000000          375302 
   38030.000000          375108 
   38035.000000          374913 
   38040.000000          374719 
   38045.000000          374525 
   38050.000000          374331 
   38055.000000          374137 
   38060.000000          373943 
   38065.000000          373750 
   38070.000000          373556 
   38075.000000          373363 
   38080.000000          373170 
   38085.000000          372977 
   38090.000000          372784 
   38095.000000          372591 
   38100.000000          372398 
   38105.000000          372206 
   38110.000000          372014 
   38115.000000          371821 
   38120.000000          371629 
   38125.000000          371437 
   38130.000000          371245 
   38135.000000          371054 
   38140.000000          370862 
   38145.000000          370670 
   38150.000000          370479 
   38155.000000          370288 
   38160.000000          370096 
   38165.000000          369905 
   38170.000000          369714 
   38175.000000          369524 
   38180.000000          369333 
   38185.000000          369142 
   38190.000000          368952 
   38195.000000          368761 
   38200.000000          368571 
   38205.000000          368381 
   38210.000000          368191 
   38215.000000          368001 
   38220.000000          367812 
   38225.000000          367622 
   38230.000000          367433 
   38235.000000          367243 
   38240.000000          367054 
   38245.000000          366865 
   38250.000000          366676 
   38255.000000          366487 
   38260.000000          366298 
   38265.000000          366110 
   38270.000000          365921 
   38275.000000          365733 
   38280.000000          365545 
   38285.000000          365357 
   38290.000000          365169 
   38295.000000          364981 
   38300.000000          364793 
   38305.000000          364605 
   38310.000000          364418 
   38315.000000          364231 
   38320.000000          364043 
   38325.000000          363856 
   38330.000000          363669 
   38335.000000          363482 
   38340.000000          363295 
   38345.000000          363109 
   38350.000000          362922 
   38355.000000          362736 
   38360.000000          362550 
   38365.000000          362363 
   38370.000000          362177 
   38375.000000          361991 
   38380.000000          361805 
   38385.000000          361620 
   38390.000000          361434 
   38395.000000          361249 
   38400.000000          361063 
   38405.000000          360878 
   38410.000000          360693 
   38415.000000          360508 
   38420.000000          360323 
   38425.000000          360138 
   38430.000000          359954 
   38435.000000          359769 
   38440.000000          359585 
   38445.000000          359400 
   38450.000000          359216 
   38455.000000          359033 
   38460.000000          358848 
   38465.000000          358665 
   38470.000000          358481 
   38475.000000          358297 
   38480.000000          358114 
   38485.000000          357931 
   38490.000000          357747 
   38495.000000          357564 
   38500.000000          357381 
   38503.203370          357264 
   38510.000000          357016 
   38515.000000          356833 
   38520.000000          356651 
   38525.000000          356468 
   38530.000000          356286 
   38535.000000          356104 
   38540.000000          355922 
   38545.000000          355740 
   38550.000000          355558 
   38555.000000          355376 
   38560.000000          355195 
   38565.000000          355013 
   38570.000000          354832 
   38575.000000          354651 
   38580.000000          354470 
   38585.000000          354288 
   38590.000000          354107 
   38595.000000          353927 
   38600.000000          353746 
   38605.000000          353566 
   38610.000000          353386 
   38615.000000          353205 
   38620.000000          353025 
   38625.000000          352845 
   38630.000000          352665 
   38635.000000          352485 
   38640.000000          352305 
   38645.000000          352126 
   38650.000000          351946 
   38655.000000          351767 
   38660.000000          351587 
   38665.000000          351408 
   38670.000000          351229 
   38675.000000          351050 
   38680.000000          350872 
   38685.000000          350693 
   38690.000000          350514 
   38695.000000          350336 
   38700.000000          350158 
   38705.000000          349979 
   38709.260518          349827 
   38715.000000          349618 
   38720.000000          349441 
   38725.000000          349263 
   38730.000000          349085 
   38735.000000          348908 
   38740.000000          348731 
   38745.000000          348553 
   38750.000000          348376 
   38755.000000          348199 
   38760.000000          348022 
   38765.000000          347846 
   38770.000000          347669 
   38775.000000          347493 
   38780.000000          347317 
   38785.000000          347140 
   38790.000000          346964 
   38795.000000          346788 
   38800.000000          346612 
   38805.000000          346437 
   38810.000000          346261 
   38815.000000          346086 
   38820.000000          345910 
   38825.000000          345735 
   38830.000000          345560 
   38835.000000          345385 
   38840.000000          345210 
   38845.000000          345036 
   38850.000000          344861 
   38855.000000          344687 
   38860.000000          344512 
   38865.000000          344338 
   38870.000000          344164 
   38875.000000          343990 
   38880.000000          343817 
   38885.000000          343643 
   38891.525740          343417 
   38895.000000          343296 
   38900.000000          343123 
   38905.000000          342950 
   38910.000000          342777 
   38915.000000          342604 
   38920.000000          342431 
   38925.000000          342259 
   38930.000000          342086 
   38935.000000          341914 
   38940.000000          341742 
   38945.000000          341570 
   38950.000000          341398 
   38955.000000          341226 
   38960.000000          341054 
   38965.000000          340883 
   38970.000000          340712 
   38975.000000          340540 
   38980.000000          340370 
   38983.303527          340257 
   38990.000000          340028 
   38995.000000          339857 
   39000.000000          339687 
   39005.000000          339516 
   39010.000000          339346 
   39015.000000          339175 
   39020.000000          339005 
   39025.000000          338835 
   39029.355048          338686 
   39035.000000          338492 
   39040.000000          338321 
   39045.000000          338149 
   39052.421633          337894 
   39055.000000          337806 
   39060.000000          337640 
   39063.965154          337515 
   39069.739473          337369 
   39072.627273          337331 
   39074.071333          337315 
   39074.648987          337305 
   39074.937820          337298 
   39075.226658          337290 
   39075.515500          337283 
   39075.804346          337271 
   39076.093197          337259 
   39076.382051          337246 
   39076.959774          337216 
   39078.404154          337134 
   39081.293235          336976 
   39087.072679          336729 
   39090.000000          336621 
   39095.000000          336446 
   39098.636696          336323 
   39105.000000          336108 
   39110.000000          335941 
   39115.000000          335772 
   39121.785270          335543 
   39125.000000          335434 
   39130.000000          335265 
   39135.000000          335095 
   39140.000000          334926 
   39145.000000          334756 
   39150.000000          334587 
   39155.000000          334417 
   39160.000000          334248 
   39165.000000          334079 
   39168.164748          333971 
   39175.000000          333740 
   39180.000000          333571 
   39185.000000          333403 
   39190.000000          333234 
   39195.000000          333066 
   39200.000000          332898 
   39205.000000          332730 
   39210.000000          332561 
   39215.000000          332393 
   39220.000000          332226 
   39225.000000          332058 
   39230.000000          331891 
   39235.000000          331723 
   39240.000000          331556 
   39245.000000          331389 
   39250.000000          331222 
   39255.000000          331055 
   39261.254388          330847 
   39265.000000          330722 
   39270.000000          330555 
   39275.000000          330389 
   39280.000000          330223 
   39285.000000          330057 
   39290.000000          329891 
   39295.000000          329725 
   39300.000000          329559 
   39305.000000          329394 
   39310.000000          329229 
   39315.000000          329063 
   39320.000000          328898 
   39325.000000          328733 
   39330.000000          328568 
   39335.000000          328403 
   39340.000000          328238 
   39345.000000          328073 
   39350.000000          327909 
   39355.000000          327744 
   39360.000000          327580 
   39365.000000          327416 
   39370.000000          327252 
   39375.000000          327088 
   39380.000000          326924 
   39385.000000          326761 
   39390.000000          326597 
   39395.000000          326433 
   39400.000000          326270 
   39405.000000          326107 
   39410.000000          325944 
   39415.000000          325780 
   39420.000000          325618 
   39425.000000          325455 
   39430.000000          325292 
   39435.000000          325129 
   39440.000000          324967 
   39445.000000          324805 
   39448.767467          324686 
   39455.000000          324484 
   39460.000000          324322 
   39465.000000          324160 
   39470.000000          323998 
   39475.000000          323836 
   39480.000000          323675 
   39485.000000          323513 
   39490.000000          323352 
   39495.000000          323191 
   39500.000000          323029 
   39505.000000          322868 
   39511.926105          322645 
   39512.903139          322719 
   39513.880221          322700 
   39514.857351          322679 
   39515.834530          322654 
   39516.811757          322616 
   39517.789032          322574 
   39518.766356          322530 
   39519.743728          322394 
   39525.000000          322225 
   39530.000000          322064 
   39535.000000          321904 
   39540.000000          321743 
   39545.000000          321583 
   39550.000000          321423 
   39555.000000          321263 
   39560.000000          321103 
   39565.000000          320943 
   39570.000000          320783 
   39575.000000          320623 
   39580.000000          320464 
   39585.000000          320305 
   39590.000000          320145 
   39595.000000          319986 
   39600.000000          319827 
   39605.000000          319667 
   39610.000000          319508 
   39615.000000          319349 
   39620.000000          319191 
   39625.000000          319032 
   39630.000000          318873 
   39635.000000          318715 
   39640.000000          318557 
   39645.000000          318398 
   39650.000000          318240 
   39655.000000          318082 
   39660.000000          317924 
   39665.000000          317766 
   39670.000000          317608 
   39675.000000          317450 
   39680.000000          317293 
   39685.000000          317135 
   39690.000000          316978 
   39695.000000          316820 
   39700.000000          316663 
   39705.000000          316506 
   39710.000000          316349 
   39715.000000          316192 
   39720.000000          316035 
   39725.000000          315879 
   39730.000000          315722 
   39735.000000          315565 
   39740.000000          315409 
   39745.000000          315253 
   39750.000000          315096 
   39755.000000          314940 
   39760.000000          314784 
   39765.000000          314628 
   39770.000000          314472 
   39775.000000          314317 
   39780.000000          314161 
   39785.000000          314005 
   39790.000000          313850 
   39795.000000          313694 
   39800.000000          313539 
   39805.000000          313384 
   39810.000000          313229 
   39815.000000          313074 
   39820.000000          312919 
   39825.000000          312764 
   39831.829321          312553 
   39835.000000          312442 
   39840.000000          312288 
   39845.000000          312134 
   39850.000000          311980 
   39855.000000          311826 
   39860.000000          311671 
   39865.000000          311517 
   39870.000000          311363 
   39875.000000          311210 
   39880.000000          311056 
   39885.000000          310902 
   39890.000000          310749 
   39895.000000          310596 
   39900.000000          310442 
   39905.000000          310289 
   39910.000000          310136 
   39915.000000          309984 
   39920.000000          309831 
   39925.000000          309679 
   39930.000000          309526 
   39935.000000          309373 
   39940.000000          309221 
   39945.000000          309069 
   39950.000000          308917 
   39955.000000          308765 
   39960.000000          308613 
   39965.000000          308461 
   39970.000000          308310 
   39975.000000          308159 
   39980.000000          308007 
   39985.000000          307856 
   39990.000000          307705 
   39995.000000          307554 
   40000.000000          307403 
   40005.000000          307252 
   40010.000000          307101 
   40015.000000          306951 
   40019.380236          306819 
   40025.000000          306650 
   40030.000000          306500 
   40035.000000          306350 
   40040.000000          306200 
   40045.000000          306051 
   40050.000000          305901 
   40055.000000          305752 
   40060.034728          305601 
   40061.025315          305555 
   40062.015951          305407 
   40063.006636          305044 
   40063.997370          304778 
   40064.988153          304985 
   40065.978985          305288 
   40066.969866          305377 
   40067.960796          305365 
   40075.000000          305155 
   40080.000000          305006 
   40085.000000          304857 
   40090.000000          304709 
   40095.000000          304561 
   40100.000000          304412 
   40105.000000          304264 
   40110.000000          304116 
   40113.819579          304003 
   40120.000000          303821 
   40125.000000          303673 
   40130.000000          303526 
   40135.000000          303379 
   40140.000000          303232 
   40142.786600          303150 
   40150.000000          302631 
   40155.000000          302478 
   40161.206594          302280 
   40165.000000          302162 
   40170.000000          302008 
   40175.000000          301866 
   40180.000000          301722 
   40184.942111          301562 
   40190.000000          301378 
   40196.820393          301159 
   40200.000000          301080 
   40202.762168          301037 
   40205.733714          301041 
   40207.219652          301055 
   40207.814058          301052 
   40208.111268          301047 
   40208.408482          301042 
   40208.705700          301038 
   40209.002923          301024 
   40209.300150          301013 
   40209.597381          301000 
   40210.191858          300968 
   40211.678125          300868 
   40214.650989          300673 
   40220.598037          300384 
   40225.000000          300186 
   40232.497411          299930 
   40235.000000          299856 
   40240.000000          299725 
   40245.000000          299593 
   40250.000000          299444 
   40256.317294          299261 
   40260.000000          299145 
   40265.000000          298948 
   40270.000000          298639 
   40275.000000          298415 
   40280.000000          298290 
   40285.000000          298211 
   40290.000000          298102 
   40295.000000          297930 
   40300.000000          297796 
   40304.041777          297631 
   40310.000000          297218 
   40315.000000          296985 
   40320.000000          296946 
   40325.000000          296878 
   40331.801679          296665 
   40335.000000          296572 
   40340.000000          296319 
   40345.000000          295963 
   40350.000000          295827 
   40355.000000          295788 
   40360.000000          295643 
   40365.000000          295487 
   40370.000000          295246 
   40373.355425          295019 
   40374.353759          295086 
   40375.352144          295816 
   40376.350577          297606 
   40377.349060          298669 
   40378.347592          297584 
   40379.346174          295755 
   40380.344805          294966 
   40381.343486          294834 
   40385.000000          294747 
   40390.000000          294576 
   40395.000000          294410 
   40399.831017          294178 
   40405.347590          294044 
   40406.346716          294297 
   40407.345891          296045 
   40408.345116          300613 
   40409.344390          303623 
   40410.343714          300503 
   40411.343087          295894 
   40412.342509          294118 
   40413.341981          293826 
   40420.000000          293659 
   40426.978287          293499 
   40430.000000          293444 
   40435.000000          293377 
   40440.000000          293434 
   40445.000000          293363 
   40450.000000          293418 
   40455.000000          293679 
   40460.000000          293764 
   40465.000000          294055 
   40470.000000          294565 
   40474.735241          295045 
   40480.000000          295933 
   40486.141578          297306 
   40486.341838          297396 
   40487.142702          297969 
   40487.342967          298221 
   40488.143875          300475 
   40488.344145          301424 
   40489.145098          306158 
   40489.345373          307306 
   40490.146370          310073 
   40490.346650          310138 
   40491.147692          307834 
   40491.347977          306780 
   40492.149063          302465 
   40492.349353          301649 
   40493.150484          300012 
   40493.350779          299896 
   40494.151954          299879 
   40494.352254          299911 
   40498.656055          301833 
   40502.060213          303670 
   40503.061731          306335 
   40504.063298          308062 
   40505.064914          310533 
   40506.066580          312196 
   40507.068295          311903 
   40508.070061          310836 
   40509.071875          310678 
   40510.073739          309885 
   40510.627068          310434 
   40516.615229          317225 
   40519.609973          324091 
   40521.107511          333514 
   40521.706557          336392 
   40522.006087          337329 
   40522.305621          337946 
   40522.605160          338151 
   40522.904703          337926 
   40523.204251          337290 
   40523.503802          336332 
   40524.102920          333415 
   40525.600790          323899 
   40528.596863          316850 
   40534.590338          309699 
   40541.037828          304000 
   40542.040309          303254 
   40543.042840          302519 
   40544.045420          301873 
   40545.048050          301270 
   40546.050729          300743 
   40546.582607          300405 
   40547.053459          300085 
   40548.056237          299546 
   40549.059066          299047 
   40555.000000          296481 
   40559.450797          295048 
   40560.453733          294663 
   40561.456719          294388 
   40562.459755          294146 
   40563.462840          293901 
   40564.465975          293643 
   40565.469159          293440 
   40566.472394          293290 
   40567.475677          293048 
   40570.588446          292278 
   40575.000000          291569 
   40580.000000          290798 
   40585.000000          290217 
   40590.000000          289855 
   40592.781977          289469 
   40600.000000          288945 
   40605.000000          288735 
   40610.000000          288394 
   40615.000000          288176 
   40618.685502          288036 
   40625.000000          287829 
   40630.000000          287667 
   40635.000000          287519 
   40640.000000          287379 
   40645.000000          287204 
   40650.000000          287146 
   40655.000000          287051 
   40660.000000          286932 
   40665.000000          286781 
   40670.000000          286555 
   40675.000000          286528 
   40680.000000          286538 
   40685.000000          286410 
   40690.000000          286302 
   40695.000000          286084 
   40700.000000          285865 
   40705.000000          285865 
   40710.000000          285911 
   40715.222546          285787 
   40720.000000          285670 
   40725.000000          285497 
   40730.000000          285258 
   40735.000000          285109 
   40740.000000          285114 
   40745.000000          285139 
   40750.000000          285029 
   40755.000000          284885 
   40760.000000          284752 
   40765.000000          284566 
   40770.000000          284359 
   40775.000000          284244 
   40780.000000          284202 
   40785.000000          284196 
   40790.000000          284093 
   40795.000000          283947 
   40800.000000          283822 
   40805.000000          283683 
   40810.000000          283534 
   40815.000000          283385 
   40820.000000          283261 
   40825.000000          283154 
   40830.000000          283087 
   40835.000000          282977 
   40840.000000          282853 
   40845.000000          282713 
   40850.000000          282589 
   40855.000000          282468 
   40860.000000          282351 
   40865.000000          282242 
   40870.000000          282121 
   40875.000000          281981 
   40880.000000          281837 
   40885.000000          281702 
   40890.000000          281574 
   40895.000000          281449 
   40900.000000          281321 
   40905.000000          281192 
   40909.679825          281334 
   40915.000000          281190 
   40920.000000          281055 
   40925.000000          280919 
   40930.000000          280784 
   40935.000000          280649 
   40940.000000          280514 
   40945.000000          280379 
   40950.000000          280244 
   40955.000000          280109 
   40960.000000          279974 
   40965.000000          279840 
   40970.000000          279705 
   40975.000000          279571 
   40980.000000          279436 
   40985.000000          279302 
   40990.000000          279168 
   40995.000000          279033 
   41000.000000          278899 
   41005.000000          278765 
   41011.905801          278580 
   41012.919925          278800 
   41013.934100          278904 
   41014.948325          278992 
   41015.962600          279028 
   41016.976925          278938 
   41017.991301          278796 
   41019.005726          278637 
   41020.020202          278363 
   41025.000000          278230 
   41030.000000          278097 
   41035.000000          277963 
   41040.000000          277829 
   41045.000000          277696 
   41050.000000          277563 
   41055.000000          277430 
   41060.000000          277297 
   41065.000000          277163 
   41070.000000          277031 
   41075.000000          276898 
   41080.000000          276765 
   41085.000000          276632 
   41090.000000          276499 
   41095.000000          276367 
   41100.000000          276234 
   41105.000000          276102 
   41110.000000          275970 
   41115.000000          275837 
   41120.000000          275705 
   41125.000000          275573 
   41130.000000          275441 
   41135.000000          275309 
   41140.000000          275177 
   41145.000000          275046 
   41150.000000          274914 
   41155.000000          274782 
   41160.000000          274651 
   41165.000000          274519 
   41170.000000          274388 
   41175.000000          274257 
   41180.000000          274125 
   41185.000000          273994 
   41190.000000          273863 
   41195.000000          273732 
   41200.000000          273601 
   41205.000000          273470 
   41210.000000          273340 
   41215.000000          273209 
   41220.000000          273079 
   41223.209289          272995 
   41224.228639          272955 
   41225.248039          272859 
   41226.267489          272858 
   41227.286990          272974 
   41228.306541          272805 
   41229.326143          272752 
   41230.345795          272796 
   41231.365498          272782 
   41235.000000          272687 
   41240.000000          272557 
   41245.000000          272427 
   41250.000000          272296 
   41255.000000          272166 
   41260.000000          272036 
   41265.000000          271907 
   41270.000000          271777 
   41275.000000          271647 
   41280.000000          271517 
   41285.000000          271388 
   41290.000000          271258 
   41295.000000          271129 
   41300.000000          271000 
   41305.000000          270870 
   41310.000000          270741 
   41317.042456          270559 
   41320.000000          270463 
   41325.000000          270334 
   41330.000000          270205 
   41335.000000          270076 
   41340.000000          269948 
   41345.000000          269819 
   41350.000000          269690 
   41355.000000          269562 
   41360.000000          269433 
   41365.000000          269305 
   41370.000000          269177 
   41375.000000          269049 
   41380.000000          268921 
   41385.000000          268793 
   41390.000000          268665 
   41395.000000          268537 
   41400.000000          268410 
   41405.000000          268282 
   41410.000000          268155 
   41415.000000          268027 
   41420.000000          267900 
   41425.000000          267773 
   41430.000000          267646 
   41435.000000          267519 
   41440.000000          267392 
   41445.000000          267265 
   41452.411227          267078 
   41453.436244          267178 
   41454.461312          267170 
   41455.486431          267158 
   41456.511600          267139 
   41457.536820          267106 
   41458.562091          267066 
   41459.587412          267022 
   41460.612784          266870 
   41465.000000          266759 
   41470.000000          266633 
   41475.000000          266507 
   41480.000000          266381 
   41485.000000          266255 
   41490.000000          266130 
   41495.000000          266004 
   41500.000000          265878 
   41505.000000          265753 
   41511.586600          265588 
   41515.000000          265502 
   41520.000000          265377 
   41525.000000          265252 
   41530.000000          265128 
   41535.000000          265003 
   41540.000000          264878 
   41545.000000          264754 
   41550.000000          264630 
   41555.000000          264505 
   41560.000000          264381 
   41565.000000          264257 
   41570.000000          264134 
   41575.000000          264010 
   41580.000000          263886 
   41585.000000          263763 
   41590.000000          263640 
   41595.000000          263517 
   41600.000000          263394 
   41605.000000          263271 
   41609.547312          263160 
   41615.000000          263026 
   41620.000000          262904 
   41625.000000          262782 
   41630.000000          262660 
   41635.000000          262539 
   41640.000000          262418 
   41645.000000          262296 
   41650.000000          262175 
   41655.000000          262053 
   41658.701251          261963 
   41665.000000          261807 
   41670.000000          261682 
   41675.000000          261554 
   41680.000000          261422 
   41683.321796          261333 
   41690.000000          261153 
   41695.642985          261014 
   41701.806311          260948 
   41704.888658          261033 
   41706.430002          261083 
   41707.046571          261089 
   41707.354863          261086 
   41707.663159          261083 
   41707.971460          261084 
   41708.279765          261067 
   41708.588075          261056 
   41708.896390          261044 
   41709.513032          261007 
   41711.054718          260880 
   41714.138432          260644 
   41720.307228          260407 
   41725.000000          260289 
   41730.000000          260176 
   41732.650295          260118 
   41740.000000          259951 
   41745.000000          259833 
   41750.000000          259713 
   41757.358352          259533 
   41760.000000          259467 
   41765.000000          259342 
   41770.000000          259217 
   41775.000000          259092 
   41780.000000          258967 
   41785.000000          258842 
   41790.000000          258717 
   41795.000000          258593 
   41800.000000          258469 
   41806.862342          258299 
   41810.000000          258221 
   41815.000000          258098 
   41820.000000          257974 
   41825.000000          257851 
   41830.000000          257728 
   41835.000000          257605 
   41840.000000          257482 
   41845.000000          257359 
   41850.000000          257237 
   41855.000000          257114 
   41860.000000          256992 
   41865.000000          256870 
   41870.000000          256748 
   41875.000000          256626 
   41880.000000          256504 
   41885.000000          256383 
   41890.000000          256261 
   41895.000000          256139 
   41900.000000          256018 
   41906.223285          255867 
   41910.000000          255776 
   41915.000000          255655 
   41920.000000          255534 
   41925.000000          255413 
   41930.000000          255293 
   41935.000000          255172 
   41940.000000          255051 
   41945.000000          254931 
   41950.000000          254811 
   41955.000000          254691 
   41960.000000          254571 
   41965.000000          254451 
   41970.000000          254331 
   41975.000000          254212 
   41980.000000          254092 
   41985.000000          253973 
   41990.000000          253853 
   41995.000000          253733 
   42000.000000          253614 
   42005.000000          253495 
   42010.000000          253376 
   42015.000000          253257 
   42020.000000          253138 
   42025.000000          253019 
   42030.000000          252901 
   42035.000000          252782 
   42040.000000          252664 
   42045.000000          252545 
   42050.000000          252427 
   42055.000000          252309 
   42060.000000          252190 
   42065.000000          252072 
   42070.000000          251954 
   42075.000000          251836 
   42080.000000          251718 
   42085.000000          251600 
   42090.000000          251483 
   42095.000000          251365 
   42100.000000          251247 
   42106.368825          251113 
   42110.000000          251028 
   42115.000000          250911 
   42120.000000          250793 
   42125.000000          250676 
   42130.000000          250559 
   42135.000000          250441 
   42140.000000          250324 
   42145.000000          250207 
   42150.000000          250090 
   42155.000000          249973 
   42160.000000          249857 
   42165.000000          249740 
   42170.000000          249623 
   42175.000000          249507 
   42180.000000          249390 
   42183.697730          249304 
   42184.740830          249972 
   42185.783982          250454 
   42186.827185          251067 
   42187.870440          251428 
   42188.913747          251018 
   42189.957105          250357 
   42191.000514          249826 
   42192.043976          249110 
   42195.000000          249041 
   42200.000000          248924 
   42205.000000          248808 
   42210.000000          248692 
   42215.000000          248576 
   42220.000000          248460 
   42225.000000          248344 
   42230.000000          248228 
   42235.000000          248112 
   42240.000000          247997 
   42245.000000          247881 
   42250.000000          247765 
   42255.000000          247650 
   42260.000000          247534 
   42265.000000          247419 
   42270.000000          247304 
   42275.000000          247188 
   42280.000000          247073 
   42285.000000          246958 
   42290.000000          246843 
   42295.000000          246728 
   42300.000000          246613 
   42305.000000          246498 
   42310.000000          246384 
   42315.000000          246269 
   42320.000000          246154 
   42325.000000          246040 
   42330.000000          245925 
   42335.000000          245811 
   42340.000000          245696 
   42345.000000          245582 
   42350.000000          245468 
   42355.000000          245353 
   42360.000000          245239 
   42365.000000          245125 
   42370.000000          245011 
   42375.000000          244897 
   42380.000000          244783 
   42385.000000          244670 
   42390.000000          244556 
   42395.000000          244442 
   42400.000000          244329 
   42405.000000          244215 
   42410.000000          244102 
   42415.000000          243988 
   42420.000000          243875 
   42425.000000          243762 
   42430.000000          243648 
   42436.471976          243502 
   42437.521327          243467 
   42438.570729          243365 
   42439.620184          243158 
   42440.669690          243036 
   42441.719248          243111 
   42442.768858          243270 
   42443.818520          243325 
   42444.868234          243312 
   42450.000000          243196 
   42455.000000          243083 
   42460.000000          242971 
   42465.000000          242858 
   42470.000000          242745 
   42475.000000          242633 
   42480.000000          242520 
   42485.000000          242408 
   42490.000000          242295 
   42495.000000          242183 
   42500.000000          242071 
   42505.000000          241958 
   42510.000000          241846 
   42515.000000          241734 
   42520.000000          241622 
   42525.000000          241510 
   42530.000000          241398 
   42535.000000          241286 
   42540.000000          241175 
   42545.000000          241063 
   42550.000000          240951 
   42555.000000          240840 
   42560.000000          240728 
   42565.000000          240617 
   42570.000000          240505 
   42575.000000          240394 
   42580.000000          240283 
   42585.000000          240172 
   42590.000000          240060 
   42595.000000          239949 
   42600.000000          239838 
   42605.000000          239728 
   42610.000000          239617 
   42615.000000          239506 
   42620.000000          239395 
   42625.000000          239285 
   42630.000000          239174 
   42635.000000          239063 
   42640.000000          238953 
   42645.000000          238843 
   42650.000000          238732 
   42655.000000          238622 
   42660.000000          238512 
   42665.000000          238402 
   42670.000000          238291 
   42675.000000          238181 
   42680.000000          238072 
   42685.000000          237962 
   42690.000000          237852 
   42695.000000          237742 
   42700.000000          237632 
   42705.000000          237523 
   42710.000000          237413 
   42715.000000          237304 
   42720.000000          237194 
   42725.000000          237085 
   42730.000000          236975 
   42735.000000          236866 
   42740.000000          236757 
   42745.000000          236648 
   42750.000000          236539 
   42755.000000          236430 
   42760.000000          236321 
   42765.000000          236212 
   42770.000000          236103 
   42775.000000          235994 
   42780.000000          235886 
   42785.000000          235777 
   42790.000000          235668 
   42795.000000          235560 
   42800.000000          235451 
   42805.000000          235343 
   42810.000000          235235 
   42815.000000          235126 
   42820.000000          235018 
   42825.000000          234910 
   42830.000000          234802 
   42835.000000          234694 
   42840.000000          234586 
   42845.000000          234478 
   42850.000000          234370 
   42855.000000          234263 
   42860.000000          234155 
   42865.000000          234047 
   42870.000000          233940 
   42875.000000          233832 
   42880.000000          233725 
   42885.000000          233617 
   42890.000000          233510 
   42895.000000          233403 
   42900.000000          233296 
   42905.000000          233188 
   42910.000000          233081 
   42915.000000          232974 
   42920.000000          232867 
   42925.000000          232760 
   42930.000000          232654 
   42935.000000          232547 
   42940.000000          232440 
   42945.000000          232334 
   42950.000000          232227 
   42954.582506          232129 
   42955.644668          232119 
   42956.706883          232194 
   42957.769150          232456 
   42958.831470          232621 
   42959.893842          232411 
   42960.956267          232103 
   42962.018745          231983 
   42963.081275          231948 
   42970.000000          231801 
   42975.000000          231695 
   42980.000000          231589 
   42985.000000          231483 
   42990.000000          231376 
   42995.000000          231270 
   43000.000000          231165 
   43005.000000          231059 
   43010.000000          230953 
   43015.000000          230847 
   43020.000000          230741 
   43025.000000          230635 
   43030.000000          230530 
   43035.000000          230424 
   43040.000000          230319 
   43045.000000          230213 
   43050.000000          230108 
   43055.000000          230003 
   43060.000000          229897 
   43065.000000          229792 
   43070.000000          229687 
   43075.000000          229582 
   43080.000000          229477 
   43085.000000          229372 
   43090.000000          229267 
   43095.000000          229162 
   43100.000000          229058 
   43105.000000          228953 
   43110.000000          228848 
   43115.000000          228744 
   43120.000000          228639 
   43125.000000          228535 
   43130.000000          228430 
   43135.000000          228326 
   43140.000000          228222 
   43145.000000          228117 
   43150.000000          228013 
   43155.000000          227909 
   43160.000000          227805 
   43165.000000          227701 
   43170.000000          227597 
   43175.000000          227493 
   43180.000000          227389 
   43185.000000          227286 
   43190.000000          227182 
   43195.000000          227079 
   43200.000000          226975 
   43205.000000          226871 
   43210.000000          226768 
   43215.000000          226664 
   43220.000000          226561 
   43225.000000          226458 
   43230.000000          226355 
   43235.000000          226251 
   43240.000000          226148 
   43245.000000          226045 
   43250.000000          225942 
   43255.000000          225839 
   43260.000000          225737 
   43265.000000          225634 
   43270.000000          225531 
   43275.000000          225428 
   43280.000000          225326 
   43285.000000          225223 
   43290.000000          225121 
   43295.000000          225018 
   43300.000000          224916 
   43305.000000          224813 
   43310.000000          224711 
   43315.000000          224609 
   43320.000000          224507 
   43325.000000          224405 
   43330.000000          224303 
   43335.000000          224201 
   43340.000000          224099 
   43345.000000          223997 
   43350.000000          223895 
   43354.374563          223806 
   43360.000000          223674 
   43365.000000          223573 
   43370.000000          223471 
   43375.000000          223370 
   43380.000000          223268 
   43385.000000          223166 
   43390.000000          223065 
   43395.000000          222963 
   43400.000000          222862 
   43405.000000          222761 
   43410.000000          222660 
   43415.000000          222558 
   43420.000000          222457 
   43425.000000          222356 
   43430.000000          222256 
   43435.000000          222155 
   43440.000000          222055 
   43445.000000          221954 
   43450.000000          221854 
   43455.000000          221753 
   43460.000000          221653 
   43465.000000          221552 
   43470.000000          221452 
   43475.000000          221352 
   43480.000000          221252 
   43485.000000          221152 
   43490.000000          221052 
   43495.000000          220953 
   43500.000000          220853 
   43505.000000          220754 
   43510.000000          220654 
   43515.000000          220555 
   43520.000000          220455 
   43525.000000          220356 
   43530.000000          220257 
   43535.000000          220158 
   43540.000000          220059 
   43545.000000          219961 
   43550.000000          219862 
   43555.000000          219764 
   43558.511626          219695 
   43565.000000          219567 
   43570.000000          219469 
   43575.000000          219371 
   43580.000000          219273 
   43585.000000          219175 
   43590.000000          219077 
   43595.000000          218980 
   43600.000000          218883 
   43605.000000          218785 
   43610.000000          218688 
   43615.000000          218591 
   43620.000000          218494 
   43625.000000          218397 
   43630.000000          218301 
   43635.000000          218204 
   43640.000000          218108 
   43645.000000          218012 
   43650.000000          217916 
   43655.000000          217820 
   43661.302754          217699 
   43665.000000          217629 
   43670.000000          217533 
   43675.000000          217438 
   43680.000000          217343 
   43685.000000          217249 
   43690.000000          217155 
   43695.000000          217061 
   43700.000000          216968 
   43705.000000          216875 
   43710.000000          216783 
   43712.880460          216730 
   43720.000000          216598 
   43725.000000          216503 
   43730.000000          216405 
   43735.000000          216303 
   43738.715038          216222 
   43745.000000          216081 
   43751.643781          215938 
   43755.000000          215893 
   43758.111019          215910 
   43761.345356          216097 
   43762.962703          216205 
   43763.609675          216226 
   43763.933169          216226 
   43764.256667          216225 
   43764.580170          216236 
   43764.903678          216213 
   43765.227190          216201 
   43765.550708          216188 
   43766.197757          216142 
   43767.815463          215971 
   43771.051234          215659 
   43775.000000          215496 
   43777.524211          215436 
   43785.000000          215307 
   43790.475911          215217 
   43795.000000          215138 
   43800.000000          215046 
   43805.000000          214949 
   43810.000000          214849 
   43816.402316          214719 
   43820.000000          214646 
   43825.000000          214544 
   43830.000000          214442 
   43835.000000          214342 
   43840.000000          214241 
   43845.000000          214141 
   43850.000000          214042 
   43855.000000          213942 
   43860.000000          213843 
   43865.000000          213745 
   43868.347334          213679 
   43875.000000          213548 
   43880.000000          213449 
   43885.000000          213351 
   43890.000000          213253 
   43895.000000          213155 
   43900.000000          213058 
   43905.000000          212960 
   43910.000000          212863 
   43915.000000          212766 
   43920.000000          212669 
   43925.000000          212572 
   43930.000000          212475 
   43935.000000          212378 
   43940.000000          212282 
   43945.000000          212185 
   43950.000000          212089 
   43955.000000          211992 
   43960.000000          211896 
   43965.000000          211800 
   43970.000000          211704 
   43972.607738          211655 
   43982.366300          211468 
   43983.453877          211608 
   43984.541507          211610 
   43985.629192          211608 
   43986.716930          211597 
   43987.804722          211566 
   43988.892568          211526 
   43989.980467          211483 
   43991.068421          211301 
   43995.000000          211227 
   44000.000000          211131 
   44005.000000          211036 
   44010.000000          210941 
   44015.000000          210846 
   44020.000000          210751 
   44025.000000          210657 
   44030.000000          210562 
   44035.000000          210467 
   44040.000000          210372 
   44045.000000          210278 
   44050.000000          210184 
   44055.000000          210089 
   44060.000000          209995 
   44065.000000          209901 
   44070.000000          209807 
   44075.000000          209713 
   44080.000000          209620 
   44085.000000          209526 
   44090.000000          209432 
   44095.000000          209338 
   44100.000000          209245 
   44105.000000          209151 
   44110.000000          209057 
   44115.000000          208964 
   44120.000000          208871 
   44125.000000          208777 
   44130.000000          208684 
   44135.000000          208591 
   44140.000000          208498 
   44145.000000          208405 
   44150.000000          208312 
   44155.000000          208220 
   44160.000000          208127 
   44165.000000          208034 
   44170.000000          207942 
   44175.000000          207849 
   44180.000000          207756 
   44182.622400          207720 
   44190.000000          207583 
   44195.000000          207491 
   44200.000000          207398 
   44205.000000          207306 
   44210.000000          207213 
   44215.000000          207121 
   44220.000000          207029 
   44225.000000          206936 
   44230.000000          206844 
   44235.000000          206752 
   44240.000000          206660 
   44245.000000          206568 
   44250.000000          206476 
   44255.000000          206384 
   44260.000000          206292 
   44265.000000          206200 
   44270.000000          206109 
   44275.000000          206017 
   44280.000000          205925 
   44285.000000          205834 
   44290.000000          205742 
   44295.000000          205651 
   44300.000000          205559 
   44305.000000          205468 
   44310.000000          205376 
   44315.000000          205285 
   44320.000000          205194 
   44325.000000          205103 
   44330.000000          205011 
   44335.000000          204920 
   44340.000000          204829 
   44345.000000          204738 
   44350.000000          204647 
   44355.000000          204556 
   44360.000000          204465 
   44365.000000          204375 
   44370.000000          204284 
   44375.000000          204193 
   44380.000000          204103 
   44385.000000          204012 
   44390.000000          203921 
   44395.000000          203831 
   44400.000000          203740 
   44405.000000          203650 
   44410.000000          203560 
   44415.000000          203469 
   44420.000000          203379 
   44425.000000          203289 
   44430.000000          203199 
   44435.000000          203109 
   44440.000000          203019 
   44445.000000          202929 
   44450.000000          202839 
   44455.000000          202749 
   44460.000000          202659 
   44465.000000          202569 
   44470.000000          202479 
   44475.000000          202390 
   44480.000000          202300 
   44485.000000          202210 
   44490.000000          202121 
   44495.000000          202031 
   44500.000000          201942 
   44505.000000          201852 
   44510.000000          201763 
   44515.000000          201674 
   44520.000000          201584 
   44525.000000          201495 
   44530.000000          201406 
   44535.000000          201317 
   44540.000000          201228 
   44545.000000          201139 
   44550.000000          201050 
   44555.000000          200961 
   44560.000000          200872 
   44565.000000          200783 
   44570.000000          200695 
   44575.000000          200606 
   44580.000000          200517 
   44585.000000          200429 
   44590.000000          200340 
   44595.000000          200252 
   44600.000000          200163 
   44605.000000          200075 
   44610.000000          199986 
   44615.000000          199898 
   44620.000000          199810 
   44625.000000          199721 
   44630.000000          199633 
   44635.000000          199545 
   44640.000000          199457 
   44645.000000          199369 
   44650.000000          199281 
   44654.030618          199210 
   44660.000000          199105 
   44665.000000          199017 
   44670.000000          198930 
   44676.345592          198818 
   44680.000000          198754 
   44685.000000          198666 
   44690.000000          198579 
   44695.000000          198491 
   44700.000000          198404 
   44705.000000          198316 
   44710.000000          198229 
   44715.000000          198142 
   44720.000000          198054 
   44725.000000          197967 
   44730.000000          197880 
   44735.000000          197793 
   44740.000000          197706 
   44745.000000          197619 
   44750.000000          197532 
   44755.000000          197445 
   44760.000000          197358 
   44765.000000          197271 
   44770.000000          197184 
   44775.000000          197097 
   44780.000000          197010 
   44785.000000          196924 
   44790.000000          196837 
   44795.000000          196751 
   44800.000000          196664 
   44805.000000          196578 
   44810.000000          196491 
   44815.000000          196405 
   44820.000000          196318 
   44825.000000          196232 
   44830.000000          196146 
   44835.000000          196060 
   44840.000000          195973 
   44845.000000          195887 
   44850.000000          195801 
   44855.000000          195715 
   44860.000000          195629 
   44865.000000          195543 
   44870.000000          195457 
   44875.000000          195372 
   44880.000000          195286 
   44885.000000          195200 
   44890.000000          195115 
   44895.000000          195029 
   44900.000000          194943 
   44905.000000          194858 
   44910.000000          194772 
   44915.000000          194687 
   44920.000000          194601 
   44925.000000          194516 
   44930.000000          194431 
   44935.000000          194345 
   44940.000000          194260 
   44945.000000          194175 
   44950.000000          194090 
   44955.000000          194005 
   44960.000000          193920 
   44965.000000          193835 
   44970.000000          193750 
   44975.000000          193665 
   44980.000000          193580 
   44985.000000          193495 
   44990.000000          193411 
   44995.000000          193326 
   45000.000000          193241 
   45005.000000          193157 
   45010.000000          193072 
   45015.000000          192988 
   45020.000000          192903 
   45025.000000          192819 
   45030.000000          192734 
   45035.000000          192650 
   45040.000000          192566 
   45045.000000          192481 
   45050.000000          192397 
   45055.000000          192313 
   45060.000000          192229 
   45065.000000          192145 
   45070.000000          192061 
   45075.000000          191977 
   45080.000000          191893 
   45085.000000          191809 
   45090.000000          191725 
   45095.000000          191642 
   45100.000000          191558 
   45105.000000          191474 
   45110.000000          191391 
   45115.000000          191307 
   45120.000000          191224 
   45125.000000          191140 
   45130.000000          191057 
   45135.000000          190973 
   45140.000000          190890 
   45145.000000          190806 
   45150.000000          190723 
   45155.000000          190640 
   45160.000000          190557 
   45165.000000          190474 
   45170.000000          190391 
   45175.000000          190308 
   45180.000000          190225 
   45185.000000          190142 
   45190.000000          190059 
   45195.000000          189976 
   45200.000000          189893 
   45205.000000          189810 
   45210.000000          189728 
   45215.000000          189645 
   45220.000000          189562 
   45225.000000          189480 
   45230.000000          189397 
   45235.000000          189315 
   45240.000000          189232 
   45245.000000          189150 
   45250.000000          189067 
   45255.000000          188985 
   45260.000000          188903 
   45265.000000          188820 
   45270.000000          188738 
   45275.000000          188656 
   45280.000000          188574 
   45285.000000          188492 
   45290.000000          188410 
   45295.000000          188328 
   45300.000000          188246 
   45305.000000          188164 
   45310.000000          188082 
   45315.000000          188001 
   45320.000000          187919 
   45325.000000          187837 
   45330.000000          187756 
   45335.000000          187674 
   45340.000000          187592 
   45345.000000          187511 
   45350.000000          187429 
   45355.000000          187348 
   45360.000000          187267 
   45365.000000          187185 
   45370.000000          187104 
   45375.000000          187023 
   45380.000000          186942 
   45385.000000          186860 
   45390.000000          186779 
   45395.000000          186698 
   45400.000000          186617 
   45405.000000          186536 
   45410.000000          186455 
   45415.000000          186374 
   45420.000000          186294 
   45425.000000          186213 
   45430.000000          186132 
   45435.000000          186051 
   45440.000000          185970 
   45445.000000          185890 
   45450.000000          185809 
   45455.000000          185729 
   45460.000000          185648 
   45465.000000          185568 
   45470.000000          185487 
   45475.000000          185407 
   45480.000000          185327 
   45485.000000          185246 
   45490.000000          185166 
   45495.000000          185086 
   45500.000000          185006 
   45505.000000          184926 
   45510.000000          184846 
   45515.000000          184766 
   45520.000000          184686 
   45525.000000          184606 
   45530.000000          184526 
   45535.000000          184446 
   45540.000000          184366 
   45545.000000          184286 
   45550.000000          184207 
   45555.000000          184127 
   45560.000000          184047 
   45565.000000          183968 
   45570.000000          183888 
   45575.000000          183809 
   45580.000000          183729 
   45585.000000          183650 
   45590.000000          183570 
   45595.000000          183491 
   45600.000000          183412 
   45605.000000          183333 
   45610.000000          183253 
   45615.000000          183174 
   45620.000000          183095 
   45625.000000          183016 
   45630.000000          182937 
   45635.000000          182858 
   45640.000000          182779 
   45645.000000          182700 
   45650.000000          182621 
   45655.000000          182543 
   45660.000000          182464 
   45665.000000          182385 
   45670.000000          182306 
   45675.000000          182228 
   45680.000000          182149 
   45685.000000          182070 
   45690.000000          181992 
   45695.000000          181914 
   45700.000000          181835 
   45705.000000          181757 
   45710.000000          181678 
   45715.000000          181600 
   45720.000000          181522 
   45725.000000          181443 
   45730.000000          181365 
   45735.000000          181287 
   45740.000000          181209 
   45745.000000          181131 
   45750.000000          181053 
   45755.000000          180975 
   45760.000000          180897 
   45765.000000          180819 
   45770.000000          180741 
   45775.000000          180664 
   45780.000000          180586 
   45785.000000          180508 
   45790.000000          180430 
   45795.000000          180353 
   45800.000000          180275 
   45805.000000          180198 
   45810.000000          180120 
   45815.000000          180043 
   45820.000000          179965 
   45825.000000          179888 
   45830.000000          179811 
   45835.000000          179733 
   45840.000000          179656 
   45845.000000          179579 
   45850.000000          179502 
   45855.000000          179424 
   45860.000000          179347 
   45865.000000          179270 
   45870.000000          179193 
   45875.000000          179116 
   45880.000000          179039 
   45885.000000          178963 
   45890.000000          178886 
   45895.000000          178809 
   45900.000000          178732 
   45905.000000          178655 
   45910.000000          178579 
   45915.000000          178502 
   45920.000000          178426 
   45925.000000          178349 
   45930.000000          178273 
   45935.000000          178196 
   45940.000000          178120 
   45945.000000          178043 
   45950.000000          177967 
   45955.000000          177891 
   45960.000000          177814 
   45965.000000          177738 
   45970.000000          177662 
   45975.000000          177586 
   45980.000000          177510 
   45985.000000          177434 
   45990.000000          177358 
   45995.000000          177282 
   46000.000000          177206 
   46005.000000          177130 
   46010.000000          177054 
   46015.000000          176978 
   46020.000000          176902 
   46025.000000          176827 
   46030.000000          176751 
   46035.000000          176675 
   46040.000000          176600 
   46045.000000          176524 
   46050.000000          176448 
   46055.000000          176373 
   46061.406236          176276 
   46062.545223          176232 
   46063.684265          176022 
   46064.823365          175483 
   46065.962520          175110 
   46067.101732          175449 
   46068.241000          175954 
   46069.380324          176129 
   46070.519705          176139 
   46075.000000          176071 
   46080.000000          175996 
   46085.000000          175921 
   46090.000000          175846 
   46095.000000          175771 
   46101.574076          175672 
   46105.000000          175641 
   46110.000000          175568 
   46115.000000          175495 
   46120.000000          175420 
   46125.000000          175344 
   46130.000000          175269 
   46135.000000          175194 
   46140.000000          175119 
   46145.000000          175043 
   46150.000000          174966 
   46155.000000          174888 
   46160.000000          174811 
   46165.000000          174735 
   46170.000000          174661 
   46175.000000          174587 
   46180.000000          174513 
   46185.000000          174438 
   46190.000000          174362 
   46195.000000          174287 
   46200.000000          174211 
   46205.000000          174135 
   46210.000000          174059 
   46215.000000          173984 
   46220.000000          173909 
   46225.000000          173834 
   46230.000000          173759 
   46235.000000          173682 
   46240.000000          173605 
   46245.000000          173529 
   46250.000000          173453 
   46255.000000          173377 
   46260.000000          173301 
   46265.000000          173224 
   46270.000000          173149 
   46275.000000          173078 
   46280.000000          173006 
   46287.165656          172897 
   46290.000000          172877 
   46295.000000          172800 
   46300.000000          172725 
   46305.000000          172651 
   46310.000000          172577 
   46315.000000          172503 
   46318.646517          172451 
   46325.000000          172368 
   46330.000000          172299 
   46335.000000          172221 
   46340.000000          172146 
   46345.000000          172075 
   46350.000000          172005 
   46355.000000          171934 
   46360.000000          171869 
   46365.000000          171812 
   46370.000000          171745 
   46375.000000          171673 
   46380.000000          171608 
   46385.000000          171546 
   46390.000000          171485 
   46395.000000          171434 
   46400.000000          171385 
   46405.000000          171322 
   46410.000000          171268 
   46415.000000          171219 
   46420.000000          171173 
   46425.000000          171141 
   46427.951122          171113 
   46435.000000          171058 
   46440.000000          171026 
   46445.000000          171008 
   46450.000000          170984 
   46455.000000          170966 
   46460.000000          170956 
   46465.000000          170961 
   46470.000000          170961 
   46475.000000          170972 
   46480.000000          170996 
   46482.797109          171009 
   46490.000000          171066 
   46495.000000          171111 
   46500.000000          171173 
   46505.111968          171244 
   46510.268724          171329 
   46515.000000          171418 
   46518.664345          171497 
   46519.814639          172109 
   46520.964989          172271 
   46522.115396          172429 
   46523.265860          172533 
   46524.016712          172528 
   46524.416381          172505 
   46525.566959          172430 
   46526.717593          172372 
   46527.868285          171949 
   46530.893754          172328 
   46534.333038          175499 
   46536.052870          178356 
   46536.740839          179120 
   46537.084831          179362 
   46537.428828          179510 
   46537.772830          179574 
   46538.116837          179499 
   46538.460849          179341 
   46538.804867          179089 
   46539.492917          178305 
   46541.213131          175398 
   46544.653940          172132 
   46551.537085          171280 
   46555.000000          171057 
   46560.000000          170803 
   46565.309485          170554 
   46570.000000          170347 
   46575.000000          170136 
   46580.000000          169934 
   46585.000000          169748 
   46590.000000          169566 
   46592.878746          169469 
   46600.000000          169238 
   46605.000000          169086 
   46610.000000          168947 
   46614.856602          168811 
   46620.000000          168677 
   46625.000000          168555 
   46630.000000          168444 
   46635.000000          168322 
   46640.000000          168216 
   46645.000000          168112 
   46648.115319          168055 
   46655.000000          167919 
   46660.000000          167823 
   46665.000000          167735 
   46669.923383          167651 
   46675.000000          167575 
   46680.000000          167497 
   46685.000000          167414 
   46690.000000          167346 
   46695.000000          167281 
   46697.505590          167250 
   46705.000000          167164 
   46711.308924          167104 
   46715.000000          167090 
   46718.213651          167149 
   46721.666780          167458 
   46723.393536          167643 
   46724.084274          167685 
   46724.429651          167690 
   46724.775033          167693 
   46725.120420          167711 
   46725.465812          167682 
   46725.811209          167669 
   46726.156611          167653 
   46726.847431          167590 
   46728.574570          167351 
   46732.029231          166935 
   46735.000000          166782 
   46738.940086          166675 
   46745.000000          166567 
   46750.000000          166484 
   46752.767929          166434 
   46758.982303          166318 
   46765.000000          166215 
   46770.000000          166133 
   46775.000000          166052 
   46780.448176          165968 
   46785.000000          165900 
   46790.000000          165828 
   46795.000000          165756 
   46800.000000          165681 
   46805.000000          165603 
   46810.000000          165528 
   46815.000000          165455 
   46820.000000          165383 
   46825.000000          165311 
   46830.000000          165239 
   46835.907116          165154 
   46840.000000          165096 
   46845.000000          165025 
   46850.000000          164954 
   46855.000000          164883 
   46860.000000          164810 
   46865.000000          164738 
   46870.000000          164666 
   46875.000000          164595 
   46880.000000          164524 
   46885.000000          164454 
   46890.000000          164383 
   46895.000000          164313 
   46900.000000          164241 
   46905.000000          164170 
   46910.000000          164098 
   46915.000000          164027 
   46920.000000          163956 
   46925.000000          163887 
   46930.000000          163819 
   46935.000000          163751 
   46940.000000          163681 
   46945.165237          163608 
   46946.326077          163586 
   46947.220418          163545 
   46947.486974          163526 
   46948.647928          163439 
   46949.808940          163408 
   46950.970009          163406 
   46952.131136          163461 
   46953.292320          163488 
   46954.453562          163478 
   46960.000000          163401 
   46965.000000          163332 
   46970.000000          163261 
   46975.000000          163191 
   46982.304784          163055 
   46985.000000          163017 
   46990.000000          162948 
   46995.000000          162879 
   47000.000000          162810 
   47005.000000          162741 
   47010.000000          162672 
   47015.000000          162604 
   47020.000000          162535 
   47025.000000          162467 
   47030.000000          162398 
   47035.000000          162330 
   47040.000000          162262 
   47045.000000          162194 
   47050.000000          162126 
   47055.000000          162057 
   47060.000000          161989 
   47065.000000          161921 
   47070.000000          161853 
   47075.000000          161785 
   47080.000000          161717 
   47085.000000          161649 
   47090.000000          161582 
   47095.000000          161514 
   47100.000000          161446 
   47105.000000          161379 
   47110.000000          161312 
   47115.000000          161245 
   47120.000000          161177 
   47125.000000          161110 
   47130.000000          161042 
   47135.000000          160974 
   47140.000000          160907 
   47145.000000          160840 
   47150.000000          160772 
   47155.000000          160705 
   47160.000000          160638 
   47165.000000          160571 
   47171.441931          160484 
   47175.000000          160437 
   47180.000000          160370 
   47185.000000          160303 
   47190.000000          160236 
   47195.000000          160169 
   47200.000000          160102 
   47205.000000          160035 
   47210.000000          159969 
   47215.000000          159902 
   47220.000000          159835 
   47225.000000          159768 
   47230.000000          159702 
   47235.000000          159635 
   47240.000000          159568 
   47245.000000          159502 
   47250.000000          159435 
   47255.000000          159369 
   47260.000000          159303 
   47265.000000          159236 
   47270.000000          159170 
   47275.000000          159103 
   47280.000000          159037 
   47285.000000          158971 
   47290.000000          158905 
   47295.000000          158838 
   47300.000000          158772 
   47305.000000          158706 
   47310.000000          158640 
   47315.000000          158574 
   47320.000000          158508 
   47325.000000          158442 
   47330.000000          158376 
   47335.000000          158310 
   47340.000000          158244 
   47345.000000          158178 
   47350.000000          158113 
   47355.000000          158047 
   47360.000000          157981 
   47365.000000          157915 
   47370.000000          157850 
   47375.000000          157784 
   47380.000000          157718 
   47385.000000          157653 
   47390.000000          157587 
   47395.000000          157522 
   47400.776239          157446 
   47401.948345          157621 
   47403.120509          157636 
   47404.292730          157645 
   47405.465010          157642 
   47406.637348          157614 
   47407.809743          157575 
   47408.982197          157529 
   47410.154709          157323 
   47415.000000          157260 
   47420.000000          157195 
   47425.000000          157129 
   47430.000000          157064 
   47435.000000          156999 
   47440.000000          156934 
   47445.000000          156868 
   47450.000000          156803 
   47455.000000          156738 
   47460.000000          156673 
   47465.000000          156608 
   47470.000000          156543 
   47475.000000          156478 
   47480.000000          156413 
   47485.000000          156348 
   47490.000000          156283 
   47495.000000          156219 
   47500.000000          156154 
   47505.000000          156089 
   47510.000000          156024 
   47515.000000          155960 
   47520.000000          155895 
   47525.000000          155830 
   47530.000000          155766 
   47535.000000          155701 
   47540.000000          155637 
   47545.000000          155572 
   47550.000000          155508 
   47555.000000          155443 
   47560.000000          155379 
   47565.000000          155314 
   47570.000000          155250 
   47575.000000          155186 
   47580.000000          155122 
   47585.000000          155057 
   47590.000000          154993 
   47595.000000          154929 
   47600.000000          154865 
   47605.000000          154801 
   47610.000000          154737 
   47615.000000          154673 
   47620.000000          154609 
   47625.000000          154545 
   47630.316293          154477 
   47631.494075          160581 
   47632.671915          162716 
   47633.849813          167617 
   47635.027770          169875 
   47636.205785          167584 
   47637.383858          162651 
   47638.561989          160486 
   47639.740179          154356 
   47645.000000          154289 
   47650.000000          154225 
   47655.000000          154162 
   47660.000000          154098 
   47665.000000          154034 
   47670.000000          153971 
   47675.000000          153907 
   47680.000000          153843 
   47685.000000          153780 
   47690.000000          153716 
   47695.000000          153653 
   47700.000000          153589 
   47705.000000          153526 
   47710.000000          153462 
   47715.000000          153399 
   47720.000000          153336 
   47725.000000          153272 
   47730.000000          153209 
   47735.000000          153146 
   47740.000000          153083 
   47745.000000          153019 
   47750.000000          152956 
   47755.000000          152893 
   47760.000000          152830 
   47765.000000          152767 
   47770.000000          152704 
   47775.000000          152641 
   47780.000000          152578 
   47785.000000          152515 
   47790.000000          152452 
   47795.000000          152390 
   47800.000000          152327 
   47805.000000          152264 
   47810.000000          152201 
   47815.000000          152138 
   47820.000000          152076 
   47825.000000          152013 
   47830.000000          151951 
   47835.000000          151888 
   47840.000000          151825 
   47845.000000          151763 
   47850.000000          151700 
   47855.000000          151638 
   47860.000000          151576 
   47865.000000          151513 
   47870.000000          151451 
   47875.000000          151388 
   47880.000000          151326 
   47885.000000          151264 
   47890.000000          151202 
   47895.000000          151139 
   47900.000000          151077 
   47905.000000          151015 
   47910.000000          150953 
   47915.000000          150891 
   47920.000000          150829 
   47925.000000          150767 
   47930.000000          150705 
   47935.000000          150643 
   47940.000000          150581 
   47945.000000          150519 
   47950.000000          150457 
   47955.000000          150396 
   47960.000000          150334 
   47965.000000          150272 
   47970.000000          150210 
   47975.000000          150149 
   47980.000000          150087 
   47985.000000          150025 
   47990.000000          149964 
   47995.000000          149902 
   48000.000000          149841 
   48005.000000          149779 
   48010.000000          149718 
   48015.000000          149656 
   48020.000000          149595 
   48025.000000          149533 
   48030.000000          149472 
   48035.000000          149411 
   48040.000000          149350 
   48045.000000          149288 
   48050.000000          149227 
   48055.000000          149166 
   48060.000000          149105 
   48065.000000          149044 
   48070.000000          148983 
   48075.000000          148921 
   48080.000000          148860 
   48085.000000          148799 
   48090.000000          148738 
   48095.000000          148678 
   48100.000000          148617 
   48105.000000          148556 
   48110.000000          148495 
   48115.000000          148434 
   48120.000000          148373 
   48125.000000          148313 
   48130.000000          148252 
   48135.000000          148191 
   48140.000000          148131 
   48145.000000          148070 
   48150.000000          148009 
   48155.000000          147949 
   48160.000000          147888 
   48165.000000          147828 
   48170.000000          147767 
   48175.000000          147707 
   48180.000000          147647 
   48185.000000          147586 
   48190.000000          147526 
   48195.000000          147465 
   48200.000000          147405 
   48205.000000          147345 
   48210.000000          147285 
   48215.000000          147225 
   48220.000000          147164 
   48225.000000          147104 
   48230.000000          147044 
   48235.000000          146984 
   48240.000000          146924 
   48245.000000          146864 
   48250.000000          146804 
   48255.000000          146744 
   48260.000000          146684 
   48265.000000          146624 
   48270.000000          146565 
   48275.000000          146505 
   48280.000000          146445 
   48285.000000          146385 
   48290.000000          146325 
   48295.000000          146266 
   48300.000000          146206 
   48305.000000          146147 
   48310.000000          146087 
   48315.000000          146027 
   48320.000000          145968 
   48325.000000          145908 
   48330.000000          145849 
   48335.000000          145789 
   48340.000000          145730 
   48345.000000          145671 
   48350.000000          145611 
   48355.000000          145552 
   48360.000000          145493 
   48365.000000          145433 
   48370.000000          145374 
   48375.000000          145315 
   48380.000000          145256 
   48385.000000          145196 
   48390.000000          145137 
   48395.000000          145078 
   48400.000000          145019 
   48405.000000          144960 
   48410.000000          144901 
   48415.000000          144842 
   48420.000000          144783 
   48425.000000          144724 
   48430.000000          144666 
   48435.000000          144607 
   48440.000000          144548 
   48445.000000          144489 
   48450.000000          144430 
   48455.000000          144372 
   48460.000000          144313 
   48465.000000          144254 
   48470.000000          144196 
   48475.000000          144137 
   48480.000000          144078 
   48485.000000          144020 
   48490.000000          143961 
   48495.000000          143903 
   48500.000000          143844 
   48505.000000          143786 
   48510.000000          143728 
   48515.000000          143669 
   48520.000000          143611 
   48525.000000          143553 
   48530.000000          143494 
   48535.000000          143436 
   48540.000000          143378 
   48545.000000          143320 
   48550.000000          143261 
   48555.000000          143203 
   48560.000000          143145 
   48565.000000          143087 
   48570.000000          143029 
   48575.000000          142971 
   48580.000000          142913 
   48585.000000          142855 
   48590.000000          142797 
   48595.000000          142739 
   48600.000000          142681 
   48605.000000          142624 
   48610.000000          142566 
   48615.000000          142508 
   48620.000000          142450 
   48625.000000          142393 
   48630.000000          142335 
   48635.000000          142277 
   48640.000000          142220 
   48645.000000          142162 
   48650.000000          142104 
   48655.000000          142047 
   48660.000000          141989 
   48665.000000          141932 
   48670.000000          141874 
   48675.000000          141817 
   48680.000000          141760 
   48685.000000          141702 
   48690.000000          141645 
   48695.000000          141588 
   48700.000000          141530 
   48705.000000          141473 
   48710.000000          141416 
   48715.000000          141359 
   48720.000000          141301 
   48725.000000          141244 
   48730.000000          141187 
   48735.000000          141130 
   48740.000000          141073 
   48745.000000          141016 
   48750.000000          140959 
   48755.000000          140902 
   48760.000000          140845 
   48765.000000          140788 
   48770.000000          140731 
   48775.000000          140675 
   48780.000000          140618 
   48785.000000          140561 
   48790.000000          140504 
   48795.000000          140448 
   48800.000000          140391 
   48805.000000          140334 
   48810.000000          140277 
   48815.000000          140221 
   48820.000000          140164 
   48825.000000          140108 
   48830.000000          140051 
   48835.000000          139995 
   48840.000000          139938 
   48845.000000          139882 
   48850.000000          139825 
   48855.000000          139769 
   48860.000000          139712 
   48865.000000          139656 
   48870.000000          139600 
   48875.000000          139544 
   48880.000000          139487 
   48885.000000          139431 
   48890.000000          139375 
   48895.000000          139319 
   48900.000000          139263 
   48905.000000          139207 
   48910.000000          139151 
   48915.000000          139094 
   48920.000000          139038 
   48925.000000          138983 
   48930.000000          138926 
   48935.000000          138871 
   48940.000000          138815 
   48945.000000          138759 
   48950.000000          138703 
   48955.000000          138647 
   48960.000000          138591 
   48965.000000          138536 
   48970.000000          138480 
   48975.000000          138424 
   48980.000000          138368 
   48985.000000          138313 
   48990.000000          138257 
   48995.000000          138202 
   49000.000000          138146 
   49005.000000          138090 
   49010.000000          138035 
   49015.000000          137979 
   49020.000000          137924 
   49025.000000          137869 
   49030.000000          137813 
   49035.000000          137758 
   49040.000000          137702 
   49045.000000          137647 
   49050.000000          137592 
   49055.000000          137537 
   49060.000000          137481 
   49065.000000          137426 
   49070.000000          137371 
   49075.000000          137316 
   49080.000000          137261 
   49085.000000          137206 
   49090.000000          137151 
   49095.000000          137095 
   49100.000000          137040 
   49105.000000          136986 
   49110.000000          136931 
   49115.000000          136876 
   49120.000000          136821 
   49125.000000          136766 
   49130.000000          136711 
   49135.000000          136656 
   49140.000000          136601 
   49145.000000          136547 
   49150.000000          136492 
   49155.000000          136437 
   49160.000000          136383 
   49165.000000          136328 
   49170.000000          136273 
   49175.000000          136219 
   49180.000000          136164 
   49185.000000          136110 
   49190.000000          136055 
   49195.000000          136001 
   49200.000000          135946 
   49205.000000          135892 
   49210.000000          135837 
   49215.000000          135783 
   49220.000000          135729 
   49225.000000          135674 
   49230.000000          135620 
   49235.000000          135566 
   49240.000000          135511 
   49245.000000          135457 
   49250.000000          135403 
   49255.000000          135349 
   49260.000000          135295 
   49265.000000          135241 
   49270.000000          135187 
   49275.000000          135132 
   49280.000000          135078 
   49285.000000          135024 
   49290.000000          134970 
   49295.000000          134917 
   49300.000000          134863 
   49305.000000          134809 
   49310.000000          134755 
   49315.000000          134701 
   49320.000000          134647 
   49325.000000          134593 
   49330.000000          134540 
   49335.000000          134486 
   49340.000000          134432 
   49345.000000          134379 
   49350.000000          134325 
   49355.000000          134271 
   49360.000000          134218 
   49365.000000          134164 
   49370.000000          134111 
   49375.000000          134057 
   49380.000000          134004 
   49385.000000          133950 
   49390.000000          133897 
   49395.000000          133843 
   49400.000000          133790 
   49405.000000          133737 
   49410.000000          133683 
   49415.000000          133630 
   49420.000000          133577 
   49425.000000          133523 
   49430.000000          133470 
   49435.000000          133417 
   49440.000000          133364 
   49445.000000          133311 
   49450.000000          133258 
   49455.000000          133205 
   49460.000000          133152 
   49465.000000          133098 
   49470.000000          133045 
   49475.000000          132992 
   49480.000000          132939 
   49485.000000          132887 
   49490.000000          132834 
   49495.000000          132781 
   49500.000000          132728 
   49505.000000          132675 
   49510.000000          132622 
   49515.000000          132570 
   49520.000000          132517 
   49525.000000          132464 
   49530.000000          132411 
   49535.000000          132359 
   49540.000000          132306 
   49545.000000          132254 
   49550.000000          132201 
   49555.000000          132148 
   49560.000000          132096 
   49565.000000          132043 
   49570.000000          131991 
   49575.000000          131938 
   49580.000000          131886 
   49585.000000          131834 
   49590.000000          131781 
   49595.000000          131729 
   49600.000000          131676 
   49605.000000          131624 
   49610.000000          131572 
   49615.000000          131520 
   49620.000000          131467 
   49625.000000          131415 
   49630.000000          131363 
   49635.000000          131311 
   49640.000000          131259 
   49645.000000          131207 
   49650.000000          131155 
   49655.000000          131103 
   49660.000000          131051 
   49665.000000          130999 
   49670.000000          130947 
   49675.000000          130895 
   49680.000000          130843 
   49685.000000          130791 
   49690.000000          130739 
   49695.000000          130687 
   49700.000000          130636 
   49705.000000          130584 
   49710.000000          130532 
   49715.000000          130480 
   49720.000000          130429 
   49725.000000          130377 
   49730.000000          130325 
   49735.000000          130274 
   49740.000000          130222 
   49745.000000          130170 
   49750.000000          130119 
   49755.000000          130067 
   49760.000000          130016 
   49765.000000          129964 
   49770.000000          129913 
   49775.000000          129862 
   49780.000000          129810 
   49785.000000          129759 
   49790.000000          129707 
   49795.000000          129656 
   49800.000000          129605 
   49805.000000          129554 
   49810.000000          129502 
   49815.000000          129451 
   49820.000000          129400 
   49825.000000          129349 
   49830.000000          129298 
   49835.000000          129246 
   49840.000000          129195 
   49845.000000          129144 
   49850.000000          129093 
   49855.000000          129042 
   49860.000000          128991 
   49865.000000          128940 
   49870.000000          128889 
   49875.000000          128838 
   49880.000000          128788 
   49885.000000          128737 
   49890.000000          128686 
   49895.000000          128635 
   49900.000000          128584 
   49905.000000          128534 
   49910.000000          128483 
   49915.000000          128432 
   49920.000000          128381 
   49925.000000          128331 
   49930.000000          128280 
   49935.000000          128229 
   49940.000000          128179 
   49945.000000          128128 
   49950.000000          128078 
   49955.000000          128027 
   49960.000000          127977 
   49965.000000          127926 
   49970.000000          127876 
   49975.000000          127825 
   49980.000000          127775 
   49985.000000          127725 
   49990.000000          127674 
   49995.000000          127624 
   50000.000000          127574 
   50005.000000          127524 
   50010.000000          127473 
   50015.000000          127423 
   50020.000000          127373 
   50025.000000          127323 
   50030.000000          127272 
   50035.000000          127222 
   50040.000000          127172 
   50045.000000          127122 
   50050.000000          127072 
   50055.000000          127022 
   50060.000000          126972 
   50065.000000          126922 
   50070.000000          126872 
   50075.000000          126822 
   50080.000000          126772 
   50085.000000          126722 
   50090.000000          126673 
   50095.000000          126623 
   50100.000000          126573 
   50105.000000          126523 
   50110.000000          126473 
   50115.000000          126424 
   50120.000000          126374 
   50125.000000          126324 
   50130.000000          126275 
   50135.000000          126225 
   50140.000000          126175 
   50145.000000          126126 
   50150.000000          126076 
   50155.000000          126027 
   50160.000000          125977 
   50165.000000          125928 
   50170.000000          125878 
   50175.000000          125829 
   50180.000000          125779 
   50185.000000          125730 
   50190.000000          125681 
   50195.000000          125631 
   50200.000000          125582 
   50205.000000          125533 
   50210.000000          125483 
   50215.000000          125434 
   50220.000000          125385 
   50225.000000          125336 
   50230.000000          125286 
   50235.000000          125237 
   50240.000000          125188 
   50245.000000          125139 
   50250.000000          125090 
   50255.000000          125041 
   50260.000000          124992 
   50265.000000          124943 
   50270.000000          124894 
   50275.000000          124845 
   50280.000000          124796 
   50285.000000          124747 
   50290.000000          124698 
   50295.000000          124649 
   50300.000000          124600 
   50305.000000          124552 
   50310.000000          124503 
   50315.000000          124454 
   50320.000000          124405 
   50325.000000          124357 
   50330.000000          124308 
   50335.000000          124259 
   50340.000000          124211 
   50345.000000          124162 
   50350.000000          124113 
   50355.000000          124065 
   50360.000000          124016 
   50365.000000          123968 
   50370.000000          123919 
   50375.000000          123871 
   50380.000000          123822 
   50385.000000          123774 
   50390.000000          123725 
   50395.000000          123677 
   50400.000000          123629 
   50405.000000          123580 
   50410.000000          123532 
   50415.000000          123484 
   50420.000000          123435 
   50425.000000          123387 
   50430.000000          123339 
   50435.000000          123291 
   50440.000000          123243 
   50445.000000          123195 
   50450.000000          123146 
   50455.000000          123098 
   50460.000000          123050 
   50465.000000          123002 
   50470.000000          122954 
   50475.000000          122906 
   50480.000000          122858 
   50485.000000          122810 
   50490.000000          122762 
   50495.000000          122714 
   50500.000000          122666 
   50505.000000          122619 
   50510.000000          122571 
   50515.000000          122523 
   50520.000000          122475 
   50525.000000          122427 
   50530.000000          122380 
   50535.000000          122332 
   50540.000000          122284 
   50545.000000          122237 
   50550.000000          122189 
   50555.000000          122141 
   50560.000000          122094 
   50565.000000          122046 
   50570.000000          121998 
   50575.000000          121951 
   50580.000000          121903 
   50585.000000          121856 
   50590.000000          121808 
   50595.000000          121761 
   50600.000000          121714 
   50605.000000          121666 
   50610.000000          121619 
   50615.000000          121571 
   50620.000000          121524 
   50625.000000          121477 
   50630.000000          121429 
   50635.000000          121382 
   50640.000000          121335 
   50645.000000          121288 
   50650.000000          121241 
   50655.000000          121193 
   50660.000000          121146 
   50665.000000          121099 
   50670.000000          121052 
   50675.000000          121005 
   50680.000000          120958 
   50685.000000          120911 
   50690.000000          120864 
   50695.000000          120817 
   50700.000000          120770 
   50705.000000          120723 
   50710.000000          120676 
   50715.000000          120629 
   50720.000000          120582 
   50725.000000          120535 
   50730.000000          120489 
   50735.000000          120442 
   50740.000000          120395 
   50745.000000          120348 
   50750.000000          120301 
   50755.000000          120255 
   50760.000000          120208 
   50765.000000          120161 
   50770.000000          120115 
   50775.000000          120068 
   50780.000000          120021 
   50785.000000          119975 
   50790.000000          119928 
   50795.000000          119882 
   50800.000000          119835 
   50805.907417          119780 
   50810.000000          119760 
   50815.000000          119714 
   50820.000000          119667 
   50825.000000          119621 
   50830.000000          119575 
   50835.000000          119528 
   50840.000000          119482 
   50845.000000          119436 
   50850.000000          119390 
   50855.000000          119344 
   50860.000000          119298 
   50865.000000          119252 
   50870.000000          119206 
   50875.000000          119160 
   50880.000000          119115 
   50885.000000          119069 
   50890.000000          119023 
   50895.000000          118977 
   50900.000000          118931 
   50905.000000          118885 
   50910.000000          118839 
   50915.000000          118794 
   50920.000000          118748 
   50925.000000          118702 
   50930.000000          118657 
   50935.000000          118611 
   50940.000000          118566 
   50945.000000          118521 
   50950.000000          118475 
   50955.000000          118431 
   50960.000000          118386 
   50965.000000          118341 
   50970.000000          118295 
   50975.000000          118250 
   50980.000000          118205 
   50985.000000          118160 
   50990.000000          118115 
   50995.000000          118070 
   51000.000000          118025 
   51005.000000          117981 
   51010.000000          117936 
   51015.000000          117892 
   51020.000000          117848 
   51025.000000          117804 
   51030.000000          117759 
   51035.000000          117714 
   51040.000000          117670 
   51045.130536          117625 
   51050.000000          117582 
   51055.000000          117538 
   51060.000000          117495 
   51065.000000          117451 
   51070.000000          117408 
   51075.000000          117365 
   51080.000000          117321 
   51085.000000          117277 
   51090.000000          117234 
   51095.000000          117191 
   51100.000000          117148 
   51105.000000          117106 
   51110.000000          117063 
   51115.000000          117021 
   51120.000000          116978 
   51125.000000          116936 
   51130.000000          116894 
   51135.000000          116852 
   51140.000000          116810 
   51145.000000          116768 
   51150.000000          116727 
   51155.000000          116685 
   51160.000000          116644 
   51165.588888          116598 
   51170.000000          116562 
   51175.000000          116521 
   51180.000000          116480 
   51185.000000          116440 
   51190.000000          116399 
   51195.000000          116360 
   51200.000000          116319 
   51205.000000          116280 
   51210.000000          116240 
   51215.000000          116201 
   51220.000000          116162 
   51226.031513          116117 
   51230.000000          116088 
   51235.000000          116054 
   51237.785721          116036 
   51239.052707          116125 
   51240.319755          116122 
   51241.586866          116119 
   51242.854040          116113 
   51244.121276          116104 
   51245.388575          116092 
   51246.655937          116080 
   51247.923362          115977 
   51256.306408          115933 
   51260.324790          115911 
   51265.000000          115883 
   51271.457279          115846 
   51275.000000          115846 
   51279.036074          115948 
   51282.826312          116413 
   51284.721641          116718 
   51285.479812          116804 
   51285.858906          116828 
   51286.238005          116843 
   51286.617110          116860 
   51286.996221          116837 
   51287.375337          116814 
   51287.754459          116783 
   51288.512719          116684 
   51290.408469          116345 
   51294.200388          115813 
   51301.785908          115576 
   51305.000000          115536 
   51310.000000          115478 
   51316.963682          115394 
   51320.000000          115355 
   51325.000000          115293 
   51330.000000          115231 
   51335.000000          115173 
   51340.000000          115117 
   51347.346187          115039 
   51350.000000          115012 
   51355.000000          114961 
   51360.000000          114911 
   51365.000000          114862 
   51370.000000          114813 
   51375.000000          114764 
   51380.000000          114715 
   51385.000000          114667 
   51390.000000          114618 
   51395.000000          114570 
   51400.000000          114522 
   51405.000000          114474 
   51408.219255          114444 
   51415.000000          114379 
   51420.000000          114332 
   51425.000000          114285 
   51430.000000          114238 
   51435.000000          114191 
   51440.000000          114144 
   51445.000000          114097 
   51450.000000          114051 
   51455.000000          114005 
   51460.000000          113959 
   51465.000000          113912 
   51470.000000          113866 
   51475.000000          113820 
   51480.000000          113775 
   51485.000000          113729 
   51490.000000          113683 
   51495.000000          113638 
   51500.000000          113593 
   51505.000000          113548 
   51510.000000          113503 
   51515.000000          113457 
   51520.000000          113412 
   51525.000000          113368 
   51530.399415          113319 
   51535.000000          113278 
   51540.000000          113234 
   51545.000000          113190 
   51550.000000          113145 
   51555.000000          113101 
   51560.000000          113057 
   51565.000000          113012 
   51570.000000          112968 
   51575.000000          112924 
   51580.000000          112880 
   51585.000000          112836 
   51590.000000          112792 
   51595.000000          112748 
   51600.000000          112705 
   51605.000000          112661 
   51610.000000          112618 
   51615.000000          112574 
   51620.000000          112531 
   51625.000000          112487 
   51630.000000          112443 
   51635.000000          112400 
   51640.000000          112356 
   51645.000000          112313 
   51650.000000          112270 
   51655.000000          112227 
   51660.000000          112183 
   51665.000000          112140 
   51670.000000          112097 
   51675.000000          112054 
   51680.000000          112012 
   51685.000000          111969 
   51690.000000          111926 
   51695.000000          111883 
   51700.000000          111840 
   51705.000000          111797 
   51710.000000          111754 
   51715.000000          111711 
   51720.000000          111668 
   51725.000000          111625 
   51730.000000          111583 
   51735.000000          111540 
   51740.000000          111498 
   51745.000000          111455 
   51750.000000          111412 
   51755.000000          111370 
   51760.000000          111327 
   51765.000000          111285 
   51770.000000          111243 
   51776.510346          111170 
   51780.000000          111140 
   51785.000000          111098 
   51790.000000          111056 
   51795.000000          111013 
   51800.000000          110971 
   51805.000000          110929 
   51810.000000          110887 
   51815.000000          110844 
   51820.000000          110802 
   51825.000000          110760 
   51830.000000          110718 
   51835.000000          110676 
   51840.000000          110634 
   51845.000000          110592 
   51850.000000          110550 
   51855.000000          110508 
   51860.000000          110466 
   51865.000000          110424 
   51870.000000          110382 
   51875.000000          110340 
   51880.000000          110298 
   51885.000000          110256 
   51890.000000          110214 
   51895.000000          110172 
   51900.000000          110131 
   51905.000000          110089 
   51910.000000          110047 
   51915.000000          110005 
   51920.000000          109963 
   51925.000000          109922 
   51930.000000          109880 
   51935.000000          109838 
   51940.000000          109797 
   51945.000000          109755 
   51950.000000          109713 
   51955.000000          109672 
   51960.000000          109630 
   51965.000000          109589 
   51970.000000          109547 
   51975.000000          109505 
   51980.000000          109464 
   51985.000000          109422 
   51990.000000          109381 
   51995.000000          109339 
   52000.000000          109298 
   52005.000000          109257 
   52010.000000          109215 
   52015.000000          109174 
   52020.000000          109132 
   52025.000000          109091 
   52030.000000          109050 
   52035.000000          109008 
   52040.000000          108967 
   52045.000000          108926 
   52050.000000          108885 
   52055.000000          108843 
   52060.000000          108802 
   52065.000000          108761 
   52070.000000          108720 
   52075.000000          108679 
   52080.000000          108638 
   52085.000000          108597 
   52090.000000          108555 
   52095.000000          108514 
   52100.000000          108473 
   52105.000000          108432 
   52110.000000          108391 
   52115.000000          108350 
   52120.000000          108309 
   52125.000000          108268 
   52130.000000          108227 
   52135.000000          108186 
   52140.000000          108146 
   52145.000000          108105 
   52150.000000          108064 
   52155.000000          108023 
   52160.000000          107982 
   52165.000000          107941 
   52170.000000          107901 
   52175.000000          107860 
   52180.000000          107819 
   52185.000000          107778 
   52190.000000          107738 
   52195.000000          107697 
   52200.000000          107656 
   52205.000000          107616 
   52210.000000          107575 
   52215.000000          107535 
   52220.000000          107494 
   52225.000000          107453 
   52230.000000          107413 
   52235.000000          107372 
   52240.000000          107332 
   52246.439018          107280 
   52247.730945          107503 
   52249.022936          107529 
   52250.314991          107549 
   52251.607110          107556 
   52252.899293          107528 
   52254.191540          107487 
   52255.483850          107440 
   52256.776225          107196 
   52260.000000          107170 
   52265.000000          107130 
   52270.000000          107089 
   52275.000000          107049 
   52280.000000          107008 
   52285.000000          106968 
   52290.000000          106928 
   52295.000000          106887 
   52300.000000          106847 
   52305.000000          106807 
   52310.000000          106767 
   52315.000000          106726 
   52320.000000          106686 
   52325.000000          106646 
   52330.000000          106606 
   52335.000000          106566 
   52340.000000          106526 
   52345.000000          106486 
   52350.000000          106445 
   52355.000000          106405 
   52360.000000          106365 
   52365.000000          106325 
   52370.000000          106285 
   52375.000000          106245 
   52380.000000          106205 
   52385.000000          106165 
   52390.000000          106125 
   52395.000000          106085 
   52400.000000          106046 
   52405.000000          106006 
   52410.000000          105966 
   52415.000000          105926 
   52420.000000          105886 
   52425.000000          105846 
   52430.000000          105807 
   52435.000000          105767 
   52440.000000          105727 
   52445.000000          105687 
   52450.000000          105648 
   52455.000000          105608 
   52460.000000          105568 
   52465.000000          105529 
   52470.000000          105489 
   52475.000000          105449 
   52480.000000          105410 
   52485.000000          105370 
   52490.000000          105331 
   52495.000000          105291 
   52500.000000          105251 
   52505.000000          105212 
   52510.000000          105172 
   52515.000000          105133 
   52520.000000          105094 
   52525.000000          105054 
   52530.000000          105015 
   52535.000000          104975 
   52540.000000          104936 
   52545.000000          104897 
   52550.000000          104857 
   52555.000000          104818 
   52560.000000          104779 
   52565.000000          104739 
   52570.000000          104700 
   52575.000000          104661 
   52580.000000          104622 
   52585.000000          104582 
   52590.000000          104543 
   52595.000000          104504 
   52600.000000          104465 
   52605.000000          104426 
   52610.000000          104387 
   52615.000000          104347 
   52620.000000          104308 
   52625.000000          104269 
   52630.000000          104230 
   52635.000000          104191 
   52640.000000          104152 
   52645.000000          104113 
   52650.000000          104074 
   52655.000000          104035 
   52660.000000          103996 
   52665.000000          103958 
   52670.000000          103919 
   52675.000000          103880 
   52680.000000          103841 
   52685.000000          103802 
   52690.000000          103763 
   52695.000000          103724 
   52700.000000          103686 
   52705.000000          103647 
   52710.000000          103608 
   52715.000000          103569 
   52720.000000          103531 
   52725.000000          103492 
   52730.000000          103453 
   52735.000000          103415 
   52740.000000          103376 
   52745.000000          103337 
   52750.000000          103299 
   52755.000000          103260 
   52760.000000          103222 
   52765.000000          103183 
   52770.000000          103144 
   52775.000000          103106 
   52780.000000          103067 
   52785.000000          103029 
   52790.000000          102990 
   52795.000000          102952 
   52800.000000          102914 
   52805.000000          102875 
   52810.000000          102837 
   52815.000000          102798 
   52820.000000          102760 
   52825.000000          102722 
   52830.000000          102683 
   52835.000000          102645 
   52840.000000          102607 
   52845.000000          102569 
   52850.000000          102530 
   52855.000000          102492 
   52860.000000          102454 
   52865.000000          102416 
   52870.000000          102378 
   52875.000000          102339 
   52880.000000          102301 
   52885.000000          102263 
   52890.000000          102225 
   52895.000000          102187 
   52900.000000          102149 
   52905.000000          102111 
   52910.000000          102073 
   52915.000000          102035 
   52920.000000          101997 
   52925.000000          101959 
   52930.000000          101921 
   52935.000000          101883 
   52940.000000          101845 
   52945.000000          101807 
   52950.000000          101769 
   52955.000000          101731 
   52960.000000          101693 
   52965.000000          101655 
   52970.000000          101618 
   52975.000000          101580 
   52980.000000          101542 
   52985.000000          101504 
   52990.000000          101467 
   52995.000000          101429 
   53000.000000          101391 
   53005.000000          101353 
   53010.000000          101316 
   53015.000000          101278 
   53020.000000          101240 
   53025.000000          101203 
   53030.000000          101165 
   53035.000000          101128 
   53040.000000          101090 
   53045.000000          101053 
   53050.000000          101015 
   53055.000000          100977 
   53060.000000          100940 
   53065.000000          100902 
   53070.000000          100865 
   53075.000000          100827 
   53080.000000          100790 
   53085.000000          100753 
   53090.000000          100715 
   53095.000000          100678 
   53100.000000          100640 
   53105.000000          100603 
   53110.000000          100566 
   53115.000000          100529 
   53120.000000          100491 
   53125.000000          100454 
   53130.000000          100417 
   53135.000000          100379 
   53140.000000          100342 
   53145.000000          100305 
   53150.000000          100268 
   53155.000000          100231 
   53160.000000          100193 
   53165.000000          100156 
   53170.000000          100119 
   53175.000000          100082 
   53180.000000          100045 
   53185.000000          100008 
   53190.000000         99970.8 
   53195.000000         99933.8 
   53200.000000         99896.8 
   53205.000000         99859.8 
   53210.000000         99822.8 
   53215.000000         99785.8 
   53220.000000         99748.8 
   53225.000000           99712 
   53230.000000           99675 
   53235.000000         99638.1 
   53240.000000         99601.2 
   53245.000000         99564.4 
   53250.000000         99527.5 
   53255.000000         99490.7 
   53260.000000         99453.8 
   53265.000000         99417.1 
   53270.000000         99380.3 
   53275.000000         99343.5 
   53280.000000         99306.8 
   53285.000000         99270.1 
   53290.000000         99233.4 
   53295.000000         99196.6 
   53300.000000           99160 
   53305.000000         99123.3 
   53310.000000         99086.6 
   53315.000000           99050 
   53320.000000         99013.4 
   53325.000000         98976.8 
   53330.000000         98940.3 
   53335.000000         98903.7 
   53340.000000         98867.1 
   53345.000000         98830.6 
   53350.000000         98794.1 
   53355.000000         98757.6 
   53360.000000         98721.2 
   53365.000000         98684.7 
   53370.000000         98648.3 
   53375.000000         98611.8 
   53380.000000         98575.4 
   53385.000000           98539 
   53390.000000         98502.7 
   53395.000000         98466.2 
   53400.000000           98430 
   53405.000000         98393.7 
   53410.000000         98357.3 
   53415.000000           98321 
   53420.000000         98284.8 
   53425.000000         98248.5 
   53430.000000         98212.2 
   53435.000000           98176 
   53440.000000         98139.8 
   53445.000000         98103.7 
   53450.000000         98067.5 
   53455.000000         98031.3 
   53460.000000         97995.2 
   53465.000000         97959.1 
   53470.000000           97923 
   53475.000000         97886.8 
   53480.000000         97850.8 
   53485.000000         97814.7 
   53490.000000         97778.7 
   53495.000000         97742.7 
   53500.000000         97706.7 
   53505.000000         97670.6 
   53510.000000         97634.7 
   53515.000000         97598.7 
   53520.000000         97562.8 
   53525.000000         97526.9 
   53530.000000           97491 
   53535.000000         97455.1 
   53540.000000         97419.2 
   53545.000000         97383.4 
   53550.000000         97347.5 
   53555.000000         97311.7 
   53560.000000         97275.9 
   53565.000000         97240.1 
   53570.000000         97204.4 
   53575.000000         97168.6 
   53580.000000         97132.8 
   53585.000000         97097.1 
   53590.000000         97061.4 
   53595.000000         97025.7 
   53600.000000           96990 
   53605.000000         96954.4 
   53610.000000         96918.7 
   53615.000000         96883.1 
   53620.000000         96847.5 
   53625.000000         96811.9 
   53630.000000         96776.3 
   53635.000000         96740.8 
   53640.000000         96705.2 
   53645.000000         96669.7 
   53650.000000         96634.2 
   53655.000000         96598.7 
   53660.000000         96563.2 
   53665.000000         96527.7 
   53670.000000         96492.3 
   53675.000000         96456.9 
   53680.000000         96421.5 
   53685.000000           96386 
   53690.000000         96350.6 
   53695.000000         96315.3 
   53700.000000           96280 
   53705.000000         96244.6 
   53710.000000         96209.3 
   53715.000000           96174 
   53720.000000         96138.7 
   53725.000000         96103.5 
   53730.000000         96068.2 
   53735.000000         96032.9 
   53740.000000         95997.7 
   53745.000000         95962.5 
   53750.000000         95927.4 
   53755.000000         95892.2 
   53760.000000         95857.1 
   53765.000000         95821.9 
   53770.000000         95786.8 
   53775.000000         95751.7 
   53780.000000         95716.6 
   53785.000000         95681.5 
   53790.000000         95646.4 
   53795.000000         95611.4 
   53800.000000         95576.4 
   53805.000000         95541.4 
   53810.000000         95506.4 
   53815.000000         95471.4 
   53820.000000         95436.5 
   53825.000000         95401.5 
   53830.000000         95366.6 
   53835.000000         95331.7 
   53840.000000         95296.8 
   53845.000000         95261.9 
   53850.000000           95227 
   53855.000000         95192.2 
   53860.000000         95157.4 
   53865.000000         95122.6 
   53870.000000         95087.7 
   53875.000000         95052.9 
   53880.000000         95018.2 
   53885.000000         94983.4 
   53890.000000         94948.7 
   53895.000000           94914 
   53900.000000         94879.3 
   53905.000000         94844.6 
   53910.000000         94809.9 
   53915.000000         94775.3 
   53920.000000         94740.6 
   53925.000000           94706 
   53930.000000         94671.4 
   53935.000000         94636.8 
   53940.000000         94602.2 
   53945.000000         94567.6 
   53950.000000         94533.2 
   53955.000000         94498.6 
   53960.000000           94464 
   53965.000000         94429.6 
   53970.000000         94395.1 
   53975.000000         94360.6 
   53980.000000         94326.2 
   53985.000000         94291.7 
   53990.000000         94257.3 
   53995.000000         94222.9 
   54000.000000         94188.6 
   54005.000000         94154.2 
   54010.000000         94119.8 
   54015.000000         94085.5 
   54020.000000         94051.1 
   54025.000000         94016.8 
   54030.000000         93982.5 
   54035.000000         93948.3 
   54040.000000           93914 
   54045.000000         93879.7 
   54050.000000         93845.5 
   54055.000000         93811.3 
   54060.000000         93777.1 
   54065.000000         93742.9 
   54070.000000         93708.8 
   54075.000000         93674.6 
   54080.000000         93640.4 
   54085.000000         93606.3 
   54090.000000         93572.2 
   54095.000000         93538.2 
   54100.000000           93504 
   54105.000000           93470 
   54110.000000           93436 
   54115.000000         93401.9 
   54120.000000         93367.9 
   54125.000000           93334 
   54130.000000         93299.9 
   54135.000000           93266 
   54140.000000           93232 
   54145.000000         93198.1 
   54150.000000         93164.2 
   54155.000000         93130.3 
   54160.000000         93096.4 
   54165.000000         93062.5 
   54170.000000         93028.7 
   54175.000000         92994.8 
   54180.000000           92961 
   54185.000000         92927.2 
   54190.000000         92893.4 
   54195.000000         92859.6 
   54200.000000         92825.8 
   54205.000000         92792.1 
   54210.000000         92758.4 
   54215.000000         92724.6 
   54220.000000         92690.9 
   54225.000000         92657.3 
   54230.000000         92623.6 
   54235.000000         92589.9 
   54240.000000         92556.3 
   54245.000000         92522.7 
   54250.000000           92489 
   54255.000000         92455.4 
   54260.000000         92421.9 
   54265.000000         92388.3 
   54270.000000         92354.8 
   54275.000000         92321.2 
   54280.000000         92287.7 
   54285.000000         92254.2 
   54290.000000         92220.7 
   54295.000000         92187.2 
   54300.000000         92153.8 
   54305.000000         92120.3 
   54310.000000         92086.9 
   54315.000000         92053.5 
   54320.000000         92020.1 
   54325.000000         91986.7 
   54330.000000         91953.3 
   54335.000000           91920 
   54340.000000         91886.6 
   54345.000000         91853.3 
   54350.000000           91820 
   54355.000000         91786.7 
   54360.000000         91753.5 
   54365.000000         91720.2 
   54370.000000         91686.9 
   54375.000000         91653.7 
   54380.000000         91620.5 
   54385.000000         91587.3 
   54390.000000         91554.1 
   54395.000000         91520.9 
   54400.000000         91487.8 
   54405.000000         91454.7 
   54410.000000         91421.5 
   54415.000000         91388.4 
   54420.000000         91355.3 
   54425.000000         91322.2 
   54430.000000         91289.1 
   54435.000000         91256.1 
   54440.000000         91223.1 
   54445.000000           91190 
   54450.000000           91157 
   54455.000000         91124.1 
   54460.000000         91091.1 
   54465.000000         91058.2 
   54470.000000         91025.2 
   54475.000000         90992.2 
   54480.000000         90959.3 
   54485.000000         90926.5 
   54490.000000         90893.6 
   54495.000000         90860.7 
   54500.000000         90827.9 
   54505.000000           90795 
   54510.000000         90762.2 
   54515.000000         90729.4 
   54520.000000         90696.6 
   54525.000000         90663.8 
   54530.000000           90631 
   54535.000000         90598.3 
   54540.000000         90565.5 
   54545.000000         90532.8 
   54549.180046         90505.5 
   54550.528914         90605.1 
   54551.877850         90603.4 
   54553.226851         90600.2 
   54554.575920           90594 
   54555.925055         90582.5 
   54557.274257         90568.1 
   54558.623526         90552.1 
   54559.972862         90434.9 
   54565.000000         90402.1 
   54570.000000         90369.4 
   54575.000000         90336.8 
   54580.000000         90304.2 
   54585.000000         90271.6 
   54590.000000         90238.9 
   54595.000000         90206.4 
   54600.000000         90173.9 
   54605.000000         90141.3 
   54610.000000         90108.7 
   54615.000000         90076.2 
   54620.000000         90043.7 
   54625.000000         90011.2 
   54630.000000         89978.8 
   54635.000000         89946.3 
   54640.000000         89913.9 
   54645.000000         89881.4 
   54650.000000           89849 
   54655.000000         89816.6 
   54660.000000         89784.3 
   54665.000000         89751.9 
   54670.000000         89719.6 
   54675.000000         89687.2 
   54680.000000         89654.9 
   54685.000000         89622.6 
   54690.000000         89590.3 
   54695.000000           89558 
   54700.000000         89525.7 
   54705.000000         89493.5 
   54710.000000         89461.2 
   54715.000000           89429 
   54720.000000         89396.8 
   54725.000000         89364.6 
   54730.000000         89332.4 
   54735.000000         89300.3 
   54740.000000         89268.1 
   54745.000000           89236 
   54750.000000         89203.9 
   54755.000000         89171.7 
   54760.000000         89139.6 
   54765.000000         89107.6 
   54770.000000         89075.5 
   54775.000000         89043.4 
   54780.000000         89011.4 
   54785.000000         88979.4 
   54790.000000         88947.4 
   54795.000000         88915.5 
   54800.000000         88883.4 
   54805.000000         88851.5 
   54810.000000         88819.6 
   54815.000000         88787.6 
   54820.000000         88755.7 
   54825.000000         88723.8 
   54830.000000         88691.9 
   54835.000000           88660 
   54840.000000         88628.2 
   54845.000000         88596.3 
   54850.000000         88564.5 
   54855.000000         88532.7 
   54860.000000         88500.8 
   54865.000000         88469.1 
   54870.000000         88437.4 
   54875.000000         88405.5 
   54880.000000         88373.8 
   54885.000000         88342.1 
   54890.000000         88310.3 
   54895.000000         88278.7 
   54900.000000           88247 
   54905.000000         88215.3 
   54910.000000         88183.6 
   54915.000000           88152 
   54920.000000         88120.4 
   54925.000000         88088.7 
   54930.000000         88057.1 
   54935.000000         88025.5 
   54940.000000           87994 
   54945.000000         87962.4 
   54950.000000         87930.9 
   54955.000000         87899.3 
   54960.000000         87867.8 
   54965.000000         87836.3 
   54970.000000         87804.8 
   54975.000000         87773.3 
   54980.000000         87741.9 
   54985.000000         87710.4 
   54990.000000           87679 
   54995.000000         87647.5 
   55000.000000         87616.2 
   55806.922263         82727.5 
   55808.302233         83243.6 
   55809.682270         83385.7 
   55811.062376         83528.4 
   55812.442550         83615.5 
   55813.822792         83512.1 
   55815.203103         83353.1 
   55816.583482         83194.9 
   55817.963929         82663.1 
   55822.659257         82635.6 
   55824.039615         83659.2 
   55825.420042         84106.4 
   55826.800537         84632.7 
   55828.181100         84944.1 
   55829.561732           84616 
   55830.942431         84073.4 
   55832.323200         83610.2 
   55833.704036         82571.2 
   56579.303480         78364.5 
   56845.711032         76935.9 
   56979.857827         76228.3 
   57047.168929         75876.2 
   57080.884152         75702.7 
   57097.756712         75627.1 
   57106.196733         75602.1 
   57110.417680         75596.5 
   57112.528387         75593.3 
   57113.372713         75591.1 
   57113.794886         75589.5 
   57114.217065         75587.8 
   57114.639250         75586.2 
   57115.061441         75583.4 
   57115.483639         75580.8 
   57115.905843         75577.9 
   57116.750269         75571.3 
   57118.861445         75552.4 
   57123.084263         75514.1 
   57131.531774           75451 
   57148.434294         75350.7 
   57182.269356           75172 
   57250.059815           74820 
   57386.124078         74119.3 
   57660.202147         72731.8 
   58352.761879         69388.3 
   58358.579734         69361.1 
   58364.398751         69333.8 
   58528.420520           68571 
   58804.005625         67387.6 
   58942.773682         66835.9 
   59010.118563         66598.9 
   59012.403604         66598.2 
   59016.489281         66585.1 
   59017.948615         66711.2 
   59019.408021         66714.9 
   59020.867499         66716.9 
   59022.327050         66715.8 
   59023.786673         66707.5 
   59025.246368         66696.1 
   59026.706135         66683.6 
   59028.165974         66549.9 
   59047.280293         66521.8 
   59064.734101         66562.9 
   59073.464875         66764.4 
   59077.831230         67369.5 
   59080.014649         67761.2 
   59080.888062         67867.6 
   59081.324778         67898.7 
   59081.761501         67918.8 
   59082.198230         67938.8 
   59082.634966         67914.9 
   59083.071708         67890.7 
   59083.508456         67855.7 
   59084.381972         67741.3 
   59086.565876         67330.2 
   59090.934168         66686.7 
   59099.672690         66408.3 
   59117.157490         66213.3 
   59152.158145         65982.4 
   59222.283937           65612 
   59287.971776         65287.1 
   59363.035519         64935.8 
   59427.881917         64644.1 
   59498.084903         64337.3 
   59533.248632         64188.6 
   59550.846088         64127.7 
   59559.648718         64116.3 
   59564.051008         64123.6 
   59566.252398         64126.7 
   59567.132999           64126 
   59567.573310         64124.8 
   59568.013627         64123.5 
   59568.453950         64122.8 
   59568.894280         64119.7 
   59569.334616         64117.1 
   59569.774959         64114.5 
   59570.655665         64107.6 
   59572.857543         64085.3 
   59577.261786         64039.9 
   59586.072228         63974.6 
   59603.700930         63883.2 
   59638.989646         63729.3 
   59646.555384         63662.4 
   59647.033489         63660.4 
   59648.508415         63920.3 
   59649.983413         63953.7 
   59651.458485         63982.2 
   59652.933630         63998.3 
   59654.408848         63969.6 
   59655.884138         63928.4 
   59657.359502         63882.3 
   59658.834939         63610.2 
   59709.692585         63394.2 
   59851.602573         62798.6 
   60137.455851           61619 
   62329.437619         53509.8 
   62622.920075         52545.8 
   62770.700160         52067.1 
   62844.852065           51833 
   62881.993753         51718.3 
   62900.581066         51679.4 
   62909.878843         51690.5 
   62914.528763         51719.2 
   62916.853981         51732.2 
   62917.784116         51733.8 
   62918.249194         51733.1 
   62918.714278         51732.4 
   62919.179370         51733.4 
   62919.644469         51729.3 
   62920.109574         51727.1 
   62920.574686         51724.7 
   62921.504931         51717.1 
   62923.830665         51689.1 
   62928.482647         51630.2 
   62937.788676         51559.1 
   62956.408992         51477.8 
   62993.682699           51352 
   63068.362678         51105.2 
   63218.255103         50622.3 
   63520.187627         49664.2 
   65339.263987         44434.3 
   65340.879668         44567.1 
   65342.495429         44573.7 
   65344.111269         44577.7 
   65345.727190         44577.4 
   65347.343191           44569 
   65348.959271         44556.3 
   65350.575432         44541.1 
   65352.191672         44399.7 
   65887.934527           42994 
   66632.193223         41132.5 
   66633.840875         41189.9 
   66635.488609         41188.1 
   66637.136424         41185.7 
   66638.784320         41182.4 
   66640.432298         41177.7 
   66642.080357           41172 
   66643.728498         41165.8 
   66645.376721         41100.4 
   67085.193605         40048.8 
   67401.068866         39338.4 
   67560.124619         38983.4 
   67639.934338         38814.2 
   67679.909949           38737 
   67699.915479           38720 
   67709.922680         38754.4 
   67714.927390         38805.7 
   67717.430023         38832.6 
   67718.431127         38839.9 
   67718.931691         38841.7 
   67719.432262         38842.7 
   67719.932840         38843.9 
   67720.433426         38840.4 
   67720.934019         38837.2 
   67721.434619         38833.1 
   67722.435842         38821.2 
   67724.939030         38783.1 
   67729.945960         38709.2 
   67739.962042         38629.8 
   67760.003095         38556.8 
   67800.120797         38453.9 
   67880.498882         38263.3 
   68041.828147         37898.6 
   68366.798219         37171.2 
   69472.909867         34893.4 
   69474.627762         36549.4 
   69476.345743         37269.8 
   69478.063809         38167.5 
   69479.781960         38577.4 
   69481.500196         38159.9 
   69483.218517         37255.1 
   69484.936922         36527.8 
   69486.655413         34866.2 
   72051.935806         30225.9 
   72053.717474         30483.8 
   72055.499232         30522.3 
   72057.281077         30552.6 
   72059.063010         30567.2 
   72060.845031         30546.7 
   72062.627141         30510.3 
   72064.409339           30466 
   72066.191625         30202.3 
   72343.220972         29749.3 
   72345.009844         29814.6 
   72346.798804         29814.3 
   72348.587853         29813.5 
   72350.376990         29811.5 
   72352.166216         29807.7 
   72353.955530         29802.7 
   72355.744932         29797.1 
   72357.534424         29726.1 
   73852.710528         27425.1 
   73860.075613         27414.3 
   73867.442168         27403.6 
   73899.293313         27357.1 
   74247.253232         27041.2 
   74321.809130         27008.3 
   74367.765149         27055.5 
   74369.604083         27049.4 
   74371.443108           27013 
   74373.282223         26918.4 
   74375.121430         26853.9 
   74376.960728         26920.2 
   74377.331722         26942.2 
   74378.800116         27028.9 
   74380.639596         27065.9 
   74382.479166         27073.1 
   74422.464887           27120 
   74510.381184         27386.2 
   74554.417271         27658.8 
   74572.116165           27803 
   74573.960152         28088.8 
   74575.804230         28177.6 
   74576.454839         28207.8 
   74577.648400         28258.7 
   74579.492660         28316.3 
   74581.337012         28289.4 
   74583.181455         28240.6 
   74585.025989         28191.4 
   74586.870614         27996.8 
   74587.478510           28030 
   74592.991567           29287 
   74595.748402         30185.1 
   74596.851193         30406.3 
   74597.402600         30476.6 
   74597.954016           30519 
   74598.505440         30533.8 
   74599.056872         30517.2 
   74599.608312           30473 
   74600.159761           30401 
   74601.262682         30176.4 
   74604.020128         29270.5 
   74609.535631         28000.3 
   74620.569084         27782.6 
   74642.645784           27544 
   74671.758494         27279.3 
   74686.838394         27163.6 
   74727.542518         26910.9 
   74775.380789         26697.2 
   74847.971913           26480 
   74903.887579         26368.2 
   74917.070603         26347.4 
   74918.923120         26463.8 
   74920.775728         26470.2 
   74922.628428         26474.7 
   74924.481220         26475.7 
   74926.334103         26469.1 
   74928.187078         26459.1 
   74930.040145         26447.2 
   74931.893303         26325.2 
   74936.390867           26319 
   74953.096884         26301.8 
   74980.678729         26263.5 
   74992.372587         26261.9 
   75002.842296           26296 
   75013.928994         26493.7 
   75019.473572         27027.7 
   75022.246169         27352.8 
   75023.355265         27435.8 
   75023.909825           27459 
   75024.464393         27473.9 
   75025.018970         27488.8 
   75025.573555         27472.3 
   75026.128148         27455.8 
   75026.682749           27431 
   75027.791976         27344.8 
   75030.565188         27011.9 
   75036.112226         26464.5 
   75036.693534         26436.5 
   75047.208762         26241.6 
   75058.873659         26184.3 
   75069.411684         26203.4 
   75069.968639         26207.5 
   75075.517359         26269.5 
   75078.292027           26303 
   75079.401952         26310.7 
   75079.956926         26312.1 
   75080.511909         26312.8 
   75081.066900         26315.3 
   75081.621899         26310.1 
   75082.176907         26306.8 
   75082.731922         26302.7 
   75083.841978         26289.5 
   75086.617261         26242.4 
   75092.168443         26152.6 
   75103.273269         26065.7 
   75113.856964         26020.5 
   75125.492778         25982.9 
   75169.971261         25863.8 
   75202.905595         25790.7 
   75259.086417         25675.9 
   75311.075410           25531 
   75381.637775         25412.4 
   75437.952119         25323.4 
   75741.663026         24843.5 
   75798.246330         24755.2 
   80416.034329           19612 
   80418.022822           19682 
   80420.011413         19683.2 
   80422.000102         19683.6 
   80423.988890         19682.9 
   80425.977776         19679.8 
   80427.966761         19675.5 
   80429.955844         19670.5 
   80431.945025         19596.8 
   80784.509519         19262.2 
   81164.888954         18913.5 
   81356.425123         18739.7 
   81452.532604         18653.8 
   81500.671545         18613.5 
   81524.762359         18597.5 
   81536.813108           18593 
   81542.839819         18592.1 
   81545.853508         18591.4 
   81547.059046         18590.9 
   81547.661828         18590.5 
   81548.264620           18590 
   81548.867420         18589.6 
   81549.470229           18589 
   81550.073047         18588.3 
   81550.675874         18587.6 
   81551.881555           18586 
   81554.895913         18581.3 
   81560.925297         18571.4 
   81572.986740         18554.3 
   81597.120331           18527 
   81645.430378         18480.9 
   81742.222290         18393.9 
   81936.496240         18221.8 
   82302.921675         17903.2 
   82327.827718         17879.2 
   85832.860225           15173 
   86237.010167           14901 
   86440.515732         14764.7 
   86542.629120         14698.1 
   86593.776339         14668.3 
   86619.372626         14659.3 
   86632.176445         14660.3 
   86638.579774         14663.4 
   86641.781794         14664.5 
   86643.062668         14664.3 
   86643.703119         14664.1 
   86644.343580         14663.8 
   86644.984050         14663.7 
   86645.624530         14662.9 
   86646.265019         14662.4 
   86646.905517         14661.8 
   86648.186543         14660.2 
   86651.389273         14654.8 
   86657.795442         14643.2 
   86670.610624         14625.2 
   86696.252361         14600.1 
   86747.581379         14561.9 
   86779.594638         14539.9 
   86850.421969         14511.7 
   87056.836403         14381.5 
   87188.202345         14300.9 
   87393.952571         14178.3 
   87472.622798         14129.1 
   87489.548674         14120.3 
   87491.712077         14153.7 
   87493.875588         14153.4 
   87496.039205         14152.9 
   87497.192268         14152.6 
   87498.202930         14152.2 
   87500.366762         14150.9 
   87502.530700         14149.2 
   87504.694746         14147.4 
   87506.858898         14112.5 
   87548.903639         14104.8 
   87574.782253         14129.8 
   87587.727298           14201 
   87594.201255         14305.6 
   87597.438593         14358.6 
   87598.733595         14371.2 
   87599.381110         14374.5 
   87600.028635         14375.4 
   87600.676170         14380.4 
   87601.323714         14374.6 
   87601.971268         14372.9 
   87602.618831         14368.7 
   87603.913986         14354.4 
   87607.152042         14297.2 
   87613.628872         14184.4 
   87626.585404         14096.8 
   87652.509969         14039.2 
   87704.405145         13985.7 
   87808.380065         13912.5 
   88017.071245           13773 
   88437.443754         13488.9 
   91130.078471         11987.3 
   91132.331896         12110.8 
   91134.585433         12119.9 
   91136.839081           12127 
   91139.092840         12130.4 
   91141.346711         12124.7 
   91143.600693         12115.2 
   91145.854787         12103.7 
   91148.108992           11978 
   91176.217077         11963.5 
   91185.294159         11958.8 
   91194.373049         11954.1 
   92629.926120         11241.6 
   92632.216633           11310 
   92634.507258         11312.2 
   92636.797998         11313.5 
   92639.088850         11313.5 
   92641.379816         11311.3 
   92643.670895         11307.8 
   92645.962087         11303.4 
   92648.253393         11232.9 
   93039.813733           11048 
   93477.898112         10853.8 
   93698.491016         10755.2 
   93809.178352         10708.5 
   93864.620145           10690 
   93892.365624         10689.1 
   93906.244515         10697.1 
   93913.185499         10704.8 
   93916.656376         10708.3 
   93918.044799         10709.3 
   93918.739026         10709.5 
   93919.433263         10709.5 
   93920.127510         10709.6 
   93920.821768         10708.9 
   93921.516035         10708.2 
   93922.210313         10707.4 
   93923.598900         10705.2 
   93927.070547         10698.6 
   93934.014610         10684.6 
   93947.905818         10664.3 
   93975.700563         10640.3 
   94031.339421         10609.2 
   94142.815018         10556.8 
   94366.561034         10457.1 
   94817.258921         10255.4 
   97077.447012          9347.8 
   97079.847501         9537.39 
   97082.248109         9563.54 
   97084.648835         9583.22 
   97087.049680         9592.95 
   97089.450644         9581.34 
   97091.851726         9559.79 
   97094.252928         9531.78 
   97096.654248         9340.53 
   97125.076161         9329.79 
   97127.477827         9772.15 
   97129.879613         9903.79 
   97132.281517         10006.5 
   97134.683540         10052.5 
   97137.085682         10004.6 
   97139.487942         9899.87 
   97141.890322         9766.37 
   97144.292820         9322.53 
   97606.956794         9149.93 
   97609.370377         9185.54 
   97611.784078         9185.57 
   97614.197899         9185.37 
   97616.611840          9184.8 
   97619.025900         9183.59 
   97621.440079            9182 
   97623.854378         9180.17 
   97626.268796         9142.82 
  104050.451592         7116.27 
  104540.380319         6995.14 
  104787.078913         6932.22 
  104910.865353         6903.77 
  104972.868311         6895.82 
  105003.897281         6901.96 
  105019.418646         6916.09 
  105027.181049          6929.3 
  105031.062681         6935.39 
  105032.615414         6936.81 
  105033.391798          6937.1 
  105034.168193         6937.27 
  105034.944600         6937.66 
  105035.721018         6936.87 
  105036.497448         6936.29 
  105037.273889          6935.6 
  105038.826806         6933.36 
  105042.709299         6925.26 
  105050.475146         6908.03 
  105066.010285          6885.9 
  105097.094351          6863.8 
  105159.317694         6839.81 
  105283.985681         6804.42 
  105534.210537         6739.61 
  106038.245496         6606.13 
  108809.800336         5969.09 
  108812.490937         5968.78 
  108815.181672         5970.18 
  108817.872539         5975.09 
  108820.563540         5978.32 
  108823.254674         5973.93 
  108825.945941         5967.86 
  108828.637341         5965.31 
  108831.328874         5964.45 
  110323.250723         5653.73 
  112027.090625          5323.3 
  112554.577907         5252.42 
  112820.188727         5211.88 
  112898.583353          5200.2 
  112901.375060          5230.9 
  112904.166905          5231.3 
  112906.958889         5231.51 
  112909.751010          5231.4 
  112912.543269         5230.67 
  112915.335667         5229.63 
  112918.128203         5228.37 
  112920.920876         5196.91 
  112953.464791         5192.37 
  113020.220974         5192.46 
  113053.628664         5220.92 
  113070.339916         5285.29 
  113078.697395          5373.6 
  113082.876598         5414.16 
  113084.548366         5425.92 
  113085.384268         5429.26 
  113086.220183         5431.53 
  113087.056110         5434.21 
  113087.892049         5431.21 
  113088.728001         5428.62 
  113089.563965         5424.96 
  113091.235931         5412.56 
  113095.416060          5371.7 
  113103.777247         5279.08 
  113120.503329         5208.71 
  113134.884599         5184.84 
  113137.682149         5227.44 
  113140.479838         5227.48 
  113143.277665         5227.06 
  113146.075630          5225.9 
  113148.873734         5223.26 
  113151.671976         5219.92 
  113153.970339         5216.77 
  113154.470356         5216.07 
  113157.268875         5166.27 
  113220.963803         5144.18 
  113355.188995         5115.62 
  113624.596404         5060.29 
  114167.271319         4941.88 
  114313.213996         4917.13 
  114851.465648         4829.08 
  115122.496756         4784.92 
  115258.492569         4763.61 
  115326.611037         4754.39 
  115360.700474          4751.3 
  115377.752751          4750.7 
  115386.280780         4750.65 
  115390.545267         4750.52 
  115392.251151          4750.4 
  115393.104111          4750.3 
  115393.957084         4750.19 
  115394.810070         4750.09 
  115395.663068         4749.92 
  115396.516079         4749.75 
  115397.369103         4749.57 
  115399.075188         4749.15 
  115403.340621          4747.9 
  115411.872433         4745.18 
  115428.939843         4740.27 
  115463.089810         4732.34 
  115531.450401         4719.54 
  115668.414710          4696.8 
  115943.319884         4652.86 
  116497.069101         4564.87 
  117047.758137         4481.09 
  117050.652443         4498.84 
  117053.546892         4498.69 
  117056.441484         4498.47 
  117059.336220         4498.13 
  117062.231099         4497.59 
  117065.126121         4496.94 
  117068.021286         4496.22 
  117070.916594         4477.61 
  122559.470284         3740.31 
  122710.527548         3751.35 
  123136.550003         3729.49 
  123288.318530         3725.16 
  123427.132586         3725.18 
  123572.938781         3729.72 
  123579.259262         3730.01 
  123645.971138         3733.43 
  123656.627503         3734.37 
  123659.685231         3787.54 
  123662.743109         3791.83 
  123665.801139         3794.95 
  123668.859320         3796.72 
  123671.917652         3795.64 
  123674.976136         3793.72 
  123678.034771         3790.82 
  123681.093557          3744.8 
  123682.519697         3746.68 
  123700.802081         3818.02 
  123709.945300         3993.61 
  123714.517416         4082.78 
  123716.346357         4103.97 
  123717.260848         4110.52 
  123718.175352         4114.51 
  123719.089870         4116.31 
  123720.004401         4114.27 
  123720.918946         4110.03 
  123721.833505         4103.24 
  123723.662662         4081.57 
  123725.245167         4054.85 
  123728.235793         3991.26 
  123737.383067         3813.67 
  123755.681675          3739.1 
  123792.295132         3720.24 
  123798.367537         3719.31 
  123834.961144         3718.88 
  123853.266061         3728.15 
  123862.420549          3739.7 
  123865.587077         3743.36 
  123866.998300         3744.89 
  123868.829495         3745.82 
  123869.745113         3745.81 
  123870.660745         3745.82 
  123871.576390         3746.38 
  123872.492049         3745.34 
  123873.407721         3744.85 
  123874.323406         3744.39 
  123876.154818         3742.49 
  123880.733585         3734.89 
  123889.892134         3718.32 
  123908.213295         3699.03 
  123944.871879         3679.24 
  124012.431633         3657.72 
  124018.254158         3656.19 
  124165.279704         3621.91 
  124307.167748         3593.56 
  124460.379087         3566.29 
  124690.861127         3529.35 
  124900.862985          3480.2 
  125054.806066         3457.77 
  125277.976646         3433.81 
  125573.612654         3402.61 
  125721.954517            3388 
  125796.256954         3382.47 
  125833.441118         3381.67 
  125852.041444         3382.64 
  125861.343669         3383.61 
  125865.995298         3383.92 
  125867.856045          3383.9 
  125868.786440         3383.84 
  125869.716848         3383.77 
  125870.647270         3383.76 
  125871.577706         3383.58 
  125872.508155         3383.45 
  125873.438618         3383.31 
  125875.299586         3382.94 
  125879.952246         3381.64 
  125889.258598         3378.71 
  125907.875431         3373.82 
  125945.125620         3366.79 
  126019.692161         3356.68 
  126169.090442         3339.98 
  126468.952214         3308.58 
  127072.972207         3245.26 
  131270.284839         2856.67 
  131273.530833         3009.84 
  131276.776988         3035.33 
  131280.023304         3044.13 
  131283.269780         3061.25 
  131286.516417         3044.12 
  131289.763214         3034.13 
  131293.010172         3008.06 
  131293.756070         3002.48 
  131296.257291         2854.45 
  135892.536057         2493.96 
  135895.896348         2510.11 
  135899.256806         2510.13 
  135902.617430         2510.08 
  135905.978220         2509.93 
  135909.339176         2509.59 
  135912.700299         2509.15 
  135916.061588         2508.64 
  135919.423043         2492.02 
  138545.924270         2311.77 
  138549.350173         2338.02 
  138552.776246          2338.5 
  138556.202488          2338.8 
  138559.628900         2338.84 
  138563.055481         2338.34 
  138566.482232         2337.58 
  138569.909152         2336.65 
  138573.336242         2309.97 
  140501.314129         2188.11 
  141162.874256         2150.64 
  141495.996084         2131.27 
  141663.147281         2122.85 
  141746.871060          2120.9 
  141788.770071         2122.46 
  141809.728867         2125.15 
  141820.210589         2127.14 
  141825.452031         2127.96 
  141827.548716         2128.15 
  141828.597082         2128.18 
  141829.645463         2128.19 
  141830.693860          2128.2 
  141831.742272         2128.06 
  141832.790700         2127.93 
  141833.839144         2127.78 
  141835.936077         2127.34 
  141841.178681          2125.9 
  141851.665053         2122.68 
  141872.642448         2117.52 
  141914.615857         2111.07 
  141998.637227         2103.23 
  142166.978793         2092.06 
  142504.862200         2072.25 
  143185.470241          2031.6 
  154087.848207         1523.69 
  154697.241810          1500.3 
  154701.067096         1533.09 
  154704.892572         1534.29 
  154708.718236         1535.04 
  154712.544090          1535.3 
  154716.370133         1534.74 
  154720.196365         1533.68 
  154724.022787         1532.19 
  154727.849397         1499.13 
  160571.642079         1296.42 
  161327.704730         1278.54 
  161708.412336         1267.58 
  161899.440741         1262.89 
  161995.124293         1265.03 
  162043.008493         1273.88 
  162066.961210         1287.43 
  162078.940225         1300.56 
  162084.930396         1306.65 
  162087.326588         1308.09 
  162088.524711         1308.41 
  162089.722852         1308.66 
  162090.921010         1309.19 
  162092.119186         1308.59 
  162093.317380         1308.26 
  162094.515591         1307.86 
  162096.912067         1306.27 
  162102.903567         1299.79 
  162107.294596         1294.75 
  162111.303114         1294.18 
  162114.887895         1290.46 
  162115.311831         1290.05 
  162119.320747         1286.88 
  162123.329860         1284.08 
  162127.339172         1281.63 
  162131.348682         1279.47 
  162135.358390         1277.59 
  162138.861869         1276.09 
  162139.368297         1270.69 
  162186.831094         1259.15 
  162282.854747          1251.2 
  162475.243564         1244.23 
  162578.863702         1240.91 
  162861.392931         1232.25 
  163344.377494         1217.12 
  163639.224452         1204.35 
  163729.844126         1201.86 
  163923.260477         1196.99 
  164020.140118         1195.26 
  164068.622894         1194.99 
  164092.875032         1195.19 
  164105.003789         1195.34 
  164111.068840         1195.36 
  164113.494986         1195.34 
  164114.708086         1195.32 
  164115.921204          1195.3 
  164117.134340         1195.28 
  164118.347494         1195.23 
  164119.560665         1195.18 
  164120.773855         1195.14 
  164123.200288         1195.02 
  164129.266684         1194.65 
  164141.400822          1193.8 
  164165.674482         1192.22 
  164214.243346         1189.73 
  164311.467339         1185.94 
  164506.261108         1179.78 
  164897.237525         1168.59 
  165684.792308         1146.59 
  167223.894892          1105.8 
  167473.566057          1101.2 
  167477.707271         1112.95 
  167481.848689         1113.03 
  167485.990312         1113.06 
  167490.132140         1113.02 
  167494.274173         1112.85 
  167498.416411          1112.6 
  167502.558853         1112.31 
  167506.701501         1100.36 
  168011.280134         1087.69 
  168407.759910         1077.95 
  168606.702348         1074.17 
  168706.349932          1074.4 
  168756.217906         1076.99 
  168781.162950         1080.32 
  168793.638238         1082.91 
  168799.876573         1083.98 
  168802.372037         1084.18 
  168803.619796          1084.2 
  168804.867574         1084.22 
  168806.115370         1084.33 
  168807.363185         1084.15 
  168808.611018         1084.07 
  168809.858869         1083.99 
  168812.354628         1083.66 
  168818.594347         1082.28 
  168831.075169         1079.06 
  168856.042350         1074.49 
  168905.998871         1069.42 
  169006.000646         1064.25 
  169206.359856         1058.14 
  169608.506837         1048.08 
  170418.562802          1026.8 
  172652.894420         975.734 
  172657.163706         1022.69 
  172661.433203          1025.3 
  172665.702911         1026.16 
  172669.972830         1026.49 
  172674.242960         1025.95 
  172678.513302          1024.9 
  172682.783855         1022.09 
  172687.054619         974.978 
  178705.443910         852.578 
  180982.305315         811.346 
  180986.780567         811.254 
  180991.256040         811.108 
  180995.731734         810.867 
  181000.207650         810.679 
  181004.683787         810.709 
  181009.160146         810.794 
  181013.636726         810.783 
  181018.113527         810.718 
  184406.582070         753.939 
  185274.873180         740.646 
  185712.092277         734.151 
  185931.476565          731.55 
  186041.363196         731.088 
  186096.355233         731.615 
  186123.863445         732.332 
  186137.620600          732.81 
  186144.499941         732.967 
  186147.251820         732.977 
  186148.627789         732.964 
  186150.003780         732.952 
  186151.379790         732.965 
  186152.755821          732.91 
  186154.131872         732.879 
  186155.507944         732.849 
  186158.260148         732.754 
  186165.141014         732.384 
  186178.904273         731.481 
  186206.436896         729.918 
  186217.064695         729.414 
  186221.669390         729.079 
  186226.274312         728.147 
  186230.879462         726.119 
  186235.484840         724.683 
  186240.090446         725.745 
  186244.696279         727.417 
  186249.302340         727.991 
  186253.908629         727.962 
  186261.526579         727.703 
  186371.803795         724.799 
  186592.750431         720.671 
  187036.219053         713.705 
  187929.510361         700.105 
  188832.570633         687.091 
  189721.701815         684.546 
  190071.327731         681.346 
  190076.027732         691.952 
  190080.727965         692.128 
  190085.428431         692.233 
  190090.129130         692.257 
  190094.830061         692.142 
  190099.531225         691.939 
  190104.232621          691.67 
  190108.934249         681.012 
  190169.414718         680.472 
  190394.064503         678.471 
  190506.588550         678.952 
  190562.900465         686.995 
  190591.068908         704.234 
  190605.156253         726.491 
  190612.200706         736.424 
  190615.018633         738.688 
  190616.427628         739.289 
  190617.836644         739.692 
  190619.245680         740.165 
  190620.654737         739.647 
  190622.063815         739.202 
  190623.472914         738.557 
  190626.291175         736.205 
  190633.337190          726.06 
  190647.430785         703.401 
  190675.624225          685.38 
  190732.036130          675.78 
  190844.960136         672.158 
  191071.209768         667.873 
  191525.322192         659.459 
  192440.053608         638.037 
  200642.514344         541.881 
  200647.475745          547.38 
  200652.437391         547.382 
  200657.399283         547.371 
  200662.361420         547.336 
  200667.323802         547.264 
  200672.286430         547.169 
  200677.249304         547.061 
  200682.212423         541.462 
  205146.576549         496.797 
  220376.299846         375.411 
  220381.749215         375.384 
  220387.198854         375.405 
  220392.648762         375.523 
  220398.098940         375.595 
  220403.549387         375.451 
  220409.000105          375.26 
  220414.451091         375.166 
  220419.902347         375.121 
  221222.437389         369.826 
  221310.210893         369.566 
  221774.435795         367.643 
  221779.919737         383.239 
  221785.403950         383.534 
  221790.888434         383.414 
  221796.373190         383.525 
  221801.858217          383.34 
  221807.343515         383.384 
  221812.829084         383.016 
  221818.314925         367.367 
  222264.078492         364.592 
  222352.265284         364.054 
  222788.586204         361.552 
  222876.981103         361.146 
  223051.769472         360.743 
  223140.268793         361.067 
  223183.594421         361.513 
  223249.565344         362.946 
  223272.146045          363.81 
  223282.565433         364.305 
  223299.069137         365.198 
  223307.321903          365.62 
  223310.623181         365.759 
  223312.273856         365.816 
  223313.924556         365.873 
  223315.575280         365.941 
  223317.226029         365.967 
  223318.876801         366.006 
  223320.527599         366.044 
  223323.829267         366.097 
  223332.083864          366.17 
  223338.143144         366.244 
  223348.594888         366.411 
  223371.156326         367.471 
  223381.624263         368.413 
  223387.666578         368.911 
  223395.922619         369.554 
  223399.225206         369.679 
  223400.876536         369.689 
  223402.527891         369.694 
  223404.179270         369.741 
  223405.830673         369.627 
  223407.482101         369.556 
  223409.133554         369.478 
  223412.436532         369.218 
  223420.694404         368.224 
  223437.211979         366.022 
  223447.712327         364.876 
  223470.254459         362.978 
  223536.368744          359.77 
  223580.005839         358.531 
  223668.714746         356.893 
  223845.063371         354.999 
  223933.877443         354.308 
  224377.068294          351.34 
  224466.093448         350.772 
  225448.700760         344.365 
  225538.151102         342.907 
  230871.819084         312.949 
  230877.527982         318.862 
  230883.237162         318.901 
  230888.946625          318.92 
  230894.656370         318.913 
  230900.366397         318.858 
  230906.076707         318.776 
  230911.787300         318.675 
  230917.498174         312.707 
  236442.911785         285.084 
  237410.514222         280.682 
  237416.384806         283.212 
  237422.255680         283.201 
  237428.126845         283.187 
  237433.998300         283.165 
  237439.870045         283.132 
  237445.742081         283.092 
  237451.614408         283.048 
  237457.487024         280.468 
  237556.219541         280.019 
  238116.814263         277.564 
  238398.104981         276.521 
  238538.999706         276.198 
  238609.509540         276.184 
  238644.780091         276.249 
  238662.419276          276.29 
  238671.239847         276.296 
  238674.768258         276.291 
  238676.532503         276.286 
  238678.296773          276.28 
  238680.061070         276.276 
  238681.825393         276.264 
  238683.589742         276.254 
  238685.354117         276.243 
  238688.882945         276.216 
  238697.705472          276.13 
  238715.352483         275.929 
  238750.654333         275.545 
  238821.289367         274.921 
  238962.684894         273.972 
  239245.978828         272.473 
  239814.586582         269.843 
  240959.949158         264.748 
  275427.788507         156.958 
  276724.659245         155.772 
  277377.685225         154.509 
  277705.355359         153.972 
  277869.480908          154.73 
  277951.616453         157.059 
  277992.702437         160.337 
  278013.249985         163.378 
  278023.524898         164.639 
  278027.635075         164.896 
  278029.690210         164.934 
  278031.745375         164.975 
  278033.800570         165.122 
  278035.855796         164.966 
  278037.911052         164.915 
  278039.966338         164.866 
  278044.077002          164.59 
  278054.354194         163.281 
  278061.688855         162.268 
  278068.564644           161.8 
  278074.910856         160.702 
  278075.440773         160.627 
  278082.317241         159.886 
  278089.194050         159.284 
  278096.071199         158.755 
  278102.948688         158.307 
  278109.826517         157.915 
  278116.033301         157.598 
  278116.704687         156.652 
  278198.314690         154.007 
  278363.023613         152.543 
  278693.027254         151.657 
  279355.387461         150.077 
  279499.504450         149.735 
  279506.415792         154.294 
  279513.327476         154.195 
  279520.239502         154.086 
  279527.151870         154.016 
  279534.064580         154.053 
  279540.977631          154.13 
  279547.891025         154.196 
  279554.804760         149.604 
  280689.598240         145.762 
  285609.050761         136.188 
  286953.860674         133.803 
  287631.025935         132.671 
  287970.808483         132.265 
  288141.000977         132.243 
  288226.172685         132.373 
  288268.777424         132.512 
  288290.084517         132.593 
  288300.739245         132.621 
  288305.001356         132.626 
  288307.132459         132.625 
  288309.263594         132.624 
  288311.394760         132.623 
  288313.525958         132.617 
  288315.657187          132.61 
  288317.788447         132.603 
  288322.051063         132.582 
  288332.708154         132.515 
  288354.024699         132.358 
  288396.667246         132.066 
  288481.990189         131.631 
  288652.787621         131.045 
  288994.989936         130.236 
  289681.834466         128.941 
  291065.364704         126.474 
  295598.017792         119.058 
  296989.861445         117.072 
  297690.710065         116.112 
  298042.376258         115.948 
  298218.521110         116.342 
  298306.671636         117.005 
  298350.766444         117.657 
  298372.818737          118.08 
  298383.846106         118.254 
  298388.257282         118.292 
  298390.462919           118.3 
  298392.668588         118.306 
  298394.874290         118.319 
  298397.080025         118.299 
  298399.285792         118.286 
  298401.491592         118.271 
  298405.903289         118.219 
  298416.933104         118.011 
  298438.995180         117.519 
  298483.129119         116.732 
  298571.436169         115.801 
  298748.207116         114.876 
  299102.377705          113.98 
  299813.244119         112.815 
  301245.162313         110.566 
  330322.108170         77.1106 
  330330.276232         78.2088 
  330338.444697         78.2061 
  330346.613567         78.2034 
  330354.782840         78.1969 
  330362.952517         78.1882 
  330371.122599         78.1755 
  330379.293085         78.1629 
  330387.463975         77.0509 
  346450.469032         63.9925 
  346459.035908         65.9965 
  346467.603208         65.9661 
  346476.170932         65.9415 
  346484.739080         65.9242 
  346493.307651         65.9285 
  346501.876647         65.9401 
  346510.446066         65.9575 
  346519.015909          63.943 
  358451.471181         56.0107 
  358460.334813          56.004 
  358469.198884         55.9917 
  358478.063393         55.9696 
  358486.928340          55.953 
  358495.793726         55.9588 
  358504.659550           55.97 
  358513.525813         55.9715 
  358522.392514         55.9674 
  361286.238599         54.3108 
  362987.379770         53.3498 
  363843.971988         52.8929 
  364273.785953         52.7071 
  364489.073970         52.6536 
  364596.813434         52.6523 
  364650.707054         52.6627 
  364677.659840         52.6691 
  364691.137727         52.6696 
  364696.529161         52.6683 
  364699.224937         52.6671 
  364701.920754         52.6659 
  364704.616610         52.6652 
  364707.312506         52.6628 
  364710.008442          52.661 
  364712.704418         52.6591 
  364718.096490         52.6543 
  364731.577366         52.6386 
  364758.542108         52.6016 
  364812.483555         52.5303 
  364920.414326         52.4099 
  365136.467570         52.2207 
  365569.342462          51.922 
  366438.178643         51.4101 
  368188.299777         50.4347 
  384789.010977         42.4405 
  385054.641405         42.3624 
  386600.816573         41.9757 
  386867.697740         41.8714 
  387513.132729         41.6429 
  387780.643692         41.5771 
  387970.907404         41.5653 
  388200.200563         41.6596 
  388238.734382         41.7014 
  388314.948808         41.8166 
  388372.348373         41.9522 
  388401.054520         42.0328 
  388415.409184         42.0715 
  388421.151347         42.0844 
  388424.022492         42.0894 
  388426.893680         42.0942 
  388429.764910         42.0993 
  388432.636182         42.1014 
  388435.507497         42.1039 
  388438.378855         42.1058 
  388444.121697         42.1081 
  388458.479545          42.108 
  388468.185829         42.1089 
  388487.198426         42.1148 
  388544.648929         42.2234 
  388583.013287         42.3927 
  388640.452477         42.8632 
  388659.600926         43.1063 
  388669.178440         43.2203 
  388683.543014         43.3887 
  388689.289141         43.4298 
  388692.162268         43.4436 
  388695.035438         43.4528 
  388697.908650         43.4623 
  388700.781905         43.4489 
  388703.655202         43.4357 
  388706.528541         43.4181 
  388712.275348         43.3725 
  388726.643108         43.1788 
  388737.558434         43.0292 
  388747.170967         42.9796 
  388755.381814         42.8718 
  388756.783976         42.8542 
  388766.397460         42.7447 
  388776.011420         42.6461 
  388785.625855          42.558 
  388795.240766         42.4736 
  388804.856152         42.3991 
  388812.871977         42.3421 
  388814.472014         42.1742 
  388889.709093          41.726 
  388927.903328         41.5706 
  389158.170345         41.0843 
  389350.743817         40.9042 
  389619.523334           40.75 
  390276.100443         40.4511 
  390545.518759         40.3344 
  392140.072298         39.6346 
  392410.777365         39.3045 
  421093.888204         29.8196 
  421104.300830          30.569 
  421114.713972         30.5544 
  421125.127628         30.5453 
  421135.541800         30.5401 
  421145.956487         30.5393 
  421156.371689         30.5424 
  421166.787405         30.5509 
  421177.203638         29.7965 
  439656.010223         25.1849 
  439666.881846         25.1821 
  439677.754006         25.1783 
  439688.626704         25.1728 
  439699.499940         25.1684 
  439710.373714         25.1679 
  439721.248025         25.1686 
  439732.122874         25.1675 
  439742.998261         25.1654 
  490237.577867         16.4378 
  492545.895313         16.1506 
  493708.224926          16.019 
  494291.449347         15.9763 
  494583.578591         15.9765 
  494729.772739         15.9904 
  494802.902228         16.0038 
  494839.475081         16.0117 
  494857.763534         16.0142 
  494865.079294         16.0143 
  494868.737256         16.0138 
  494872.395271         16.0136 
  494876.053340         16.0137 
  494879.711463         16.0126 
  494883.369641          16.012 
  494887.027872         16.0116 
  494894.344498         16.0094 
  494912.637007         16.0024 
  494949.226084         15.9851 
  495022.420470         15.9532 
  495168.874207         15.9022 
  495462.041806         15.8284 
  496049.419668         15.7242 
  497228.363395         15.5622 
  499603.142875         15.2626 
  511080.088785         13.9623 
  511092.726551         14.2351 
  511105.364942         14.2329 
  511118.003959         14.2322 
  511130.643600         14.2299 
  511143.283867         14.2293 
  511155.924758         14.2273 
  511168.566275         14.2266 
  511181.208418         13.9515 
  520423.953511         13.0048 
  522874.405588         12.7991 
  524108.305639         12.7003 
  524727.442100         12.7103 
  525037.559201         12.8053 
  525192.755252         12.9317 
  525270.387689         13.0437 
  525309.212515         13.1155 
  525328.627080         13.1469 
  525336.393308         13.1553 
  525340.276508         13.1578 
  525344.159765         13.1593 
  525348.043080         13.1611 
  525351.926452         13.1586 
  525355.809882         13.1562 
  525359.693369          13.153 
  525367.460516         13.1431 
  525386.879386         13.1078 
  525425.721435         13.0283 
  525503.422765         12.9012 
  525658.894389         12.7453 
  525970.113782         12.5921 
  526593.659432          12.466 
  527845.196612          12.332 
  530366.203123         12.0746 
  609873.695238         6.97885 
  609888.775930         7.08416 
  609903.857367         7.08289 
  609918.939551         7.08243 
  609934.022480          7.0821 
  609949.106155         7.08104 
  609964.190577          7.0801 
  609979.275744         7.07997 
  609994.361658         6.97343 
  613299.808203         6.82698 
  616187.572647         6.70633 
  617641.676863         6.64996 
  618371.305601         6.62716 
  618736.766793         6.61975 
  618919.659429          6.6182 
  619011.146299          6.6183 
  619056.899878         6.61844 
  619079.779203         6.61829 
  619088.931407          6.6181 
  619093.507610         6.61798 
  619098.083881         6.61782 
  619102.660220         6.61769 
  619107.236626         6.61742 
  619111.813100         6.61722 
  619116.389642         6.61722 
  619125.542928         6.61637 
  619148.427328         6.61459 
  619194.201203         6.61059 
  619285.769261         6.60278 
  619468.986649         6.58898 
  619835.746849         6.56574 
  620570.571650         6.52738 
  622045.460550         6.46151 
  625016.370707          6.3379 
  684246.186192         4.44014 
  687468.006550         4.36531 
  689090.321201         4.33293 
  689904.353221         4.33229 
  690312.090877         4.34983 
  690516.140491         4.37111 
  690618.210540         4.38842 
  690669.256882         4.39905 
  690694.782883         4.40359 
  690704.993811         4.40487 
  690710.099389         4.40522 
  690715.205042         4.40543 
  690720.310770          4.4056 
  690725.416574         4.40517 
  690730.522453         4.40471 
  690735.628408         4.40409 
  690745.840545         4.40231 
  690771.372206         4.39645 
  690822.441193         4.38323 
  690924.601822         4.36083 
  691129.013754         4.32944 
  691538.200689         4.29192 
  692358.029850         4.25281 
  694003.533552         4.20565 
  697318.117900         4.12168 
  720635.381968         3.62141 
  720653.201527         3.66263 
  720671.021966         3.66251 
  720688.843288         3.66216 
  720706.665490         3.66207 
  720724.488574         3.66144 
  720742.312539         3.66106 
  720760.137387         3.66047 
  720777.963115         3.61859 
  844049.038706         1.94303 
  844069.909983         1.95926 
  844090.782293         1.95916 
  844111.655635         1.95901 
  844132.530010         1.95907 
  844153.405417         1.95862 
  844174.281856         1.95838 
  844195.159329         1.95811 
  844216.037833         1.94151 
  858743.016603          1.8152 
  858764.251227         1.81502 
  858785.486901         1.81484 
  858806.723625         1.81464 
  858827.961400         1.81446 
  858849.200225         1.81429 
  858870.440101         1.81413 
  858891.681027         1.81396 
  858912.923004         1.81378 
  879225.595639         1.65405 
  883365.489993         1.62538 
  885450.091404         1.61297 
  886496.085963          1.6104 
  887020.010526         1.61231 
  887282.205108         1.61501 
  887413.360534          1.6172 
  887478.952788         1.61866 
  887511.752552         1.61923 
  887524.873136         1.61932 
  887531.433574         1.61932 
  887537.994108          1.6193 
  887544.554740         1.61933 
  887551.115469         1.61921 
  887557.676294         1.61913 
  887564.237217         1.61904 
  887577.359353         1.61876 
  887610.166391         1.61771 
  887675.787743         1.61529 
  887807.059560         1.61122 
  888069.719706         1.60476 
  888595.506525         1.59538 
  889648.950150         1.58307 
  891763.348449         1.56577 
  896022.440361         1.53506 
  957775.715096         1.17999 
  957799.398558         1.17987 
  957823.083190         1.17974 
  957846.768994         1.17961 
  957870.455970         1.17948 
  957894.144117         1.17938 
  957917.833436         1.17928 
  957941.523927         1.17918 
  957965.215589         1.17906 
 1108078.929737        0.663241 
 1113296.395798        0.651567 
 1115923.597408        0.646325 
 1117241.853538        0.644485 
 1117902.150249        0.644038 
 1118232.591370        0.643999 
 1118397.885198        0.644086 
 1118480.550439        0.644193 
 1118521.887641        0.644234 
 1118538.423378        0.644231 
 1118546.691430        0.644222 
 1118554.959604         0.64421 
 1118563.227900          0.6442 
 1118571.496318        0.644172 
 1118579.764859        0.644146 
 1118588.033522        0.644117 
 1118604.571214        0.644044 
 1118645.917585        0.643814 
 1118728.619497        0.643328 
 1118894.060011        0.642488 
 1119225.087878        0.641019 
 1119887.731572        0.638463 
 1121215.375682        0.634318 
 1123880.130003        0.627609 
 1129247.819514          0.6154 
 1373511.058785        0.283343 
 1379978.330331        0.278303 
 1383234.858696         0.27595 
 1384868.893352        0.274919 
 1385687.359267        0.274448 
 1386096.955120        0.274221 
 1386301.843864        0.274122 
 1386404.310953        0.274091 
 1386455.550178        0.274077 
 1386476.046928        0.274068 
 1386486.295531        0.274059 
 1386496.544285        0.274053 
 1386506.793190        0.274047 
 1386517.042247        0.274037 
 1386527.291456        0.274026 
 1386537.540816        0.274019 
 1386558.039990        0.273996 
 1386609.290579         0.27393 
 1386711.803123          0.2738 
 1386916.873692        0.273577 
 1387327.196840        0.273161 
 1388148.571940        0.272347 
 1389794.243398        0.270814 
 1393097.319948        0.268048 
 1399750.799863        0.262859 
 1535010.080074        0.182295 
 1699206.008098        0.121758 
 1902736.666857       0.0776559 
 2161660.000333       0.0467384 
 2161713.452922       0.0467336 
 2161766.908154       0.0467286 
 2161820.366030        0.046723 
 2161873.826550       0.0467178 
 2161927.289714       0.0467138 
 2161980.755522       0.0467102 
 2162034.223975        0.046706 
 2162087.695073       0.0467015 
 2897125.168691       0.0145463 
 2907989.113728       0.0143307 
 2918934.842978       0.0141175 
 2929963.283443       0.0139066 
 2941075.376187       0.0136982 
 2952272.076605       0.0134921 
 2963554.354697       0.0132883 
 2974923.195346       0.0130868 
 2986379.598607       0.0128876 
 2997924.580000       0.0126907 
