,2MASS/2MASS.H,2MASS/2MASS.J,2MASS/2MASS.Ks,AKARI/FIS.N160,AKARI/FIS.N60,AKARI/FIS.WIDE-L,AKARI/FIS.WIDE-S,AKARI/IRC.L18W,AKARI/IRC.S9W,COBE/DIRBE.100m,COBE/DIRBE.12m,COBE/DIRBE.140m,COBE/DIRBE.1p25m,COBE/DIRBE.240m,COBE/DIRBE.25m,COBE/DIRBE.2p2m,COBE/DIRBE.3p5m,COBE/DIRBE.4p9m,COBE/DIRBE.60m,DENIS/DENIS.I,DENIS/DENIS.J,DENIS/DENIS.Ks,GAIA/GAIA3.G,GAIA/GAIA3.Gbp,GAIA/GAIA3.Grp,GALEX/GALEX.FUV,GALEX/GALEX.NUV,Generic/Cousins.I,Generic/Cousins.R,Generic/Johnson_UBVRIJHKL.B,Generic/Johnson_UBVRIJHKL.H,Generic/Johnson_UBVRIJHKL.I,Generic/Johnson_UBVRIJHKL.J,Generic/Johnson_UBVRIJHKL.K,Generic/Johnson_UBVRIJHKL.LI,Generic/Johnson_UBVRIJHKL.M,Generic/Johnson_UBVRIJHKL.N,Generic/Johnson_UBVRIJHKL.R,Generic/Johnson_UBVRIJHKL.U,Generic/Johnson_UBVRIJHKL.V,HST/WFPC2-WF.F170W,HST/WFPC2-WF.F255W,HST/WFPC2-WF.F336W,HST/WFPC2-WF.F439W,HST/WFPC2-WF.F502N,HST/WFPC2-WF.F555W,HST/WFPC2-WF.F814W,Herschel/PACS.blue,Herschel/PACS.green,Herschel/PACS.red,Hipparcos/Hipparcos.Hp_MvB,IRAS/IRAS.100mu,IRAS/IRAS.12mu,IRAS/IRAS.25mu,IRAS/IRAS.60mu,JCMT/SCUBA2.450GHz,JCMT/SCUBA2.850GHz,MSX/MSX.A,MSX/MSX.B1,MSX/MSX.B2,PAN-STARRS/PS1.g,PAN-STARRS/PS1.i,PAN-STARRS/PS1.r,PAN-STARRS/PS1.y,PAN-STARRS/PS1.z,Paranal/VISTA.H,Paranal/VISTA.J,Paranal/VISTA.Ks,Paranal/VISTA.Y,Paranal/VISTA.Z,SLOAN/SDSS.g,SLOAN/SDSS.i,SLOAN/SDSS.r,SLOAN/SDSS.u,SLOAN/SDSS.z,Skymapper/Skymapper.g,Skymapper/Skymapper.i,Skymapper/Skymapper.r,Skymapper/Skymapper.u,Skymapper/Skymapper.v,Skymapper/Skymapper.z,TYCHO/TYCHO.B_MvB,TYCHO/TYCHO.V_MvB,WISE/WISE.W1,WISE/WISE.W2,WISE/WISE.W3,WISE/WISE.W4
-0.5,1.154668617777745e-06,2.2436912994421005e-06,6.350077187029352e-07,-1.0,-1.0,-1.0,-1.0,-1.0,-1.0,-1.0,-1.0,-1.0,2.1576902195505717e-06,-1.0,-1.0,6.016675228938268e-07,-1.0,-1.0,-1.0,8.07082604605206e-06,2.281084205141023e-06,6.377442753468571e-07,2.7262412819480773e-05,4.531264719419438e-05,9.197923556774169e-06,0.0017943622576885978,0.0013635833788644288,8.198862648412237e-06,1.6197526302357213e-05,6.594843625955309e-05,1.164799299104775e-06,6.337877509839729e-06,2.3360948256063635e-06,6.334010517344369e-07,-1.0,-1.0,-1.0,1.3478168793128963e-05,0.00012543358979408325,2.850024470824671e-05,0.00156533437815407,0.0005456746955288666,0.00015304022616488043,6.910150020101165e-05,3.9015600761596765e-05,3.13007034142873e-05,7.972052662451066e-06,-1.0,-1.0,-1.0,3.5434344800147886e-05,-1.0,-1.0,-1.0,-1.0,-1.0,-1.0,-1.0,-1.0,-1.0,4.7484507856071455e-05,9.505724127394304e-06,1.8364715109556893e-05,4.531181143443151e-06,6.01958332442579e-06,1.1648912383057349e-06,2.1797140234260616e-06,6.423078446779265e-07,3.959956425032976e-06,5.772755833496116e-06,5.292856299762602e-05,9.690819472192393e-06,1.8449054824982593e-05,0.00012081647369080024,5.613746302579125e-06,4.084608109134443e-05,8.614169099932019e-06,1.9307445040393887e-05,0.00013014205547350264,9.531285258293333e-05,5.3367026089974315e-06,7.532364133618882e-05,3.2908512596649606e-05,-1.0,-1.0,-1.0,-1.0
-0.49,1.1491626988267242e-06,2.2269421873346395e-06,6.329625611091948e-07,-1.0,-1.0,-1.0,-1.0,-1.0,-1.0,-1.0,-1.0,-1.0,2.1418709480096073e-06,-1.0,-1.0,5.997913862708009e-07,-1.0,-1.0,-1.0,7.940086582100402e-06,2.2638001472802777e-06,6.356829493774622e-07,2.6404874622070508e-05,4.3727606262382104e-05,9.032956191007254e-06,0.001665080677814791,0.0012574136448006618,8.065204942628347e-06,1.5829799004872783e-05,6.347568220389622e-05,1.1592048499497717e-06,6.2463742594402275e-06,2.3177856899016697e-06,6.313373545761267e-07,-1.0,-1.0,-1.0,1.319068822968115e-05,0.00011989962966103018,2.7696005517912072e-05,0.0014502535390069887,0.0005106254234942232,0.00014598857532569987,6.649736973418619e-05,3.779046491458392e-05,3.0371216092932642e-05,7.842193593791912e-06,-1.0,-1.0,-1.0,3.428559404094263e-05,-1.0,-1.0,-1.0,-1.0,-1.0,-1.0,-1.0,-1.0,-1.0,4.5869702343638506e-05,9.338434769400072e-06,1.792687738544047e-05,4.478488176499119e-06,5.9368310812476225e-06,1.1592975639499943e-06,2.1638054110588614e-06,6.402234158619017e-07,3.917621890064534e-06,5.695272610690055e-06,5.106690860893953e-05,9.518615796413831e-06,1.8009515009096014e-05,0.00011553963463606217,5.539267766745494e-06,3.9517295150408374e-05,8.469870209688979e-06,1.8835403641141397e-05,0.00012437464486615314,9.138290005569283e-05,5.267967859964217e-06,7.240433659271984e-05,3.192227674769695e-05,-1.0,-1.0,-1.0,-1.0
-0.48,1.1436831640250227e-06,2.2103191284742607e-06,6.30924010693785e-07,-1.0,-1.0,-1.0,-1.0,-1.0,-1.0,-1.0,-1.0,-1.0,2.126169367275594e-06,-1.0,-1.0,5.979211282949966e-07,-1.0,-1.0,-1.0,7.811481034254594e-06,2.24664845234387e-06,6.336283109465726e-07,2.5576107184554354e-05,4.219978138497988e-05,8.871039763652173e-06,0.0015451303198191243,0.0011595883424333816,7.933739227167277e-06,1.547050855862261e-05,6.109617802844755e-05,1.1536374338950752e-06,6.156218849703311e-06,2.2996237104697046e-06,6.29280467711515e-07,-1.0,-1.0,-1.0,1.2909489234475925e-05,0.00011461045866775855,2.6914644419301765e-05,0.001343690186105691,0.0004778627065606376,0.0001392623170268931,6.399155440789324e-05,3.660380009033553e-05,2.9469788060691866e-05,7.714483249299342e-06,-1.0,-1.0,-1.0,3.3175408132510806e-05,-1.0,-1.0,-1.0,-1.0,-1.0,-1.0,-1.0,-1.0,-1.0,4.431037167235258e-05,9.174108683017115e-06,1.7499567461685344e-05,4.426409227649236e-06,5.855220384566176e-06,1.153730908051517e-06,2.1480134214056363e-06,6.381457735865627e-07,3.875740882458837e-06,5.6188326157389496e-06,4.9271305100443204e-05,9.349491687542997e-06,1.7580512164901775e-05,0.00011049373431306517,5.465784124424312e-06,3.823232673377132e-05,8.328005872321635e-06,1.8375044801763878e-05,0.00011886316455019123,8.76150672851579e-05,5.200124141439938e-06,6.959851388834352e-05,3.096589957136564e-05,-1.0,-1.0,-1.0,-1.0
-0.47,1.1382298863198457e-06,2.193821166250293e-06,6.288920460451413e-07,-1.0,-1.0,-1.0,-1.0,-1.0,-1.0,-1.0,-1.0,-1.0,2.1105845891593566e-06,-1.0,-1.0,5.960567304576686e-07,-1.0,-1.0,-1.0,7.684974317585841e-06,2.2296280954793454e-06,6.31580338277082e-07,2.4775098901233332e-05,4.072705192506727e-05,8.712116330697032e-06,0.0014338364550330756,0.0010694464422451545,7.804429346408807e-06,1.5119459487069657e-05,5.880638842963713e-05,1.1480969195280365e-06,6.067391043361938e-06,2.28160767575881e-06,6.27230368385813e-07,-1.0,-1.0,-1.0,1.2634431467064291e-05,0.00010955522041837695,2.615550560437013e-05,0.0012450094546474165,0.00044723496714808695,0.0001328464145756006,6.158033590475927e-05,3.545439823371594e-05,2.8595559144693867e-05,7.588885574642709e-06,-1.0,-1.0,-1.0,3.210245478165909e-05,-1.0,-1.0,-1.0,-1.0,-1.0,-1.0,-1.0,-1.0,-1.0,4.280459154118477e-05,9.012693046444929e-06,1.7082530094260347e-05,4.374937127740284e-06,5.774735433264918e-06,1.1481911393452735e-06,2.1323371957130034e-06,6.360748956840463e-07,3.834308533898323e-06,5.543421759254692e-06,4.753938951417637e-05,9.183391734180958e-06,1.71617921466828e-05,0.00010566864512851345,5.39328199987001e-06,3.698971286817701e-05,8.188534726514434e-06,1.7926075945458243e-05,0.00011359624232796793,8.400266319507052e-05,5.13315983222505e-06,6.690174893342766e-05,3.003846859069047e-05,-1.0,-1.0,-1.0,-1.0
-0.46,1.1328027392731915e-06,2.1774473513734717e-06,6.268666458213015e-07,-1.0,-1.0,-1.0,-1.0,-1.0,-1.0,-1.0,-1.0,-1.0,2.095115732267612e-06,-1.0,-1.0,5.941981743086218e-07,-1.0,-1.0,-1.0,7.5605319280810565e-06,2.2127380598591532e-06,6.295390096630614e-07,2.4000874975171266e-05,3.930737759027371e-05,8.55612907375305e-06,0.0013305732336182264,0.0009863796282667322,7.677239744371136e-06,1.4776460884007467e-05,5.660291279786634e-05,1.1425831760786038e-06,5.979870912545437e-06,2.263736384420694e-06,6.251870339211703e-07,-1.0,-1.0,-1.0,1.2365377786766242e-05,0.0001047235412612802,2.5417952201060575e-05,0.0011536241526147449,0.0004186008405756642,0.0001267265271371235,5.9260136779800754e-05,3.434108922487178e-05,2.7747695918247085e-05,7.465365127972601e-06,-1.0,-1.0,-1.0,3.106544882171805e-05,-1.0,-1.0,-1.0,-1.0,-1.0,-1.0,-1.0,-1.0,-1.0,4.135050501124521e-05,8.8541359852009e-06,1.667551627701794e-05,4.324064791484724e-06,5.695360645678186e-06,1.142678127207624e-06,2.1167758815793556e-06,6.340107600591338e-07,3.7933200284235986e-06,5.469026142718688e-06,4.586888409229301e-05,9.02026152782768e-06,1.675310697524457e-05,0.0001010546845423984,5.321748198258073e-06,3.57880399802427e-05,8.05141611838101e-06,1.7488211906587054e-05,0.00010856301200441742,8.053927299970482e-05,5.067063463554802e-06,6.430979041876143e-05,2.913909945385026e-05,-1.0,-1.0,-1.0,-1.0
-0.45,1.1274015970588639e-06,2.1611967418194198e-06,6.248477887496777e-07,-1.0,-1.0,-1.0,-1.0,-1.0,-1.0,-1.0,-1.0,-1.0,2.0797619219502768e-06,-1.0,-1.0,5.92345441456027e-07,-1.0,-1.0,-1.0,7.4381199329595866e-06,2.1959773366170912e-06,6.27504303469525e-07,2.325249604404089e-05,3.793879533262707e-05,8.403022277769077e-06,0.0012347601370507229,0.0009098280709980654,7.552135454714072e-06,1.444132630580848e-05,5.448248006217374e-05,1.1370960734161584e-06,5.893638833968624e-06,2.2460086452226626e-06,6.231504417164127e-07,-1.0,-1.0,-1.0,1.210219417835769e-05,0.00010010550876707234,2.4701365722760388e-05,0.0010689911530201292,0.0003918284756396656,0.00012088897748654437,5.702751511425364e-05,3.32627396879806e-05,2.6925390858323897e-05,7.343887069402932e-06,-1.0,-1.0,-1.0,3.006315051249617e-05,-1.0,-1.0,-1.0,-1.0,-1.0,-1.0,-1.0,-1.0,-1.0,3.9946320127458755e-05,8.69838655503162e-06,1.6278283088080317e-05,4.2737852164778056e-06,5.617080656533352e-06,1.1371917416531635e-06,2.1013286329076693e-06,6.319533446890132e-07,3.7527706018692962e-06,5.395632055888273e-06,4.425759318228961e-05,8.860047644628655e-06,1.6354214687421997e-05,9.664259546953046e-05,5.251169703223924e-06,3.462594221131961e-05,7.916610089286467e-06,1.7061174740898642e-05,0.00010375309084207557,7.721874678968981e-05,5.001823717089069e-06,6.181855323360081e-05,2.8266935060454674e-05,-1.0,-1.0,-1.0,-1.0
-0.44,1.1220263344594972e-06,2.1450684027725728e-06,6.228354536268317e-07,-1.0,-1.0,-1.0,-1.0,-1.0,-1.0,-1.0,-1.0,-1.0,2.064522290248208e-06,-1.0,-1.0,5.90498513566234e-07,-1.0,-1.0,-1.0,7.317704961152431e-06,2.1793449247852575e-06,6.254761981321974e-07,2.2529056858300044e-05,3.661941636986905e-05,8.252741309194424e-06,0.0011458586885638204,0.0008392765408893456,7.429082090909724e-06,1.4113873666232343e-05,5.244194373305818e-05,1.1316354820463726e-06,5.808675484196922e-06,2.2284232769606356e-06,6.21120569246778e-07,-1.0,-1.0,-1.0,1.1844749679512344e-05,9.569165116850501e-05,2.4005145533867372e-05,0.0009906080614028603,0.0003667948838683246,0.0001153207212569581,5.487915937262984e-05,3.221825183740773e-05,2.6127861529899313e-05,7.224417150675377e-06,-1.0,-1.0,-1.0,2.9094363902582367e-05,-1.0,-1.0,-1.0,-1.0,-1.0,-1.0,-1.0,-1.0,-1.0,3.8590307624881096e-05,8.545394725134223e-06,1.589059354003596e-05,4.2240914822262325e-06,5.539880313935755e-06,1.1317318533315905e-06,2.0859946098586647e-06,6.299026276230402e-07,3.7126555413060275e-06,5.3232259742385005e-06,4.270340025542491e-05,8.702697627455545e-06,1.5964879189279805e-05,9.242352754592553e-05,5.181533674435481e-06,3.35020997903649e-05,7.784077363880605e-06,1.6644693540657292e-05,9.91565580219614e-05,7.403518858960299e-05,4.93742942292884e-06,5.9424111950329675e-05,2.7421144715167882e-05,-1.0,-1.0,-1.0,-1.0
-0.43,1.1166768268635952e-06,2.129061406570546e-06,6.208296193182478e-07,-1.0,-1.0,-1.0,-1.0,-1.0,-1.0,-1.0,-1.0,-1.0,2.049395975841333e-06,-1.0,-1.0,5.886573723635872e-07,-1.0,-1.0,-1.0,7.1992541939411315e-06,2.1628398312315094e-06,6.23454672157281e-07,2.1829685009672812e-05,3.5347423323415864e-05,8.105232594580795e-06,0.0010633694027551595,0.0007742508348354527,7.308045836577829e-06,1.379392513373276e-05,5.047827713581185e-05,1.1262012731080786e-06,5.724961834986258e-06,2.2109791083729127e-06,6.19097394063657e-07,-1.0,-1.0,-1.0,1.159291630995639e-05,9.147291771931678e-05,2.3328708330993375e-05,0.000918010137400207,0.00034338533401198103,0.00011000931761475768,5.281188345526183e-05,3.1206562360096504e-05,2.535434979627843e-05,7.1069217050029425e-06,-1.0,-1.0,-1.0,2.8157935251677703e-05,-1.0,-1.0,-1.0,-1.0,-1.0,-1.0,-1.0,-1.0,-1.0,3.7280798716620324e-05,8.395111361682007e-06,1.5512216433851306e-05,4.174976749188212e-06,5.463744676395747e-06,1.126298333524581e-06,2.0707729788043185e-06,6.278585869825013e-07,3.67297018448836e-06,5.251794556438778e-06,4.120426503416409e-05,8.548159968314655e-06,1.558487011291509e-05,8.838901922179993e-05,5.112827445198903e-06,3.241523746281136e-05,7.653779338338361e-06,1.6238504254555225e-05,9.476393406538115e-05,7.098294586782472e-05,4.873869557658975e-06,5.712269456522605e-05,2.6600923307808057e-05,-1.0,-1.0,-1.0,-1.0
-0.42,1.1113529502625885e-06,2.113174832648923e-06,6.188302647581093e-07,-1.0,-1.0,-1.0,-1.0,-1.0,-1.0,-1.0,-1.0,-1.0,2.0343821239972085e-06,-1.0,-1.0,5.868219996302413e-07,-1.0,-1.0,-1.0,7.082735355753683e-06,2.146461070597426e-06,6.214397041212266e-07,2.1153539707990568e-05,3.4121067468336345e-05,7.960443599614434e-06,0.0009868289569373234,0.0007143144903729083,7.188993435982989e-06,1.3481307031203316e-05,4.858856882701308e-05,1.1207933183701558e-06,5.642479148696506e-06,2.193674978054706e-06,6.170808937943317e-07,-1.0,-1.0,-1.0,1.1346569002295038e-05,8.744065993079963e-05,2.2671487639344805e-05,0.0008507674508582789,0.00032149278857446196,0.00010494290129566049,5.082262193889376e-05,3.0226641333054353e-05,2.4604121054576076e-05,6.991367637089576e-06,-1.0,-1.0,-1.0,2.725275151072495e-05,-1.0,-1.0,-1.0,-1.0,-1.0,-1.0,-1.0,-1.0,-1.0,3.601618296043956e-05,8.247488211648853e-06,1.5142926216404925e-05,4.126434257824787e-06,5.388659009897327e-06,1.120891054142688e-06,2.0556629122817204e-06,6.258212009603779e-07,3.633709919308746e-06,5.181324641863895e-06,3.9758220724635734e-05,8.396384091077237e-06,1.5213962676773377e-05,8.453098064462385e-05,5.0450385200970665e-06,3.13641229734921e-05,7.525678068803913e-06,1.584234951228144e-05,9.056616117372806e-05,6.805659947995357e-05,4.8111332424169194e-06,5.491067648524136e-05,2.5805490519089063e-05,-1.0,-1.0,-1.0,-1.0
-0.41000000000000003,1.1060545812479e-06,2.0974077674864827e-06,6.168373689490746e-07,-1.0,-1.0,-1.0,-1.0,-1.0,-1.0,-1.0,-1.0,-1.0,2.0194798865199613e-06,-1.0,-1.0,5.849923772059781e-07,-1.0,-1.0,-1.0,6.968116705114795e-06,2.1302076652367577e-06,6.194312726705007e-07,2.049981060452332e-05,3.2938666090905714e-05,7.818322808569675e-06,0.000915807568081624,0.0006590657643220632,7.071892184691083e-06,1.317584973810374e-05,4.677001818711271e-05,1.1154114902284328e-06,5.561208973777361e-06,2.176509734373416e-06,6.150710461417163e-07,-1.0,-1.0,-1.0,1.1105585534470764e-05,8.358661364676641e-05,2.2032933323832985e-05,0.0007884822544631059,0.00030101737942041804,0.00010011015593824347,4.8908425498159113e-05,2.9277491174832246e-05,2.3876463495538675e-05,6.877722413322699e-06,-1.0,-1.0,-1.0,2.6377738857688273e-05,-1.0,-1.0,-1.0,-1.0,-1.0,-1.0,-1.0,-1.0,-1.0,3.479490620122103e-05,8.102477886926969e-06,1.4782502841553576e-05,4.078457327662309e-06,5.314608785007721e-06,1.1155098877222503e-06,2.040663588947273e-06,6.237904478211091e-07,3.594870183257355e-06,5.111803248138968e-06,3.8363371350237065e-05,8.247320334525679e-06,1.485193754939136e-05,8.084167729730184e-05,4.978154572660356e-06,3.0347565601744706e-05,7.399736260034832e-06,1.5455978453625858e-05,8.655458444526901e-05,6.525095402785391e-05,4.7492097409869835e-06,5.2784574751097296e-05,2.503409005119718e-05,-1.0,-1.0,-1.0,-1.0
-0.4,1.1007815970080286e-06,2.081759304550853e-06,6.148509109620527e-07,-1.0,-1.0,-1.0,-1.0,-1.0,-1.0,-1.0,-1.0,-1.0,2.0046884216996436e-06,-1.0,-1.0,5.831684869880217e-07,-1.0,-1.0,-1.0,6.855367025747918e-06,2.11407864515438e-06,6.174293565213572e-07,1.9867716660005718e-05,3.179859994947069e-05,7.678819704175337e-06,0.0008499065603836211,0.0006081348545038578,6.956709920382148e-06,1.287738759490988e-05,4.501993118232207e-05,1.1100556617026036e-06,5.4811331403254125e-06,2.159482235384648e-06,6.130678288840988e-07,-1.0,-1.0,-1.0,1.0869846463814252e-05,7.99028819193603e-05,2.1412511114481093e-05,0.0007307865562689382,0.0002818659197057063,9.550028865470061e-05,4.7066456501059515e-05,2.8358145629930402e-05,2.3170687386925087e-05,6.765954052135675e-06,-1.0,-1.0,-1.0,2.553186128691626e-05,-1.0,-1.0,-1.0,-1.0,-1.0,-1.0,-1.0,-1.0,-1.0,3.36154685865742e-05,7.960033848732606e-06,1.4430731634642203e-05,4.031039356365898e-06,5.241579674027372e-06,1.1101547074223163e-06,2.0257741935312405e-06,6.217663059003586e-07,3.556446462887725e-06,5.043217568717844e-06,3.701788918266742e-05,8.100919935709791e-06,1.4498580716481908e-05,7.731371435809817e-05,4.912163443069269e-06,2.9364414746885875e-05,7.2759172542428784e-06,1.5079146562000343e-05,8.272093392974548e-05,6.256102861715026e-05,4.688088457919895e-06,5.0741042487388886e-05,2.4285988882421128e-05,-1.0,-1.0,-1.0,-1.0
-0.39,1.0955338753256495e-06,2.066228544244579e-06,6.128708699359818e-07,-1.0,-1.0,-1.0,-1.0,-1.0,-1.0,-1.0,-1.0,-1.0,1.9900068942619837e-06,-1.0,-1.0,5.813503109308581e-07,-1.0,-1.0,-1.0,6.744455617826436e-06,2.0980730479457267e-06,6.154339344596091e-07,1.92565050556318e-05,3.0699310834533126e-05,7.54188474788555e-06,0.0007887561095711818,0.0005611813448935486,6.843415013817143e-06,1.2585758809831685e-05,4.333571628927306e-05,1.1047257064331598e-06,5.402233755711346e-06,2.142591348748972e-06,6.110712198748821e-07,-1.0,-1.0,-1.0,1.0639235062649893e-05,7.638191864983442e-05,2.0809702145706903e-05,0.0006773398767880072,0.000263951449574811,9.110300578133877e-05,4.5293984771821e-05,2.7467668785096086e-05,2.2486124379688343e-05,6.656031114537225e-06,-1.0,-1.0,-1.0,2.471411925009899e-05,-1.0,-1.0,-1.0,-1.0,-1.0,-1.0,-1.0,-1.0,-1.0,3.247642265296829e-05,7.820110392294525e-06,1.4087403160371704e-05,3.9841738188238035e-06,5.169557548179755e-06,1.1048253870215876e-06,2.0109939167926236e-06,6.197487536047793e-07,3.518434293288191e-06,4.975554970494495e-06,3.5720012266806044e-05,7.957135013607514e-06,1.415368335127883e-05,7.394002175040131e-05,4.8470531358884584e-06,2.841355856230949e-05,7.154185020127939e-06,1.4711615502261316e-05,7.905730748336666e-05,5.9982047996693353e-05,4.627758936677248e-06,4.877686357074982e-05,2.356047654507849e-05,-1.0,-1.0,-1.0,-1.0
-0.38,1.090311294574722e-06,2.0508145938516207e-06,6.108972250776071e-07,-1.0,-1.0,-1.0,-1.0,-1.0,-1.0,-1.0,-1.0,-1.0,1.975434475318528e-06,-1.0,-1.0,5.79537831046052e-07,-1.0,-1.0,-1.0,6.635352289371578e-06,2.08218991873672e-06,6.134449853403987e-07,1.866545014536054e-05,2.963929922412312e-05,7.407469360546783e-06,0.0007320131510883954,0.0005178918561659248,6.731976359955963e-06,1.2300805367745068e-05,4.171488057617383e-05,1.099421498678339e-06,5.324493200276088e-06,2.1258359516494067e-06,6.090811970423294e-07,-1.0,-1.0,-1.0,1.041363725541858e-05,7.301651296004004e-05,2.022400250907311e-05,0.0006278271764927083,0.0002471928132519206,8.690848975400455e-05,4.3588383514756916e-05,2.660515411651192e-05,2.182212683622509e-05,6.547922694804878e-06,-1.0,-1.0,-1.0,2.392354834690496e-05,-1.0,-1.0,-1.0,-1.0,-1.0,-1.0,-1.0,-1.0,-1.0,3.137637147986405e-05,7.682662631820025e-06,1.375231309394086e-05,3.9378542662424995e-06,5.098528474840472e-06,1.0995218009153727e-06,1.996321955474388e-06,6.177377694117808e-07,3.4808292575590095e-06,4.908802991446966e-06,3.4468042035984464e-05,7.815918553084363e-06,1.3817041688061066e-05,7.071383985183765e-05,4.782811817831725e-06,2.7493922636523235e-05,7.034504142101801e-06,1.435315296272178e-05,7.55561543884482e-05,5.7509434064204225e-05,4.5682108578005415e-06,4.688894750748974e-05,2.285686442600568e-05,-1.0,-1.0,-1.0,-1.0
-0.37,1.0851137337176183e-06,2.0355165674842643e-06,6.089299556612597e-07,-1.0,-1.0,-1.0,-1.0,-1.0,-1.0,-1.0,-1.0,-1.0,1.960970342317173e-06,-1.0,-1.0,5.777310294020652e-07,-1.0,-1.0,-1.0,6.528027347794482e-06,2.0664283101241647e-06,6.11462488087971e-07,1.8093852447938756e-05,2.861712203068984e-05,7.275525903452992e-06,0.0006793594402271176,0.00047797788504917575,6.622363369224177e-06,1.2022372941284665e-05,4.015502593442632e-05,1.094142913311086e-06,5.2478941230948365e-06,2.109214930709623e-06,6.070977383893064e-07,-1.0,-1.0,-1.0,1.0192941557281569e-05,6.979977426190051e-05,1.965492281910898e-05,0.0005819569406752022,0.00023151426532165505,8.29073770561823e-05,4.1947125393009205e-05,2.57697235669049e-05,2.1178067179983062e-05,6.4415984113395905e-06,-1.0,-1.0,-1.0,2.3159218063455225e-05,-1.0,-1.0,-1.0,-1.0,-1.0,-1.0,-1.0,-1.0,-1.0,3.0313966909410634e-05,7.547646485733496e-06,1.3425262095380566e-05,3.8920743252524034e-06,5.028478714805055e-06,1.0942438241125594e-06,1.9817575122590094e-06,6.157333318692955e-07,3.443626986295128e-06,4.842949338313411e-06,3.326034101432983e-05,7.677224389146242e-06,1.3488456898777876e-05,6.76287058335934e-05,4.719427815557584e-06,2.6604468719496926e-05,6.916839809698421e-06,1.4003532501243363e-05,7.221025970354694e-05,5.513879772295617e-05,4.509434037104472e-06,4.5074324512451805e-05,2.2174485088901513e-05,-1.0,-1.0,-1.0,-1.0
-0.36,1.0799410723022609e-06,2.020333586030439e-06,6.069690410286364e-07,-1.0,-1.0,-1.0,-1.0,-1.0,-1.0,-1.0,-1.0,-1.0,1.9466136789930885e-06,-1.0,-1.0,5.759298881240767e-07,-1.0,-1.0,-1.0,6.422451591580079e-06,2.0507872821166336e-06,6.094864216954475e-07,1.7541037677110604e-05,2.7631390435889633e-05,7.146007659781007e-06,0.000630499753147845,0.0004411738172483056,6.514545958926001e-06,1.1750310804045941e-05,3.8653845454905606e-05,1.0888898258160304e-06,5.172419437807873e-06,2.0927271819128768e-06,6.05120821993027e-07,-1.0,-1.0,-1.0,9.977039014169936e-06,6.672511799361794e-05,1.9101987791819124e-05,0.000539459409618161,0.00021684510415256343,7.909073718993735e-05,4.0367778756274034e-05,2.4960526651636277e-05,2.0553337265740216e-05,6.337028397678733e-06,-1.0,-1.0,-1.0,2.2420230556861565e-05,-1.0,-1.0,-1.0,-1.0,-1.0,-1.0,-1.0,-1.0,-1.0,2.9287907829361536e-05,7.415018662182532e-06,1.3106055687000907e-05,3.846827697024098e-06,4.959394719594966e-06,1.0889913322325995e-06,1.967299795724364e-06,6.137354195955484e-07,3.406823157074544e-06,4.777981884299814e-06,3.209533060297987e-05,7.54100719148014e-06,1.3167734972698648e-05,6.46784406020952e-05,4.65688961349495e-06,2.5744193492753124e-05,6.801157807167469e-06,1.3662533395302091e-05,6.90127293114705e-05,5.2865931074980884e-05,4.451418423894154e-06,4.33301407811656e-05,2.1512691617837277e-05,-1.0,-1.0,-1.0,-1.0
-0.35,1.0747931904592777e-06,2.005264777101455e-06,6.050144605885798e-07,-1.0,-1.0,-1.0,-1.0,-1.0,-1.0,-1.0,-1.0,-1.0,1.9323636753200276e-06,-1.0,-1.0,5.741343893938021e-07,-1.0,-1.0,-1.0,6.318596302110309e-06,2.035265902075821e-06,6.075167652245996e-07,1.700635580854231e-05,2.6680767809795468e-05,7.018868816398427e-06,0.0005851602185379223,0.0004072350999334937,6.40849454480102e-06,1.148447174584612e-05,3.720911994332537e-05,1.0836621122864819e-06,5.098052318517084e-06,2.0763716105216332e-06,6.031504260047989e-07,-1.0,-1.0,-1.0,9.765823144245083e-06,6.378625199276124e-05,1.8564735835506175e-05,0.000500084942960444,0.00020311933056225536,7.545005262219346e-05,3.884800401184166e-05,2.4176739592862482e-05,1.9947347769891326e-05,6.234183293664653e-06,-1.0,-1.0,-1.0,2.170571948412187e-05,-1.0,-1.0,-1.0,-1.0,-1.0,-1.0,-1.0,-1.0,-1.0,2.829693851694734e-05,7.284736644806715e-06,1.2794504133873264e-05,3.8021081563949273e-06,4.891263128801224e-06,1.08376420150251e-06,1.9529480202999417e-06,6.11744011278825e-07,3.370413493952175e-06,4.7138886668189115e-06,3.0971488947087285e-05,7.4072224492774435e-06,1.2854686599012687e-05,6.185713631643271e-05,4.5951858516985405e-06,2.4912127381684666e-05,6.687424503247926e-06,1.3329940495924218e-05,6.595697563399868e-05,5.068679993688509e-05,4.394154099205962e-06,4.165365394768262e-05,2.0870856981267632e-05,-1.0,-1.0,-1.0,-1.0
-0.33999999999999997,1.0696699688991685e-06,1.9903092749801435e-06,6.030661938168596e-07,-1.0,-1.0,-1.0,-1.0,-1.0,-1.0,-1.0,-1.0,-1.0,1.9182195274620102e-06,-1.0,-1.0,5.723445154493131e-07,-1.0,-1.0,-1.0,6.216433235624395e-06,2.0198632446583636e-06,6.055534978056231e-07,1.6489180182048593e-05,2.576396771119117e-05,6.894064446036414e-06,0.0005430867704025425,0.0003759365609229861,6.304180032722252e-06,1.1224711989994883e-05,3.581871456932918e-05,1.0784596494214328e-06,5.0247761957471465e-06,2.060147130997916e-06,6.011865286497709e-07,-1.0,-1.0,-1.0,9.559189880736559e-06,6.097716347772522e-05,1.8042718653545298e-05,0.00046360250799913914,0.00019027532995825614,7.197719966104496e-05,3.7385550133496966e-05,2.3417564480885313e-05,1.935952760009932e-05,6.133034236766126e-06,-1.0,-1.0,-1.0,2.1014848873730096e-05,-1.0,-1.0,-1.0,-1.0,-1.0,-1.0,-1.0,-1.0,-1.0,2.73398470415252e-05,7.156758678764295e-06,1.2490422327271925e-05,3.757909551005834e-06,4.82407076746516e-06,1.078562308753889e-06,1.938701406223385e-06,6.097590856772412e-07,3.334393766959193e-06,4.650657885259942e-06,2.9887348880645992e-05,7.275826456334707e-06,1.2549127052306313e-05,5.915914445608515e-05,4.534305323733592e-06,2.4107333408637434e-05,6.5756068411186404e-06,1.3005544085391177e-05,6.303670398354775e-05,4.8597536664939575e-05,4.3376312740716636e-06,4.004222872078256e-05,2.0248373415897917e-05,-1.0,-1.0,-1.0,-1.0
-0.32999999999999996,1.064571288909488e-06,1.975466220569396e-06,6.011242202559543e-07,-1.0,-1.0,-1.0,-1.0,-1.0,-1.0,-1.0,-1.0,-1.0,1.9041804377253943e-06,-1.0,-1.0,5.705602485848598e-07,-1.0,-1.0,-1.0,6.115934615313842e-06,2.004578391758132e-06,6.035965986369153e-07,1.5988906637762292e-05,2.4879751965747154e-05,6.771550489820006e-06,0.0005040437131768102,0.00034707086273215383,6.201573810533196e-06,1.097089111252674e-05,3.448057564415548e-05,1.0732823145225841e-06,4.952574752470348e-06,2.0440526669243307e-06,5.992291082266799e-07,-1.0,-1.0,-1.0,9.35703751612433e-06,5.8292106610330004e-05,1.7535500858759415e-05,0.0004297982824602933,0.00017825557631413654,6.866443021891108e-05,3.597825130303519e-05,2.268222846183783e-05,1.8789323323689612e-05,6.03355285355e-06,-1.0,-1.0,-1.0,2.0346812038419723e-05,-1.0,-1.0,-1.0,-1.0,-1.0,-1.0,-1.0,-1.0,-1.0,2.6415463723903383e-05,7.031043757012065e-06,1.2193629671001273e-05,3.7142258004483476e-06,4.75780464349576e-06,1.0733855314199448e-06,1.9245591794973553e-06,6.077806216185138e-07,3.298759791607768e-06,4.58827789878877e-06,2.884149594628132e-05,7.1467762964267575e-06,1.2250876080846426e-05,5.657906441464049e-05,4.474236974589477e-06,2.3328906085347053e-05,6.46567232852273e-06,1.2689139738615602e-05,6.024589952333843e-05,4.6594433276654675e-05,4.2818402878055406e-06,3.849333269152739e-05,1.9644651829783753e-05,-1.0,-1.0,-1.0,-1.0
-0.32,1.059497032352039e-06,1.960734761341109e-06,5.991885195148341e-07,-1.0,-1.0,-1.0,-1.0,-1.0,-1.0,-1.0,-1.0,-1.0,1.8902456145113167e-06,-1.0,-1.0,5.687815711506913e-07,-1.0,-1.0,-1.0,6.017073123549853e-06,1.9894104324489767e-06,6.016460469848499e-07,1.5504952684941622e-05,2.402692881900233e-05,6.651283740148657e-06,0.00046781239098937387,0.00032044708061773955,6.100647740021484e-06,1.0722871963348265e-05,3.319272752192222e-05,1.0681299854913818e-06,4.8814319201940105e-06,2.0280871509258014e-06,5.972781431075999e-07,-1.0,-1.0,-1.0,9.1592666476333e-06,5.5725590613550734e-05,1.704265959905403e-05,0.00039847436300002165,0.00016700635645687875,6.550435442134748e-05,3.4624023679346616e-05,2.196998295087873e-05,1.8236198614185787e-05,5.935711251300435e-06,-1.0,-1.0,-1.0,1.9700830527518765e-05,-1.0,-1.0,-1.0,-1.0,-1.0,-1.0,-1.0,-1.0,-1.0,2.5522659650314326e-05,6.907551606833815e-06,1.1903949970536731e-05,3.671050895421562e-06,4.6924519451231e-06,1.0682337475325427e-06,1.9105205718467195e-06,6.058085979997317e-07,3.26350742840115e-06,4.526737224177967e-06,2.7832566487251446e-05,7.0200298289470895e-06,1.1959757797601259e-05,5.4111732596271784e-05,4.414969898621839e-06,2.257597034336766e-05,6.35758902806281e-06,1.2380528188092561e-05,5.757881480890165e-05,4.467393485658438e-05,4.2267716063142065e-06,3.700453230541684e-05,1.90591212240585e-05,-1.0,-1.0,-1.0,-1.0
-0.31,1.054447081660083e-06,1.946114051285525e-06,5.972590712687433e-07,-1.0,-1.0,-1.0,-1.0,-1.0,-1.0,-1.0,-1.0,-1.0,1.8764142722685112e-06,-1.0,-1.0,5.670084655528782e-07,-1.0,-1.0,-1.0,5.919821894240974e-06,1.9743584629279415e-06,5.997018221835543e-07,1.5036756702160658e-05,2.320435116119995e-05,6.53322182391988e-06,0.00043418995350346507,0.0002958893946259856,6.001374149026879e-06,1.0480520589254432e-05,3.1953269619769745e-05,1.0630025408260652e-06,4.811331875109532e-06,2.0122495245919766e-06,5.953336117376903e-07,-1.0,-1.0,-1.0,8.965780124008832e-06,5.327236841953645e-05,1.656378419398092e-05,0.00036944757137039914,0.0001564775132494768,6.248992402224644e-05,3.332086229021684e-05,2.128010287009434e-05,1.769963371540444e-05,5.839482009783148e-06,-1.0,-1.0,-1.0,1.9076153117451696e-05,-1.0,-1.0,-1.0,-1.0,-1.0,-1.0,-1.0,-1.0,-1.0,2.466034523908355e-05,6.786242676612842e-06,1.1621211324909228e-05,3.628378896899032e-06,4.6280000383873455e-06,1.0631068357192628e-06,1.8965848206760566e-06,6.038429937871283e-07,3.228632582349036e-06,4.46602453366647e-06,2.6859245809009298e-05,6.895545674810736e-06,1.1675600573931025e-05,5.175221199276377e-05,4.356493337522838e-06,2.1847680501178424e-05,6.251325547664107e-06,1.2079515192333043e-05,5.502995788496901e-05,4.283263323460897e-05,4.1724158204287844e-06,3.5573488992666074e-05,1.8491228132703436e-05,-1.0,-1.0,-1.0,-1.0
-0.3,1.0494213198355624e-06,1.931603250860969e-06,5.953358552589848e-07,-1.0,-1.0,-1.0,-1.0,-1.0,-1.0,-1.0,-1.0,-1.0,1.8626856314464933e-06,-1.0,-1.0,5.652409142531351e-07,-1.0,-1.0,-1.0,5.824154505318781e-06,1.9594215864589207e-06,5.977639036346876e-07,1.4583777167677244e-05,2.2410914821142888e-05,6.417323186089042e-06,0.00040298821131304807,0.00027323588646157085,5.903725823681355e-06,1.0243706158769524e-05,3.076037355228419e-05,1.0578998596187373e-06,4.742259034302055e-06,1.996538738400323e-06,5.933954926349478e-07,-1.0,-1.0,-1.0,8.776482993542693e-06,5.092742582419036e-05,1.6098475781909605e-05,0.00034254835080498773,0.0001466222063530251,5.9614416587982835e-05,3.20668380421742e-05,2.061188591033228e-05,1.717912492254603e-05,5.7448381731521296e-06,-1.0,-1.0,-1.0,1.847205483897827e-05,-1.0,-1.0,-1.0,-1.0,-1.0,-1.0,-1.0,-1.0,-1.0,2.382746885811119e-05,6.667078122844075e-06,1.1345246021264915e-05,3.5862039353054295e-06,4.5644364646628406e-06,1.0580046752004753e-06,1.8827511690274807e-06,6.01883788015853e-07,3.1941312024881734e-06,4.406128652848377e-06,2.5920266407772337e-05,6.773283202614702e-06,1.139823693588258e-05,4.949578221986631e-05,4.29879667831913e-06,2.114321926669931e-05,6.146851031202483e-06,1.1785911407688926e-05,5.259408091295624e-05,4.1067260925431636e-05,4.118763644259194e-06,3.4197955450381225e-05,1.7940436079793767e-05,-1.0,-1.0,-1.0,-1.0
-0.29000000000000004,1.0444196304463347e-06,1.9172015269439702e-06,5.934188512927047e-07,-1.0,-1.0,-1.0,-1.0,-1.0,-1.0,-1.0,-1.0,-1.0,1.8490589184491134e-06,-1.0,-1.0,5.634788997686431e-07,-1.0,-1.0,-1.0,5.73004497134939e-06,1.944598913316776e-06,5.958322708072195e-07,1.4145491918819817e-05,2.1645556926346986e-05,6.303547073558472e-06,0.00037403257438335235,0.0002523374327369218,5.807676000779004e-06,1.0012300888768904e-05,2.9612280375800495e-05,1.052821821552443e-06,4.674198052019786e-06,1.980953751639887e-06,5.914637643899559e-07,-1.0,-1.0,-1.0,8.591282453319495e-06,4.868597112564793e-05,1.564634697749497e-05,0.0003176197457511692,0.00013739668934560173,5.687142041480341e-05,3.086009484389328e-05,1.9964651816215186e-05,1.667418407973657e-05,5.651753241996364e-06,-1.0,-1.0,-1.0,1.788783603981202e-05,-1.0,-1.0,-1.0,-1.0,-1.0,-1.0,-1.0,-1.0,-1.0,2.302301549135112e-05,6.550019797381438e-06,1.10758904320334e-05,3.5445202097028735e-06,4.501748938216787e-06,1.0529271457864284e-06,1.8690188655387777e-06,5.999309597897463e-07,3.1599992814081315e-06,4.347038558590508e-06,2.5014406263641213e-05,6.653202515051283e-06,1.1127503463024055e-05,4.733792999268988e-05,4.241869451397199e-06,2.0461796773991585e-05,6.044135149294548e-06,1.1499532263481163e-05,5.0266169305355376e-05,3.93746853184904e-05,4.065805913570202e-06,3.2875772070654784e-05,1.740622505367175e-05,-1.0,-1.0,-1.0,-1.0
-0.28,1.0394418976234256e-06,1.9029080527797747e-06,5.915080392426779e-07,-1.0,-1.0,-1.0,-1.0,-1.0,-1.0,-1.0,-1.0,-1.0,1.8355333655884726e-06,-1.0,-1.0,5.617224046718749e-07,-1.0,-1.0,-1.0,5.6374677362687336e-06,1.9298895607318976e-06,5.939069032372083e-07,1.3721397439279485e-05,2.090725432687979e-05,6.1918535193891706e-06,0.00034716106749930825,0.0002330566868438505,5.713198360273634e-06,9.78617997283931e-06,2.8507297938354377e-05,1.047768306898264e-06,4.607133816002032e-06,1.9654935323357278e-06,5.895384056656378e-07,-1.0,-1.0,-1.0,8.41008779965463e-06,4.654342522500696e-05,1.5207021539138696e-05,0.0002945164586043974,0.00012876010206163072,5.4254820145417914e-05,2.9698846838835268e-05,1.9337741693606734e-05,1.618433809349286e-05,5.560201165524087e-06,-1.0,-1.0,-1.0,1.732282148131217e-05,-1.0,-1.0,-1.0,-1.0,-1.0,-1.0,-1.0,-1.0,-1.0,2.2246005452537846e-05,6.4350302349161724e-06,1.0812984914639506e-05,3.5033219869868047e-06,4.439925343802003e-06,1.0478741278743506e-06,1.8553871644018564e-06,5.979844882811126e-07,3.1262328547821894e-06,4.288743376978321e-06,2.4140487195899762e-05,6.5352644355696066e-06,1.0863240689756802e-05,4.5274340020756384e-05,4.185701328555666e-06,1.9802649652961466e-05,5.943148090247011e-06,1.1220197840345205e-05,4.804143134441054e-05,3.7751903107933744e-05,4.013533584178991e-06,3.160486350883798e-05,1.688809099751526e-05,-1.0,-1.0,-1.0,-1.0
-0.27,1.034488006058288e-06,1.8887220079332502e-06,5.896033990470933e-07,-1.0,-1.0,-1.0,-1.0,-1.0,-1.0,-1.0,-1.0,-1.0,1.8221082110392014e-06,-1.0,-1.0,5.599714115904181e-07,-1.0,-1.0,-1.0,5.546397666239476e-06,1.915292652835203e-06,5.919877805275827e-07,1.331100817323726e-05,2.0195022080376243e-05,6.082203327328619e-06,0.0003222234171250287,0.00021526714231649244,5.620267017901871e-06,9.565221511336067e-06,2.7443798331216487e-05,1.0427391965124307e-06,4.541051443864992e-06,1.9501570571740042e-06,5.876193951970088e-07,-1.0,-1.0,-1.0,8.23281037969527e-06,4.449541216863361e-05,1.4780134046151128e-05,0.0002731039775865183,0.00012067427709558461,5.175878305233251e-05,2.858137574297002e-05,1.8730517338824844e-05,1.5709128461601065e-05,5.470156333882206e-06,-1.0,-1.0,-1.0,1.677635946799147e-05,-1.0,-1.0,-1.0,-1.0,-1.0,-1.0,-1.0,-1.0,-1.0,2.1495493144474343e-05,6.322072640681928e-06,1.055637371369532e-05,3.4626036010913016e-06,4.378953734283342e-06,1.0428455024455701e-06,1.8418553253215078e-06,5.960443527304961e-07,3.0928280009032897e-06,4.231232381289815e-06,2.3297373278215823e-05,6.419430495280831e-06,1.0605293009043814e-05,4.330088630417662e-05,4.130282121084191e-06,1.9165040130926448e-05,5.843860551162532e-06,1.0947732751709954e-05,4.591528826346321e-05,3.619603495273602e-05,3.961937730373945e-06,3.038323538647498e-05,1.638554531578732e-05,-1.0,-1.0,-1.0,-1.0
-0.26,1.0295578410000819e-06,1.874642578240156e-06,5.877049107093415e-07,-1.0,-1.0,-1.0,-1.0,-1.0,-1.0,-1.0,-1.0,-1.0,1.8087826987930965e-06,-1.0,-1.0,5.582259032068005e-07,-1.0,-1.0,-1.0,5.456810042627567e-06,1.9008073206035872e-06,5.900748823479207e-07,1.2913855865297863e-05,1.950791199582266e-05,5.974558056648227e-06,0.0002990802044850247,0.00019885227113068384,5.528856517929697e-06,9.349306443096808e-06,2.6420215438098372e-05,1.037734371833441e-06,4.475936279544403e-06,1.9349433114277258e-06,5.857067117909301e-07,-1.0,-1.0,-1.0,8.059363544156605e-06,4.2537750112295624e-05,1.4365329585328697e-05,0.0002532577703596307,0.00011310355948832659,4.937774595697498e-05,2.7506028283582992e-05,1.8142360588919096e-05,1.5248110816914617e-05,5.381593570608503e-06,-1.0,-1.0,-1.0,1.6247821008629332e-05,-1.0,-1.0,-1.0,-1.0,-1.0,-1.0,-1.0,-1.0,-1.0,2.0770565862254405e-05,6.211110878382471e-06,1.0305904865610579e-05,3.4223594522037202e-06,4.31882232829723e-06,1.0378411510626435e-06,1.8284226134744728e-06,5.941105324464559e-07,3.0597808402249947e-06,4.174494989997015e-06,2.2483969311546482e-05,6.305662920102569e-06,1.0353508578494921e-05,4.141362381324501e-05,4.075601777868637e-06,1.8548255164943404e-05,5.746243729199309e-06,1.06819660283287e-05,4.388336477031876e-05,3.470432035743921e-05,3.911009543354335e-06,2.920897112359982e-05,1.5898114396067905e-05,-1.0,-1.0,-1.0,-1.0
-0.25,1.0246512882529618e-06,1.8606689557588117e-06,5.858125542978016e-07,-1.0,-1.0,-1.0,-1.0,-1.0,-1.0,-1.0,-1.0,-1.0,1.7955560786141109e-06,-1.0,-1.0,5.564858622583152e-07,-1.0,-1.0,-1.0,5.368680555096334e-06,1.8864327018057958e-06,5.881681884342322e-07,1.2529488925241554e-05,1.884501123379659e-05,5.868880007284153e-06,0.0002776020800556648,0.00018370473091437712,5.438941826020302e-06,9.138318478772095e-06,2.5435042578271627e-05,1.0327537148792036e-06,4.411773889794121e-06,1.919851288883147e-06,5.838003343258631e-07,-1.0,-1.0,-1.0,7.889662601166441e-06,4.066644268826006e-05,1.3962263446670611e-05,0.00023486253838153395,0.00010601463868350405,4.7106402755100246e-05,2.6471213735322794e-05,1.7572672692350974e-05,1.4800854485593938e-05,5.294488125214326e-06,-1.0,-1.0,-1.0,1.5736599007825156e-05,-1.0,-1.0,-1.0,-1.0,-1.0,-1.0,-1.0,-1.0,-1.0,2.0070342638851908e-05,6.1021094583379795e-06,1.0061430105561339e-05,3.382584005988555e-06,4.259519507943919e-06,1.0328609558665033e-06,1.8150882994688147e-06,5.921830068053429e-07,3.027087534907401e-06,4.118520764794675e-06,2.1699219352632687e-05,6.193924618138058e-06,1.0107739228750954e-05,3.9608780534526096e-05,4.021650383522092e-06,1.7951605603836062e-05,5.650269312981766e-06,1.0422731005782705e-05,4.1941479992908955e-05,3.3274112764401326e-05,3.86074032969071e-06,2.808022889530745e-05,1.542533914578548e-05,-1.0,-1.0,-1.0,-1.0
-0.24,1.0197682341733804e-06,1.8468003387221246e-06,5.839263099456296e-07,-1.0,-1.0,-1.0,-1.0,-1.0,-1.0,-1.0,-1.0,-1.0,1.7824276059937e-06,-1.0,-1.0,5.547512715368474e-07,-1.0,-1.0,-1.0,5.281985294816234e-06,1.8721679409487438e-06,5.862676785887405e-07,1.2157471816643876e-05,1.820544096094211e-05,5.765132205275333e-06,0.0002576690350056378,0.00016972563553022634,5.350498322221245e-06,8.932144035734503e-06,2.448683023998658e-05,1.027797108244187e-06,4.3485500607397425e-06,1.9048799917668061e-06,5.81900241751625e-07,-1.0,-1.0,-1.0,7.723624771191607e-06,3.8877670757337884e-05,1.3570600827966617e-05,0.0002178115273913238,9.937639190557602e-05,4.493969252033627e-05,2.5475401549791217e-05,1.7020873699436116e-05,1.4366942059325393e-05,5.208815665895473e-06,-1.0,-1.0,-1.0,1.524210748687009e-05,-1.0,-1.0,-1.0,-1.0,-1.0,-1.0,-1.0,-1.0,-1.0,1.9393973131565434e-05,5.9950335258459205e-06,9.82280477675813e-06,3.3432717928204022e-06,4.201033816511951e-06,1.0279047995736167e-06,1.8018516593035948e-06,5.902617552510768e-07,2.9947442883679452e-06,4.063299408655834e-06,2.0942105296045805e-05,6.084179167285886e-06,9.867840374110136e-06,3.7882749867256106e-05,3.968418156541426e-06,1.737442537889622e-05,5.555909474159697e-06,1.0169865214880097e-05,4.008563882840657e-05,3.19028748488086e-05,3.8111215098056162e-06,2.699523870771019e-05,1.4966774543380734e-05,-1.0,-1.0,-1.0,-1.0
-0.22999999999999998,1.0149085656674048e-06,1.8330359314900008e-06,5.820461578505472e-07,-1.0,-1.0,-1.0,-1.0,-1.0,-1.0,-1.0,-1.0,-1.0,1.7693965421065126e-06,-1.0,-1.0,5.530221138886997e-07,-1.0,-1.0,-1.0,5.19670074778824e-06,1.8580121892242512e-06,5.843733326796656e-07,1.1797384468450124e-05,1.758835505654852e-05,5.663278388492709e-06,0.00023916972544889024,0.000156823883938583,5.263501794068914e-06,8.730672174528417e-06,2.3574183900716322e-05,1.0228644350965853e-06,4.2862507944864095e-06,1.8900284306732018e-06,5.800064130891446e-07,-1.0,-1.0,-1.0,7.561169143020506e-06,3.716778452866587e-05,1.319001654799549e-05,0.0002020058897666656,9.31597381706486e-05,4.287278815903828e-05,2.4517119075118637e-05,1.648640187192818e-05,1.3945968981072258e-05,5.124552272369048e-06,-1.0,-1.0,-1.0,1.4763780832857313e-05,-1.0,-1.0,-1.0,-1.0,-1.0,-1.0,-1.0,-1.0,-1.0,1.8740636547861188e-05,5.889848849752628e-06,9.589887741956361e-06,3.3044174070259296e-06,4.143353956234417e-06,1.0229725654731601e-06,1.7887119743288482e-06,5.883467572949239e-07,2.962747344837066e-06,4.008820763913841e-06,2.02116455078242e-05,5.976390803075923e-06,9.633670925341596e-06,3.6232083354597904e-05,3.915895447489022e-06,1.6816070722269186e-05,5.463136859113278e-06,9.92321027487485e-06,3.831202367779019e-05,3.0588174008070254e-05,3.7621446164744587e-06,2.5952299588583662e-05,1.4521989203449808e-05,-1.0,-1.0,-1.0,-1.0
-0.21999999999999997,1.0100721701880455e-06,1.819374944502121e-06,5.801720782746313e-07,-1.0,-1.0,-1.0,-1.0,-1.0,-1.0,-1.0,-1.0,-1.0,1.7564621537664334e-06,-1.0,-1.0,5.512983722144201e-07,-1.0,-1.0,-1.0,5.112803788278982e-06,1.8439646044562155e-06,5.824851306410072e-07,1.1448821708626736e-05,1.6992938869185324e-05,5.563282992653725e-06,0.0002220008456745377,0.0001449155426600298,5.177928429808296e-06,8.533794536823835e-06,2.2695761930886255e-05,1.0179555791755011e-06,4.224862305779896e-06,1.8752956244931028e-06,5.781188274302202e-07,-1.0,-1.0,-1.0,7.4022166307766195e-06,3.553329603078744e-05,1.2820194768081755e-05,0.00018735409482000022,8.733750219663372e-05,4.090108559086652e-05,2.3594949362103096e-05,1.5968713111143022e-05,1.3537543143924675e-05,5.041674428834094e-06,-1.0,-1.0,-1.0,1.430107307499148e-05,-1.0,-1.0,-1.0,-1.0,-1.0,-1.0,-1.0,-1.0,-1.0,1.8109540609209348e-05,5.786521811231743e-06,9.362541297153218e-06,3.266015506134742e-06,4.086468786076536e-06,1.0180641374242058e-06,1.775668531205861e-06,5.864379925152755e-07,2.931092988918651e-06,3.955074810370501e-06,1.950689350880994e-05,5.870524406727399e-06,9.405093204632174e-06,3.465348373497226e-05,3.86407273719933e-06,1.6275919412067715e-05,5.371924580801441e-06,9.682611789432535e-06,3.661698654866147e-05,2.9327678037561456e-05,3.713801293346183e-06,2.494977688819205e-05,1.4090564955428641e-05,-1.0,-1.0,-1.0,-1.0
-0.21000000000000002,1.005258935732598e-06,1.8058165942310858e-06,5.783040515441043e-07,-1.0,-1.0,-1.0,-1.0,-1.0,-1.0,-1.0,-1.0,-1.0,1.7436237133829701e-06,-1.0,-1.0,5.495800294686297e-07,-1.0,-1.0,-1.0,5.03027167236576e-06,1.8300243510481993e-06,5.806030524723299e-07,1.1111392719046032e-05,1.641840802142778e-05,5.465111137616312e-06,0.00020606654679733254,0.00013392327753418347,5.093754811726145e-06,8.341405284838345e-06,2.1850273577878246e-05,1.0130704247881355e-06,4.164371018720157e-06,1.8606806003424842e-06,5.762374639372763e-07,-1.0,-1.0,-1.0,7.246689931938475e-06,3.397087191833078e-05,1.2460828721765385e-05,0.00017377138340153087,8.188428753064636e-05,3.9020193430691456e-05,2.2707529053621765e-05,1.5467280404041145e-05,1.3141284502629717e-05,4.960159017053831e-06,-1.0,-1.0,-1.0,1.3853457187096352e-05,-1.0,-1.0,-1.0,-1.0,-1.0,-1.0,-1.0,-1.0,-1.0,1.7499920551559564e-05,5.6850193927657295e-06,9.140631087416612e-06,3.2280608101390362e-06,4.030367319554145e-06,1.0131793998529239e-06,1.762720621867738e-06,5.845354405574284e-07,2.899777545155234e-06,3.90205166342998e-06,1.882693670586561e-05,5.766545493424989e-06,9.18197286261404e-06,3.314379829934113e-05,3.812940635009915e-06,1.575337004329259e-05,5.2822462107510715e-06,9.447919245271475e-06,3.499704150988599e-05,2.8119150985011846e-05,3.6660832934835484e-06,2.398609968595965e-05,1.3672096435393771e-05,-1.0,-1.0,-1.0,-1.0
-0.2,1.0004687508399993e-06,1.7923601031359253e-06,5.764420580491249e-07,-1.0,-1.0,-1.0,-1.0,-1.0,-1.0,-1.0,-1.0,-1.0,1.7308804989179775e-06,-1.0,-1.0,5.478670686598508e-07,-1.0,-1.0,-1.0,4.949082031589558e-06,1.816190599931439e-06,5.787270782385466e-07,1.0784720510793202e-05,1.586400726078533e-05,5.368728613946718e-06,0.00019127789753100376,0.00012377583081853058,5.010957909595612e-06,8.153401042192258e-06,2.103647702722243e-05,1.0082088568070001e-06,4.104763563526501e-06,1.8461823934920804e-06,5.743623018431231e-07,-1.0,-1.0,-1.0,7.094513486342099e-06,3.247732659928629e-05,1.2111620452346669e-05,0.00016117926345426934,7.677635825929682e-05,3.722592314856416e-05,2.1853546354148693e-05,1.4981593286704349e-05,1.2756824697396143e-05,4.879983309557398e-06,-1.0,-1.0,-1.0,1.3420424415357397e-05,-1.0,-1.0,-1.0,-1.0,-1.0,-1.0,-1.0,-1.0,-1.0,1.6911038161149853e-05,5.585309167326798e-06,8.924026024793124e-06,3.190548100761942e-06,3.975038722582635e-06,1.0083182377497986e-06,1.7498675434802703e-06,5.826390811333635e-07,2.8687973775978766e-06,3.849741572258113e-06,1.8170895169218154e-05,5.664420200808934e-06,8.964178797421886e-06,3.170001254094369e-05,3.7624898770166522e-06,1.5247841323669575e-05,5.194075771184624e-06,9.218985913409825e-06,3.3448857482362116e-05,2.6960449176156037e-05,3.6189824779227004e-06,2.3059758298827e-05,1.3266190690568497e-05,-1.0,-1.0,-1.0,-1.0
-0.19,9.95701504588195e-07,1.7790046996159664e-06,5.745860782435794e-07,-1.0,-1.0,-1.0,-1.0,-1.0,-1.0,-1.0,-1.0,-1.0,1.718231793842723e-06,-1.0,-1.0,5.461594728503349e-07,-1.0,-1.0,-1.0,4.869212866714274e-06,1.8024625285132686e-06,5.768571880697066e-07,1.0468441419116219e-05,1.532900935502064e-05,5.27410186975561e-06,0.00017755238402666245,0.00011440753998999997,4.929515074230507e-06,7.969680836162763e-06,2.0253177538008858e-05,1.003370760667136e-06,4.046026773353545e-06,1.8318000472975617e-06,5.724933204507161e-07,-1.0,-1.0,-1.0,6.945613436142627e-06,3.104961566855743e-05,1.1772280558075275e-05,0.0001495050434224782,7.199152871188549e-05,3.55142796855707e-05,2.103173907633357e-05,1.4511157324660453e-05,1.2383806689581535e-05,4.801124962958997e-06,-1.0,-1.0,-1.0,1.3001483630371685e-05,-1.0,-1.0,-1.0,-1.0,-1.0,-1.0,-1.0,-1.0,-1.0,1.6342180844390072e-05,5.487359287753605e-06,8.71259820824328e-06,3.153472220734453e-06,3.920472311355934e-06,1.003480536666856e-06,1.7371085984030915e-06,5.807488940215275e-07,2.8381488893806945e-06,3.798134917966787e-06,1.7537920454241416e-05,5.564115277675278e-06,8.751583075729876e-06,3.031924408458276e-05,3.712711324352743e-06,1.475877139354383e-05,5.107387727283732e-06,8.995668752950899e-06,3.1969251350923966e-05,2.5849517404567585e-05,3.5724908142518216e-06,2.216930188729386e-05,1.287246679613614e-05,-1.0,-1.0,-1.0,-1.0
-0.18,9.909570865915205e-07,1.7657496179650646e-06,5.727360926448749e-07,-1.0,-1.0,-1.0,-1.0,-1.0,-1.0,-1.0,-1.0,-1.0,1.7056768870952911e-06,-1.0,-1.0,5.44457225155893e-07,-1.0,-1.0,-1.0,4.790642541590351e-06,1.788839320625958e-06,5.749933621607795e-07,1.0162204617269185e-05,1.4812714030118374e-05,5.181197997797011e-06,0.00016481344594085936,0.00010575789490510188,4.849404031147297e-06,7.790146041303728e-06,1.9499225649665803e-05,9.9855602236335e-07,3.988147681157163e-06,1.8175326131303118e-06,5.706304991329156e-07,-1.0,-1.0,-1.0,6.799917586712246e-06,2.968482963410057e-05,1.1442527944759509e-05,0.00013868140065119477,6.750906060770677e-05,3.3881452504419456e-05,2.0240892761711823e-05,1.4055493609527005e-05,1.2021884408882233e-05,4.723562011392425e-06,-1.0,-1.0,-1.0,1.2596160702612168e-05,-1.0,-1.0,-1.0,-1.0,-1.0,-1.0,-1.0,-1.0,-1.0,1.5792660730606245e-05,5.391138476320143e-06,8.506222845553674e-06,3.1168280730808434e-06,3.866657550255102e-06,9.986661827149079e-07,1.7244430941511236e-06,5.788648590666145e-07,2.807828522299973e-06,3.74722221182302e-06,1.6927194466050978e-05,5.465598072882323e-06,8.544060855719527e-06,2.8998736883129106e-05,3.6635959614912266e-06,1.428561716900225e-05,5.022156979586445e-06,8.777828317340817e-06,3.055518138305415e-05,2.478438527889055e-05,3.5266003752085747e-06,2.1313336155308637e-05,1.2490555483974733e-05,-1.0,-1.0,-1.0,-1.0
-0.16999999999999998,9.862353869980945e-07,1.7525940983261868e-06,5.708920818337306e-07,-1.0,-1.0,-1.0,-1.0,-1.0,-1.0,-1.0,-1.0,-1.0,1.6932150730383158e-06,-1.0,-1.0,5.427603087457252e-07,-1.0,-1.0,-1.0,4.713349777121057e-06,1.7753201664759561e-06,5.731355807714437e-07,9.865671648529008e-06,1.431444694923258e-05,5.089984722824773e-06,0.00015299004610406917,9.77711302438806e-05,4.770602874333081e-06,7.6147003243986646e-06,1.877351545736162e-05,9.937645284474653e-07,3.931113516609612e-06,1.8033791503088146e-06,5.68773817332249e-07,-1.0,-1.0,-1.0,6.657355368452262e-06,2.8380187922582876e-05,1.1122089585578227e-05,0.00012864598213269563,6.330956713694911e-05,3.232380705459358e-05,1.9479838872728322e-05,1.361413827146147e-05,1.16707224116586e-05,4.647272860058937e-06,-1.0,-1.0,-1.0,1.2203997900446649e-05,-1.0,-1.0,-1.0,-1.0,-1.0,-1.0,-1.0,-1.0,-1.0,1.5261813806475698e-05,5.296616014493354e-06,8.304778177176847e-06,3.080610620412458e-06,3.8135840497861222e-06,9.938750625608073e-07,1.7118703433563118e-06,5.76986956179348e-07,2.777832756397819e-06,3.6969940934824484e-06,1.6337928365345153e-05,5.368836524459588e-06,8.341490311931195e-06,2.7735855669457166e-05,3.615134894570659e-06,1.3827853707423466e-05,4.938358856515781e-06,8.565328663034364e-06,2.9203740940721655e-05,2.3763163720963554e-05,3.481303337296106e-06,2.0490521140315636e-05,1.2120098782939727e-05,-1.0,-1.0,-1.0,-1.0
-0.15999999999999998,9.815362964872263e-07,1.739537386646348e-06,5.690540264539736e-07,-1.0,-1.0,-1.0,-1.0,-1.0,-1.0,-1.0,-1.0,-1.0,1.6808456514170485e-06,-1.0,-1.0,5.410687068422507e-07,-1.0,-1.0,-1.0,4.637313645329693e-06,1.7619042625935427e-06,5.712838242258744e-07,9.578515975692877e-06,1.3833558731007415e-05,5.000430389201337e-06,0.0001420162713515433,9.039585041054968e-05,4.693090060117727e-06,7.4432495907150515e-06,1.807498295339285e-05,9.889961660255807e-07,3.874911703063072e-06,1.7893387260306419e-06,5.669232545606724e-07,-1.0,-1.0,-1.0,6.5178577994975054e-06,2.713303315207232e-05,1.0810700287884384e-05,0.00011934103515716416,5.9374923500246304e-05,3.083787663283725e-05,1.874745305336391e-05,1.3186642006921577e-05,1.1329995550040177e-05,4.572236278886513e-06,-1.0,-1.0,-1.0,1.1824553309883672e-05,-1.0,-1.0,-1.0,-1.0,-1.0,-1.0,-1.0,-1.0,-1.0,1.4748999081024718e-05,5.203761732876016e-06,8.108145401950931e-06,3.0448148842298088e-06,3.7612415645464905e-06,9.891070634247191e-07,1.6993896637296438e-06,5.751151653362639e-07,2.7481581095503116e-06,3.6474413292468367e-06,1.5769361513983274e-05,5.273799148915474e-06,8.14375256195271e-06,2.652808065254596e-05,3.5673193497436495e-06,1.338497359468283e-05,4.855969107037298e-06,8.358037260506485e-06,2.791215247227169e-05,2.2784041608600033e-05,3.4365919794173586e-06,1.9699569089916436e-05,1.1760749670332886e-05,-1.0,-1.0,-1.0,-1.0
-0.14999999999999997,9.76859706266834e-07,1.7265787346318993e-06,5.67221907212331e-07,-1.0,-1.0,-1.0,-1.0,-1.0,-1.0,-1.0,-1.0,-1.0,1.668567927317751e-06,-1.0,-1.0,5.393824027209392e-07,-1.0,-1.0,-1.0,4.562513563526019e-06,1.748590811782882e-06,5.694380729125309e-07,9.300422547391041e-06,1.3369424005729897e-05,4.912503948753706e-06,0.00013183096225571195,8.358468429128267e-05,4.616844401148448e-06,7.275701931529053e-06,1.7402604432023164e-05,9.842508227553507e-07,3.819529854560818e-06,1.7754104153050267e-06,5.650787903993329e-07,-1.0,-1.0,-1.0,6.381357449291985e-06,2.5940825659833322e-05,1.0508102466795389e-05,0.00011071306561075909,5.568818346498566e-05,2.9420354620638067e-05,1.804265345575741e-05,1.2772569621255033e-05,1.0999388651466627e-05,4.498431396298561e-06,-1.0,-1.0,-1.0,1.1457400275248433e-05,-1.0,-1.0,-1.0,-1.0,-1.0,-1.0,-1.0,-1.0,-1.0,1.4253597780101146e-05,5.112546001331542e-06,7.916208604652376e-06,3.009435944232841e-06,3.7096199912201843e-06,9.843620730774036e-07,1.6870003780234514e-06,5.732494665794941e-07,2.7188011370600905e-06,3.5985548103453276e-06,1.522076045884828e-05,5.180455030740064e-06,7.950731594900063e-06,2.5373002446977397e-05,3.5201406715479306e-06,1.295648635326648e-05,4.774963893443472e-06,8.155824907548659e-06,2.6677761771877957e-05,2.1845282557046525e-05,3.392458681527453e-06,1.8939242421741792e-05,1.1412171734207167e-05,-1.0,-1.0,-1.0,-1.0
-0.14,9.722055080708766e-07,1.713717399704164e-06,5.653957048782263e-07,-1.0,-1.0,-1.0,-1.0,-1.0,-1.0,-1.0,-1.0,-1.0,1.6563812111264168e-06,-1.0,-1.0,5.377013797101417e-07,-1.0,-1.0,-1.0,4.488929288570254e-06,1.7353790230724727e-06,5.675983072839467e-07,9.03108738057495e-06,1.292144050783437e-05,4.826174948871598e-06,0.00012237736966364728,7.729396747883666e-05,4.5418450604650565e-06,7.111967572890383e-06,1.6755394955335335e-05,9.79528386843272e-07,3.7649557728952537e-06,1.7615933008860353e-06,5.632404044983332e-07,-1.0,-1.0,-1.0,6.247788403015021e-06,2.4801138273835475e-05,1.0214045925371435e-05,0.00010271252183594754,5.223350152719563e-05,2.8068087081219598e-05,1.7364399130314924e-05,1.2371499585652971e-05,1.0678596208331532e-05,4.425837693090162e-06,-1.0,-1.0,-1.0,1.1102126860021477e-05,-1.0,-1.0,-1.0,-1.0,-1.0,-1.0,-1.0,-1.0,-1.0,1.3775012569273157e-05,5.022939719287381e-06,7.7288546853362e-06,2.974468937639303e-06,3.658709366600629e-06,9.796399798375127e-07,1.6747018139939946e-06,5.713898400165514e-07,2.689758431253341e-06,3.550325551239074e-06,1.4691417952593889e-05,5.088773812099446e-06,7.762314201646165e-06,2.4268317225539825e-05,3.473590321299666e-06,1.2541917870574687e-05,4.695319784262639e-06,7.9585656447908e-06,2.549803249462572e-05,2.0945221833387587e-05,3.3488959233038895e-06,1.820835176326415e-05,1.1074038846168257e-05,-1.0,-1.0,-1.0,-1.0
-0.13,9.67573594156798e-07,1.7009526449554134e-06,5.635754002835747e-07,-1.0,-1.0,-1.0,-1.0,-1.0,-1.0,-1.0,-1.0,-1.0,1.6442848184878137e-06,-1.0,-1.0,5.360256211909238e-07,-1.0,-1.0,-1.0,4.416540911232968e-06,1.7222681116659975e-06,5.657645078565197e-07,8.770217158565658e-06,1.2489028203337105e-05,4.741413520842898e-06,0.00011360283609546298,7.148344976598579e-05,4.4680715456742705e-06,6.951958825597745e-06,1.6132406877752686e-05,9.7482874704199e-07,3.711177444712098e-06,1.7478864732063162e-06,5.614080765764952e-07,-1.0,-1.0,-1.0,6.117086226837748e-06,2.3711651317092928e-05,9.928287641188905e-06,9.52935021274653e-05,4.899606029638192e-05,2.677806569937012e-05,1.6711688476893663e-05,1.198302360801596e-05,1.0367322077406787e-05,4.3544349964099695e-06,-1.0,-1.0,-1.0,1.0758335327101326e-05,-1.0,-1.0,-1.0,-1.0,-1.0,-1.0,-1.0,-1.0,-1.0,1.3312666804143033e-05,4.934914306213763e-06,7.5459732904192895e-06,2.9399090585111133e-06,3.60849986564126e-06,9.749406725689007e-07,1.6624933043643233e-06,5.695362658201141e-07,2.6610266210811266e-06,3.502744687948958e-06,1.4180652009928178e-05,4.998725682718021e-06,7.578389906754519e-06,2.321182208509944e-05,3.4276598755086734e-06,1.2140809846719398e-05,4.617013747290373e-06,7.76613667339104e-06,2.4370540915826703e-05,2.0082263398403347e-05,3.3058962828343425e-06,1.7505754068409974e-05,1.074603484434416e-05,-1.0,-1.0,-1.0,-1.0
-0.12,9.629638573029845e-07,1.6882837391051934e-06,5.617609743225789e-07,-1.0,-1.0,-1.0,-1.0,-1.0,-1.0,-1.0,-1.0,-1.0,1.6322780702648465e-06,-1.0,-1.0,5.343551105968966e-07,-1.0,-1.0,-1.0,4.34532885064929e-06,1.7092572988935624e-06,5.639366552103017e-07,8.517528844071155e-06,1.2071628450835703e-05,4.658190368421592e-06,0.00010545850020079519,6.611602588650876e-05,4.395503703221337e-06,6.795590036356116e-06,1.553272842697667e-05,9.701517926476116e-07,3.658183038659942e-06,1.7342890303114272e-06,5.595817864211262e-07,-1.0,-1.0,-1.0,5.989187933990237e-06,2.2670147834439228e-05,9.650591559121572e-06,8.841348408362167e-05,4.5962002747216576e-05,2.5547421048208432e-05,1.608355775473956e-05,1.1606746217295843e-05,1.006527918873581e-05,4.284203473845953e-06,-1.0,-1.0,-1.0,1.0425641637779784e-05,-1.0,-1.0,-1.0,-1.0,-1.0,-1.0,-1.0,-1.0,-1.0,1.2866003807101185e-05,4.84844169227462e-06,7.367456745463539e-06,2.9057515570886248e-06,3.5589817995332944e-06,9.702640406779472e-07,1.6503741867874184e-06,5.676887242278121e-07,2.6326023717250198e-06,3.4558034764060637e-06,1.3687804998135121e-05,4.910281369945417e-06,7.398850902076176e-06,2.220141061633711e-05,3.3823410243152847e-06,1.1752719261145359e-05,4.5400231427411505e-06,7.578418274837192e-06,2.329297092367599e-05,1.925487707061261e-05,3.2634524353218112e-06,1.683035080795474e-05,1.0427853226204706e-05,-1.0,-1.0,-1.0,-1.0
-0.10999999999999999,9.583761908062325e-07,1.67570995645698e-06,5.599524079515269e-07,-1.0,-1.0,-1.0,-1.0,-1.0,-1.0,-1.0,-1.0,-1.0,1.6203602924982393e-06,-1.0,-1.0,5.326898314140517e-07,-1.0,-1.0,-1.0,4.275273848865811e-06,1.6963458121633282e-06,5.621147299887905e-07,8.27274930660403e-06,1.166870319476212e-05,4.5764767566235095e-06,9.78990226014931e-05,6.115748764496333e-05,4.324121712757394e-06,6.642777540087643e-06,1.4955482339174122e-05,9.654974134970368e-07,3.6059609025844922e-06,1.7208000777947387e-06,5.577615138877841e-07,-1.0,-1.0,-1.0,5.8640319516200566e-06,2.1674509031807634e-05,9.38072839014787e-06,8.203307416780777e-05,4.3118369006649865e-05,2.437341616772546e-05,1.5479079648946047e-05,1.1242284360890082e-05,9.772189263693697e-06,4.215123627613146e-06,-1.0,-1.0,-1.0,1.0103674968745007e-05,-1.0,-1.0,-1.0,-1.0,-1.0,-1.0,-1.0,-1.0,-1.0,1.243448616958027e-05,4.7634943091475385e-06,7.1931999896165e-06,2.8719917391327097e-06,3.5101456138103397e-06,9.656099741108951e-07,1.6383438038096036e-06,5.658471955420133e-07,2.604482384206992e-06,3.4094932908246075e-06,1.3212242760583123e-05,4.823412129004552e-06,7.223591981968844e-06,2.1235068668363248e-05,3.3376255699485244e-06,1.1377217857427051e-05,4.464325716518223e-06,7.395293732805126e-06,2.2263109234847178e-05,1.8461595807452188e-05,3.221557151806891e-06,1.61810862308022e-05,1.0119196850922658e-05,-1.0,-1.0,-1.0,-1.0
-0.09999999999999998,9.538104884792318e-07,1.6632305768551803e-06,5.58149682188589e-07,-1.0,-1.0,-1.0,-1.0,-1.0,-1.0,-1.0,-1.0,-1.0,1.6085308163665335e-06,-1.0,-1.0,5.310297671805921e-07,-1.0,-1.0,-1.0,4.206356965478678e-06,1.6835328849135235e-06,5.602987128987219e-07,8.035614963752906e-06,1.1279734189629987e-05,4.496244500745226e-06,9.0882331570098e-05,5.6576295725854715e-05,4.253906081600927e-06,6.4934396133687795e-06,1.4399824546331497e-05,9.608654999653025e-07,3.5544995607667725e-06,1.7074187287329017e-06,5.559472389000451e-07,-1.0,-1.0,-1.0,5.741558088423495e-06,2.072270991853136e-05,9.118475416007848e-06,7.611577595987181e-05,4.0453037367945334e-05,2.325344044064486e-05,1.4897361891286535e-05,1.0889267014678855e-05,9.487782541922344e-06,4.147176288841645e-06,-1.0,-1.0,-1.0,9.792077246452843e-06,-1.0,-1.0,-1.0,-1.0,-1.0,-1.0,-1.0,-1.0,-1.0,1.2017595078903262e-05,4.680045081009669e-06,7.023100511668458e-06,2.838624965274553e-06,3.461981886479451e-06,9.60978363351198e-07,1.6264015028342334e-06,5.64011660129611e-07,2.576663395003505e-06,3.3638056220970053e-06,1.2753353772015881e-05,4.738089733417568e-06,7.052510480098505e-06,2.031087029962059e-05,3.2935054252053254e-06,1.1013891645616571e-05,4.389899593599648e-06,7.216649257020798e-06,2.12788408230866e-05,1.7701013098751994e-05,3.1802032979069445e-06,1.555694569336379e-05,9.819777650978011e-06,-1.0,-1.0,-1.0,-1.0
-0.08999999999999997,9.492666446480582e-07,1.6508448856424633e-06,5.563527781136162e-07,-1.0,-1.0,-1.0,-1.0,-1.0,-1.0,-1.0,-1.0,-1.0,1.596788978146395e-06,-1.0,-1.0,5.293749014867697e-07,-1.0,-1.0,-1.0,4.138559572361251e-06,1.670817756564847e-06,5.584885847098617e-07,7.805871435782148e-06,1.0904222254066696e-05,4.4174659556016466e-06,8.43693871063011e-05,5.23433696101211e-05,4.1848376392917656e-06,6.34749642896683e-06,1.3864942913773263e-05,9.56255942962936e-07,3.5037877112045833e-06,1.6941441036218795e-06,5.54138941449271e-07,-1.0,-1.0,-1.0,5.621707503031143e-06,1.9812815143603e-05,8.863616299538626e-06,7.062777569227967e-05,3.7954669244458106e-05,2.2185003751816896e-05,1.4337545933354686e-05,1.0547334805307785e-05,9.21179751685777e-06,4.0803426119631055e-06,-1.0,-1.0,-1.0,9.490502698231434e-06,-1.0,-1.0,-1.0,-1.0,-1.0,-1.0,-1.0,-1.0,-1.0,1.1614829668851522e-05,4.598067415686592e-06,6.8570582876857426e-06,2.805646650373083e-06,3.4144813261782724e-06,9.56369099416886e-07,1.6145466360856508e-06,5.62182098421812e-07,2.5491421756637724e-06,3.3187320762107884e-06,1.2310548324465e-05,4.654286465606365e-06,6.885506207784529e-06,1.9426973906864192e-05,3.2499726119504964e-06,1.0662340421538827e-05,4.316723271538449e-06,7.042373909074037e-06,2.033814455131122e-05,1.6971780467865585e-05,3.139383832571945e-06,1.4956954054363698e-05,9.529316352716324e-06,-1.0,-1.0,-1.0,-1.0
-0.08000000000000002,9.447445541496794e-07,1.6385521736174204e-06,5.545616768679395e-07,-1.0,-1.0,-1.0,-1.0,-1.0,-1.0,-1.0,-1.0,-1.0,1.5851341191732367e-06,-1.0,-1.0,5.277252179747166e-07,-1.0,-1.0,-1.0,4.07186334847994e-06,1.6581996724732447e-06,5.566843262547994e-07,7.583273213054558e-06,1.054168655346861e-05,4.340114004977854e-06,7.832396207798419e-05,4.843189415309851e-05,4.116897532236053e-06,6.2048700114497536e-06,1.3350056025919273e-05,9.516686339333267e-07,3.45381422293654e-06,1.6809753303135387e-06,5.523366015943771e-07,-1.0,-1.0,-1.0,5.504422673129959e-06,1.894297501723736e-05,8.6159409005222e-06,6.553774377242923e-05,3.561265779579874e-05,2.1165730918000063e-05,1.379880567002534e-05,1.021613964433184e-05,8.943980679576168e-06,4.014604069194025e-06,-1.0,-1.0,-1.0,9.198617419507635e-06,-1.0,-1.0,-1.0,-1.0,-1.0,-1.0,-1.0,-1.0,-1.0,1.1225706393110333e-05,4.517535195961147e-06,6.694975720181169e-06,2.7730522628799347e-06,3.3676347703579086e-06,9.517820738579392e-07,1.602778560573412e-06,5.603584909139246e-07,2.521915532432129e-06,3.274264372687065e-06,1.188325774266646e-05,4.571975107664525e-06,6.7224813938504755e-06,1.8581618524370523e-05,3.2070192596371454e-06,1.0322177302451743e-05,4.244775614074927e-06,6.872359530133526e-06,1.9439088998138504e-05,1.6272605076007483e-05,3.0990918068567694e-06,1.4380174132500309e-05,9.247542205581138e-06,-1.0,-1.0,-1.0,-1.0
-0.07,9.402441123294737e-07,1.62635173699256e-06,5.527763596541691e-07,-1.0,-1.0,-1.0,-1.0,-1.0,-1.0,-1.0,-1.0,-1.0,1.5735655858021464e-06,-1.0,-1.0,5.260807003382836e-07,-1.0,-1.0,-1.0,4.006250274796611e-06,1.645677883883066e-06,5.548859184287424e-07,7.367583335791288e-06,1.0191663910163639e-05,4.264162051290852e-06,7.271243919026822e-05,4.4817141494183355e-05,4.050067218440663e-06,6.065484193843707e-06,1.2854412018429712e-05,9.47103464850106e-07,3.4045681334080085e-06,1.6679115439527897e-06,5.505401994616033e-07,-1.0,-1.0,-1.0,5.389647365304406e-06,1.811142170946945e-05,8.375245096884318e-06,6.081665109080545e-05,3.341707997745868e-05,2.0193356375495152e-05,1.32803462113245e-05,9.895344373847875e-06,8.684086270693851e-06,3.949942445114125e-06,-1.0,-1.0,-1.0,8.916098956566417e-06,-1.0,-1.0,-1.0,-1.0,-1.0,-1.0,-1.0,-1.0,-1.0,1.084975842077945e-05,4.438422771039367e-06,6.5367575787834274e-06,2.7408373242118653e-06,3.3214331834911426e-06,9.472171787536781e-07,1.5910966380567802e-06,5.585408181651484e-07,2.4949803058744834e-06,3.2303943430402196e-06,1.1470933627904225e-05,4.491128932297506e-06,6.563340625943522e-06,1.7773120285874107e-05,3.1646376038472924e-06,9.993028278509072e-06,4.174035844859201e-06,6.706500670513751e-06,1.857982847018165e-05,1.5602247425532737e-05,3.059320362709725e-06,1.3825705224495992e-05,8.974192719749234e-06,-1.0,-1.0,-1.0,-1.0
-0.06,9.357652150387608e-07,1.614242877352624e-06,5.509968077359945e-07,-1.0,-1.0,-1.0,-1.0,-1.0,-1.0,-1.0,-1.0,-1.0,1.5620827293691198e-06,-1.0,-1.0,5.24441332322873e-07,-1.0,-1.0,-1.0,3.941702629256217e-06,1.6332516478805961e-06,5.530933421893106e-07,7.158573085701894e-06,9.853708140009493e-06,4.1895840054570175e-06,6.750362263576874e-05,4.147630707511119e-05,3.984328462335564e-06,5.9292645753133955e-06,1.2377287454957981e-05,9.425603282145442e-07,3.3560386458782694e-06,1.6549518869152797e-06,5.487497152442824e-07,-1.0,-1.0,-1.0,5.277326605579608e-06,1.7316465617889393e-05,8.141330611087991e-06,5.6437599005479565e-05,3.135865178211531e-05,1.926571911367863e-05,1.278140270086951e-05,9.584622423255096e-06,8.431876040064884e-06,3.886339831338188e-06,-1.0,-1.0,-1.0,8.642635904276306e-06,-1.0,-1.0,-1.0,-1.0,-1.0,-1.0,-1.0,-1.0,-1.0,1.0486535053165352e-05,4.360704948170612e-06,6.382310942368246e-06,2.708997408130535e-06,3.2758676553056636e-06,9.426743067101648e-07,1.5795002350094838e-06,5.567290607983648e-07,2.4683333705087943e-06,3.187113929258591e-06,1.107304712924371e-05,4.411721693927986e-06,6.407990793286533e-06,1.6999869042061652e-05,3.1228199848523757e-06,9.674531779483005e-06,4.1044835412820134e-06,6.544694521046021e-06,1.775859919183043e-05,1.4959519158070378e-05,3.020062731777094e-06,1.3292681681164428e-05,8.709013411906162e-06,-1.0,-1.0,-1.0,-1.0
-0.04999999999999999,9.313077586323428e-07,1.6022249016132285e-06,5.492230024379863e-07,-1.0,-1.0,-1.0,-1.0,-1.0,-1.0,-1.0,-1.0,-1.0,1.5506849061525999e-06,-1.0,-1.0,5.228070977252764e-07,-1.0,-1.0,-1.0,3.878202981858141e-06,1.6209202273479542e-06,5.513065785563312e-07,6.956021689035415e-06,9.527389414398255e-06,4.116354276961069e-06,6.266856336250315e-05,3.838835864186874e-05,3.919663329682667e-06,5.7961384798409426e-06,1.1917986246799939e-05,9.380391170529562e-07,3.3082151268682604e-06,1.6420955087456244e-06,5.469651292026115e-07,-1.0,-1.0,-1.0,5.167406650649946e-06,1.6556491896969058e-05,7.914004841569617e-06,5.237566197734399e-05,2.942868645677779e-05,1.8380757843036755e-05,1.2301239179110524e-05,9.283657476793971e-06,8.187119014028375e-06,3.823778621279708e-06,-1.0,-1.0,-1.0,8.377927518234846e-06,-1.0,-1.0,-1.0,-1.0,-1.0,-1.0,-1.0,-1.0,-1.0,1.013560116109983e-05,4.284356984419128e-06,6.23154514261503e-06,2.6775281401295556e-06,3.2309293990419526e-06,9.381533508576177e-07,1.5679887225847344e-06,5.549231994999268e-07,2.4419716344395312e-06,3.1444151823058036e-06,1.068908824115594e-05,4.333727619963377e-06,6.2563410308275475e-06,1.6260325126769915e-05,3.0815588461934075e-06,9.366338256222548e-06,4.036098628411984e-06,6.3868408462068325e-06,1.6973715664607218e-05,1.4343280943591453e-05,2.981312234223477e-06,1.2780271539217814e-05,8.451757558907563e-06,-1.0,-1.0,-1.0,-1.0
-0.03999999999999998,9.268716399660596e-07,1.5902971219798279e-06,5.474549251453971e-07,-1.0,-1.0,-1.0,-1.0,-1.0,-1.0,-1.0,-1.0,-1.0,1.5393714773353113e-06,-1.0,-1.0,5.211779803935115e-07,-1.0,-1.0,-1.0,3.815734189809885e-06,1.6086828909173635e-06,5.495256086116357e-07,6.759716030620643e-06,9.212293646678553e-06,4.044447764122498e-06,5.818039697308568e-05,3.553389719545201e-05,3.856054182569673e-06,5.666034915879492e-06,1.1475838613794341e-05,9.335397249141247e-07,3.261087103648248e-06,1.629341566096179e-06,5.451864216634248e-07,-1.0,-1.0,-1.0,5.059834959776856e-06,1.5829957141772697e-05,7.693080699070397e-06,4.860774190797231e-05,2.7619055494764323e-05,1.75365063868313e-05,1.1839147489671734e-05,8.99214315152511e-06,7.949591269965417e-06,3.7622415050047737e-06,-1.0,-1.0,-1.0,8.121683340808293e-06,-1.0,-1.0,-1.0,-1.0,-1.0,-1.0,-1.0,-1.0,-1.0,9.796536642056582e-06,4.2093545785842826e-06,6.084371708953612e-06,2.646425196828742e-06,3.1866097497354717e-06,9.336542048478386e-07,1.5565614765805088e-06,5.53123215019451e-07,2.4158920389960813e-06,3.1022902606425073e-06,1.031856512657003e-05,4.257121402222496e-06,6.108302664752414e-06,1.555301626533624e-05,3.040846733280476e-06,9.068109776341839e-06,3.9688613730374e-06,6.232841918958144e-06,1.622356718854112e-05,1.3752440456654336e-05,2.9430622775677362e-06,1.2287675206626055e-05,8.20218595907998e-06,-1.0,-1.0,-1.0,-1.0
-0.02999999999999997,9.224567563943551e-07,1.5784588559069952e-06,5.456925573039635e-07,-1.0,-1.0,-1.0,-1.0,-1.0,-1.0,-1.0,-1.0,-1.0,1.5281418089664011e-06,-1.0,-1.0,5.195539642266593e-07,-1.0,-1.0,-1.0,3.7542793927617088e-06,1.596538912925787e-06,5.477504134988559e-07,6.56945037848037e-06,8.908021902045598e-06,3.9738398445554724e-06,5.401419334042433e-05,3.289502893961298e-05,3.7934836744875327e-06,5.538884536958433e-06,1.1050200084892345e-05,9.290620458667315e-07,3.2146442617648018e-06,1.6166892226663456e-06,5.434135730199641e-07,-1.0,-1.0,-1.0,4.954560167340026e-06,1.5135386219166506e-05,7.478376447719898e-06,4.511243330358621e-05,2.592215221529589e-05,1.6731089286032072e-05,1.1394446227155446e-05,8.709782685420314e-06,7.719075717933324e-06,3.701711464174607e-06,-1.0,-1.0,-1.0,7.873622840559253e-06,-1.0,-1.0,-1.0,-1.0,-1.0,-1.0,-1.0,-1.0,-1.0,9.468935896363559e-06,4.1356738632667584e-06,5.940704314866651e-06,2.6156843053754553e-06,3.1429001625228213e-06,9.291767628516531e-07,1.545217877405088e-06,5.513290881696097e-07,2.3900915583750538e-06,3.0607314287682206e-06,9.96100346442678e-06,4.181878188518494e-06,5.96378915932708e-06,1.4876534618840166e-05,3.0006762920113552e-06,8.779519633649933e-06,3.902752377810789e-06,6.08260245725527e-06,1.5506614538340124e-05,1.3185950436225348e-05,2.9053063555343256e-06,1.1814124199426225e-05,7.960066700922461e-06,-1.0,-1.0,-1.0,-1.0
-0.020000000000000018,9.180630057678552e-07,1.5667094260580197e-06,5.439358804197096e-07,-1.0,-1.0,-1.0,-1.0,-1.0,-1.0,-1.0,-1.0,-1.0,1.5169952719238658e-06,-1.0,-1.0,5.179350331747007e-07,-1.0,-1.0,-1.0,3.693822008120858e-06,1.58448757336992e-06,5.459809744232213e-07,6.385026118620333e-06,8.614189829986819e-06,3.904506365818321e-06,5.0146817091508295e-05,3.0455247349990617e-05,3.7319347454900864e-06,5.414619603217591e-06,1.0640450536875017e-05,9.24605974496805e-07,3.1688764426064347e-06,1.6041376491424056e-06,5.416465637316541e-07,-1.0,-1.0,-1.0,4.851532056026553e-06,1.4471369239949443e-05,7.269715550732839e-06,4.1869898454756924e-05,2.4330857756324125e-05,1.5962717607632494e-05,1.0966479724834448e-05,8.436288635248205e-06,7.4953618891523384e-06,3.642171767075219e-06,-1.0,-1.0,-1.0,7.633475064574636e-06,-1.0,-1.0,-1.0,-1.0,-1.0,-1.0,-1.0,-1.0,-1.0,9.152407321833829e-06,4.063291397078071e-06,5.800458725514026e-06,2.5853012428529813e-06,3.0997922109715424e-06,9.247209195563631e-07,1.5339573100428552e-06,5.495407998259232e-07,2.364567199286443e-06,3.0197310557830207e-06,9.615945820840371e-06,4.107973574395191e-06,5.822716065036961e-06,1.4229533958250435e-05,2.9610402674089494e-06,8.500251970850758e-06,3.8377525754944465e-06,5.9360295621793e-06,1.4821386787463465e-05,1.2642806825621626e-05,2.8680380469197953e-06,1.1358879927963105e-05,7.725174938977853e-06,-1.0,-1.0,-1.0,-1.0
-0.010000000000000009,9.136902864309569e-07,1.5550481602648167e-06,5.421848760587501e-07,-1.0,-1.0,-1.0,-1.0,-1.0,-1.0,-1.0,-1.0,-1.0,1.5059312418772807e-06,-1.0,-1.0,5.163211712383572e-07,-1.0,-1.0,-1.0,3.6343457264440453e-06,1.5725281578615479e-06,5.442172726513575e-07,6.206251499608893e-06,8.330427118406754e-06,3.836423636248746e-06,4.655679817242318e-05,2.8199324559136713e-05,3.6713906174345252e-06,5.293173943848309e-06,1.024599326975628e-05,9.201714059051783e-07,3.123773641007307e-06,1.5916860231378783e-06,5.398853743238749e-07,-1.0,-1.0,-1.0,4.750701530642963e-06,1.3836558665622104e-05,7.066926520584395e-06,3.8861751882582385e-05,2.2838509318150562e-05,1.5229684946923245e-05,1.0554617080717964e-05,8.171382583946889e-06,7.278245731127166e-06,3.5836059637326606e-06,-1.0,-1.0,-1.0,7.400978303224283e-06,-1.0,-1.0,-1.0,-1.0,-1.0,-1.0,-1.0,-1.0,-1.0,8.84657282616202e-06,3.992184156990792e-06,5.663552746646458e-06,2.5552718356958404e-06,3.057277585433202e-06,9.202865701632123e-07,1.522779164020343e-06,5.477583309265539e-07,2.3393160006036095e-06,2.9792816139687902e-06,9.28295104300774e-06,4.0353835950139865e-06,5.685000967991498e-06,1.3610726962756358e-05,2.921931502277311e-06,8.230001415057906e-06,3.773843223305188e-06,5.793032657652006e-06,1.416647827350419e-05,1.2122046989265865e-05,2.8312510144742883e-06,1.0921232530621176e-05,7.4972926766499185e-06,-1.0,-1.0,-1.0,-1.0
0.0,9.093384972194321e-07,1.543474391488153e-06,5.404395258470944e-07,-1.0,-1.0,-1.0,-1.0,-1.0,-1.0,-1.0,-1.0,-1.0,1.4949490992508183e-06,-1.0,-1.0,5.147123624689269e-07,-1.0,-1.0,-1.0,3.57583450690687e-06,1.5606599575832549e-06,5.424592895110849e-07,6.032941386578284e-06,8.05637696858944e-06,3.7695684159810575e-06,4.322421176480741e-05,2.6113211316420964e-05,3.6118347893013034e-06,5.17448292041992e-06,9.866254117465121e-06,9.1575823570496e-07,3.0793260028883842e-06,1.5793335291343966e-06,5.381299853877376e-07,-1.0,-1.0,-1.0,4.652020592535412e-06,1.3229666543791044e-05,6.869842773533061e-06,3.607095335855089e-05,2.143887050650326e-05,1.4530363614736394e-05,1.015825122053414e-05,7.914794857185741e-06,7.067529409192694e-06,3.5259978811124013e-06,-1.0,-1.0,-1.0,7.175879766898162e-06,-1.0,-1.0,-1.0,-1.0,-1.0,-1.0,-1.0,-1.0,-1.0,8.55106735645664e-06,3.922329530826934e-06,5.529906174776418e-06,2.5255919591119584e-06,3.015348091419475e-06,9.158736103848634e-07,1.5116828333725426e-06,5.459816624721001e-07,2.3143350330170283e-06,2.939375677389779e-06,8.961593675037015e-06,3.9640847171885904e-06,5.550563440562926e-06,1.3018882636814726e-05,2.883342935875986e-06,7.96847272568504e-06,3.7110058973566024e-06,5.653523431692394e-06,1.3540545698585988e-05,1.1622748003079488e-05,2.7949390037978117e-06,1.050049975318482e-05,7.27620855574946e-06,-1.0,-1.0,-1.0,-1.0
0.010000000000000009,9.05007537458039e-07,1.5319874577781737e-06,5.38699811470452e-07,-1.0,-1.0,-1.0,-1.0,-1.0,-1.0,-1.0,-1.0,-1.0,1.4840482291865506e-06,-1.0,-1.0,5.131085909681266e-07,-1.0,-1.0,-1.0,3.5182725728488794e-06,1.5488822692444919e-06,5.407070063912173e-07,5.864917024292337e-06,7.79169559018957e-06,3.70391790814172e-06,4.0130566876890546e-05,2.4183944841087133e-05,3.553251032592172e-06,5.058483391070528e-06,9.500680592454902e-06,9.113663600190195e-07,3.0355238229354587e-06,1.5670793584231015e-06,5.3638037757986e-07,-1.0,-1.0,-1.0,4.555442314603694e-06,1.2649461866474498e-05,6.678302488364186e-06,3.348170885748125e-05,2.0126103634074185e-05,1.3863201001089361e-05,9.776797996227351e-06,7.666264248827708e-06,6.86302111427999e-06,3.469331618401348e-06,-1.0,-1.0,-1.0,6.957935274286449e-06,-1.0,-1.0,-1.0,-1.0,-1.0,-1.0,-1.0,-1.0,-1.0,8.265538445301127e-06,3.8537053098819965e-06,5.399440748575087e-06,2.4962575365116187e-06,2.973995648000865e-06,9.114819364428888e-07,1.5006677166094547e-06,5.442107755253913e-07,2.289621398691783e-06,2.9000059205121945e-06,8.651463394896468e-06,3.894053831564898e-06,5.4193249932289245e-06,1.2452823840684893e-05,2.8452676026124308e-06,7.715380454287513e-06,3.6492224871971127e-06,5.517415779175024e-06,1.294230535875907e-05,1.1144025015471845e-05,2.7590958422510965e-06,1.0096025872036568e-05,7.06171765255938e-06,-1.0,-1.0,-1.0,-1.0
0.020000000000000018,9.006973069581485e-07,1.5205867022352417e-06,5.36965714674037e-07,-1.0,-1.0,-1.0,-1.0,-1.0,-1.0,-1.0,-1.0,-1.0,1.473228021508045e-06,-1.0,-1.0,5.115098408879297e-07,-1.0,-1.0,-1.0,3.4616444073930066e-06,1.5371943950379883e-06,5.38960404741363e-07,5.702005808939285e-06,7.536051715475666e-06,3.6394497502196523e-06,3.7258702981336575e-05,2.239956394125309e-05,3.4956233868050336e-06,4.945113675541593e-06,9.148741062939725e-06,9.069956754774813e-07,2.99235754231344e-06,1.5549227090465426e-06,5.346365316221426e-07,-1.0,-1.0,-1.0,4.460920816895042e-06,1.2094768045831491e-05,6.492148469230858e-06,3.107937885114911e-05,1.8894743849140682e-05,1.322671610705586e-05,9.409695318622011e-06,7.42553775501271e-06,6.664534876705268e-06,3.413591542371086e-06,-1.0,-1.0,-1.0,6.746908951783126e-06,-1.0,-1.0,-1.0,-1.0,-1.0,-1.0,-1.0,-1.0,-1.0,7.989645772758094e-06,3.786289681682174e-06,5.2720801014650664e-06,2.4672645389431055e-06,2.9332122862277757e-06,9.071114450652733e-07,1.489733216682897e-06,5.424456512112825e-07,2.265172230928743e-06,2.861165116842572e-06,8.352164471715046e-06,3.825268244943281e-06,5.2912090275896595e-06,1.1911424929455302e-05,2.8076986307522522e-06,7.470448615945851e-06,3.58847519044218e-06,5.384625746051343e-06,1.2370530496648468e-05,1.0685029676008938e-05,2.7237154378808468e-06,9.7071806594739e-06,6.853621280215334e-06,-1.0,-1.0,-1.0,-1.0
0.030000000000000027,8.964077060153802e-07,1.50927147297108e-06,5.352372172623748e-07,-1.0,-1.0,-1.0,-1.0,-1.0,-1.0,-1.0,-1.0,-1.0,1.4624878706842413e-06,-1.0,-1.0,5.099160964304076e-07,-1.0,-1.0,-1.0,3.4059347491381308e-06,1.5255956425965167e-06,5.372194660717252e-07,5.544041068321276e-06,7.289126132078929e-06,3.576142005607721e-06,3.4592694117631316e-05,2.0749030821786117e-05,3.438936154984316e-06,4.834313521036304e-06,8.809923961507791e-06,9.026460792152355e-07,2.9498177464163517e-06,1.5428627857410855e-06,5.328984283015458e-07,-1.0,-1.0,-1.0,4.368411242764056e-06,1.1564460502081305e-05,6.3112280124725065e-06,2.885039339477062e-05,1.773967496884758e-05,1.2619496237070138e-05,9.056402322955813e-06,7.192370316591335e-06,6.471890385790789e-06,3.358762282820925e-06,-1.0,-1.0,-1.0,6.54257294360905e-06,-1.0,-1.0,-1.0,-1.0,-1.0,-1.0,-1.0,-1.0,-1.0,7.723060743752214e-06,3.720061222872348e-06,5.147749715379143e-06,2.4386089845349727e-06,2.892990147573597e-06,9.027620334839282e-07,1.4788787409535536e-06,5.406862707164522e-07,2.240984693829403e-06,2.822846137584668e-06,8.063315242693515e-06,3.757705672740783e-06,5.1661407905304e-06,1.1393609495785184e-05,2.770629241147027e-06,7.233410371795559e-06,3.5287465074990227e-06,5.25507147499622e-06,1.1824048771864266e-05,1.0244948628965598e-05,2.6887917783591924e-06,9.333358389492542e-06,6.6517267972048955e-06,-1.0,-1.0,-1.0,-1.0
0.040000000000000036,8.921386354072511e-07,1.4980411230702115e-06,5.335143010991085e-07,-1.0,-1.0,-1.0,-1.0,-1.0,-1.0,-1.0,-1.0,-1.0,1.4518271757936123e-06,-1.0,-1.0,5.0832734184757e-07,-1.0,-1.0,-1.0,3.351128587923533e-06,1.5140853249499986e-06,5.354841719529025e-07,5.390861850124825e-06,7.050611233530871e-06,3.5139731553120205e-06,3.2117759918962715e-05,1.9222159050095133e-05,3.383173899345606e-06,4.7260240688821295e-06,8.483737023909839e-06,8.983174688694571e-07,2.9078951626524616e-06,1.5308987998798233e-06,5.311660484698676e-07,-1.0,-1.0,-1.0,4.277869735585391e-06,1.1057464358613933e-05,6.135392777295132e-06,2.678217349969809e-05,1.6656106903060044e-05,1.2040193844232383e-05,8.716398566034612e-06,6.9665245696466645e-06,6.28491281513281e-06,3.3048287280993673e-06,-1.0,-1.0,-1.0,6.344707132265426e-06,-1.0,-1.0,-1.0,-1.0,-1.0,-1.0,-1.0,-1.0,-1.0,7.465466080287268e-06,3.654998892232473e-06,5.0263768756562345e-06,2.410286937944852e-06,2.853321482399517e-06,8.984335994322194e-07,1.468103701158275e-06,5.389326152891976e-07,2.2170559819643277e-06,2.7850419503146223e-06,7.78454760891241e-06,3.6913442315905613e-06,5.044047329501625e-06,1.0898348211795833e-05,2.734052745979464e-06,7.004007722321602e-06,3.4700192363822487e-06,5.128673152442929e-06,1.1301739843928355e-05,9.823002069080674e-06,2.654318929937153e-06,8.973976882449275e-06,6.455847421794433e-06,-1.0,-1.0,-1.0,-1.0
0.050000000000000044,8.878899963908345e-07,1.4868950105517035e-06,5.31796948106807e-07,-1.0,-1.0,-1.0,-1.0,-1.0,-1.0,-1.0,-1.0,-1.0,1.441245340488601e-06,-1.0,-1.0,5.06743561441207e-07,-1.0,-1.0,-1.0,3.2972111606640457e-06,1.5026627604829554e-06,5.337545040156918e-07,5.242312717968494e-06,6.820210586900932e-06,3.4529220898255293e-06,2.982018306268761e-05,1.7809547191288417e-05,3.328321436973296e-06,4.620187821978532e-06,8.16970655686685e-06,8.940097425771395e-07,2.866580658263987e-06,1.5190299694159804e-06,5.294393730435234e-07,-1.0,-1.0,-1.0,4.189253416006195e-06,1.0572752239515737e-05,5.964498660200413e-06,2.486305832374633e-05,1.5639554562454352e-05,1.1487523521527943e-05,8.389183253808648e-06,6.747770603850224e-06,6.103432653337613e-06,3.251776020702627e-06,-1.0,-1.0,-1.0,6.153098868942895e-06,-1.0,-1.0,-1.0,-1.0,-1.0,-1.0,-1.0,-1.0,-1.0,7.216555427972339e-06,3.591082023820016e-06,4.907890627046368e-06,2.382294509814724e-06,2.8141986484407378e-06,8.941260411425067e-07,1.4574075133776158e-06,5.371846662392332e-07,2.193383320045183e-06,2.7477456176741423e-06,7.515506549349365e-06,3.6261624320761336e-06,4.924857448889216e-06,1.0424656765747346e-05,2.6979625475256636e-06,6.781991211049005e-06,3.412276467618812e-06,5.0053529569706926e-06,1.0802533062706153e-05,9.418442356945592e-06,2.6202910364119297e-06,8.628476587079649e-06,6.2658020521988186e-06,-1.0,-1.0,-1.0,-1.0
0.06000000000000005,8.836616907004324e-07,1.4758324983312048e-06,5.300851402667714e-07,-1.0,-1.0,-1.0,-1.0,-1.0,-1.0,-1.0,-1.0,-1.0,1.4307417729603423e-06,-1.0,-1.0,5.051647395627304e-07,-1.0,-1.0,-1.0,3.2441679472546906e-06,1.4913272728922963e-06,5.320304439508914e-07,5.098243554935755e-06,6.597638516872393e-06,3.39296810116284e-06,2.768723267977949e-05,1.6502517663147756e-05,3.2743638355900204e-06,4.516748613011133e-06,7.867376733785875e-06,8.897227989726406e-07,2.8258652381808316e-06,1.507255518826811e-06,5.277183830033241e-07,-1.0,-1.0,-1.0,4.102520359725546e-06,1.0109342164947557e-05,5.7984056730543244e-06,2.3082237745750333e-05,1.4685818151735283e-05,1.0960259132201803e-05,8.074274498215449e-06,6.535885728406044e-06,5.927285540052416e-06,3.1995895529488747e-06,-1.0,-1.0,-1.0,5.9675427135253115e-06,-1.0,-1.0,-1.0,-1.0,-1.0,-1.0,-1.0,-1.0,-1.0,6.9760329763508326e-06,3.5282903202361835e-06,4.792221730797191e-06,2.3546278562325848e-06,2.7756141093138143e-06,8.898392573436941e-07,1.4467895980036202e-06,5.354424049374885e-07,2.169963962600293e-06,2.710950296081454e-06,7.2558496524432136e-06,3.562139171597922e-06,4.808501667448022e-06,9.9715938893291e-06,2.6623521369342504e-06,6.567119638273729e-06,3.355501579240764e-06,4.88503500900994e-06,1.0325405261555298e-05,9.030552691562757e-06,2.5867023181078356e-06,8.296319698405956e-06,6.0814150923149455e-06,-1.0,-1.0,-1.0,-1.0
0.07000000000000006,8.794536205452565e-07,1.4648529541832803e-06,5.283788596188454e-07,-1.0,-1.0,-1.0,-1.0,-1.0,-1.0,-1.0,-1.0,-1.0,1.4203158859036523e-06,-1.0,-1.0,5.035908606130162e-07,-1.0,-1.0,-1.0,3.191984666543666e-06,1.4800781911454449e-06,5.303119735091022e-07,4.958509374312088e-06,6.382619705620828e-06,3.334090875052727e-06,2.5707093292318203e-05,1.5293060397242177e-05,3.221286409396674e-06,4.415651573414208e-06,7.576308917315332e-06,8.854565371852395e-07,2.78574004290781e-06,1.4955746790579863e-06,5.260030593942568e-07,-1.0,-1.0,-1.0,4.017629575788515e-06,9.666295540016581e-06,5.6369778246890406e-06,2.1429689923475837e-05,1.3790964755592104e-05,1.0457231072843282e-05,7.771208602178636e-06,6.3306542453445655e-06,5.756312107123442e-06,3.1482549627268876e-06,-1.0,-1.0,-1.0,5.787840183840508e-06,-1.0,-1.0,-1.0,-1.0,-1.0,-1.0,-1.0,-1.0,-1.0,6.74361309254412e-06,3.4666038460136666e-06,4.679302622795252e-06,2.3272831782004142e-06,2.737560433044805e-06,8.855731472587955e-07,1.4362493797078434e-06,5.337058128159067e-07,2.146795193653703e-06,2.6746492344597943e-06,7.005246664566886e-06,3.4992537273696868e-06,4.694912176772734e-06,9.538259471576348e-06,2.627215093022135e-06,6.3591597844903404e-06,3.2996782318642614e-06,4.767645321831258e-06,9.869378648616867e-06,8.658645837712216e-06,2.553547070870693e-06,7.976989310128334e-06,5.902516282845636e-06,-1.0,-1.0,-1.0,-1.0
0.07999999999999996,8.752656886071234e-07,1.4539557507040368e-06,5.266780882612231e-07,-1.0,-1.0,-1.0,-1.0,-1.0,-1.0,-1.0,-1.0,-1.0,1.4099670964822975e-06,-1.0,-1.0,5.02021909042248e-07,-1.0,-1.0,-1.0,3.1406472723725124e-06,1.4689148494387959e-06,5.28599074500534e-07,4.8229701372561544e-06,6.174888807884336e-06,3.2762704832853748e-06,2.3868798879304278e-05,1.4173780925498944e-05,3.1690747149818364e-06,4.316843103063708e-06,7.296081007712365e-06,8.812108568367054e-07,2.746196346444832e-06,1.4839866874684628e-06,5.242933833252665e-07,-1.0,-1.0,-1.0,3.934540985382698e-06,9.242715232977847e-06,5.4800830059350925e-06,1.9896123464065798e-05,1.2951311131264953e-05,9.977323663034731e-06,7.47953937169405e-06,6.1318672299355624e-06,5.590357824718876e-06,3.0977581293178083e-06,-1.0,-1.0,-1.0,5.61379951382319e-06,-1.0,-1.0,-1.0,-1.0,-1.0,-1.0,-1.0,-1.0,-1.0,6.519019967738913e-06,3.406003021123715e-06,4.569067372735934e-06,2.3002567211083997e-06,2.700030290617952e-06,8.813276106025081e-07,1.425786287409613e-06,5.319748713672451e-07,2.1238743264076998e-06,2.6388357729831907e-06,6.763379054794231e-06,3.437485749542478e-06,4.584022800780635e-06,9.123792755601028e-06,2.59254508108669e-06,6.157886143184768e-06,3.244790363853346e-06,4.653111753784925e-06,9.433518791878603e-06,8.302062905862512e-06,2.520819665075509e-06,7.66998860014731e-06,5.728940537645947e-06,-1.0,-1.0,-1.0,-1.0
0.08999999999999997,8.710977980381582e-07,1.4431402652740364e-06,5.249828083502593e-07,-1.0,-1.0,-1.0,-1.0,-1.0,-1.0,-1.0,-1.0,-1.0,1.3996948262945322e-06,-1.0,-1.0,5.004578693497596e-07,-1.0,-1.0,-1.0,3.090141949682331e-06,1.4578365871565076e-06,5.268917287948092e-07,4.69149057714517e-06,5.974190080638655e-06,3.219487376211141e-06,2.2162171700035804e-05,1.3137852541898061e-05,3.1177145472994293e-06,4.22027084068353e-06,7.026286816034324e-06,8.769856580388811e-07,2.7072255542395276e-06,1.472490787775833e-06,5.225893359690364e-07,-1.0,-1.0,-1.0,3.853215401125404e-06,8.837743738787135e-06,5.32759287798371e-06,1.8472923863996388e-05,1.2163407627422602e-05,9.519472655703154e-06,7.198837453975324e-06,5.939322317996543e-06,5.4292728522595724e-06,3.0480851692887522e-06,-1.0,-1.0,-1.0,5.445235420267397e-06,-1.0,-1.0,-1.0,-1.0,-1.0,-1.0,-1.0,-1.0,-1.0,6.301987276064321e-06,3.3464686146003633e-06,4.461451644296562e-06,2.27354477421531e-06,2.663016454544598e-06,8.771025475788016e-07,1.4153997542445257e-06,5.30249562144874e-07,2.101198702928757e-06,2.603503341839297e-06,6.529939595368477e-06,3.3768152544537476e-06,4.475768956181443e-06,8.727370614493084e-06,2.5583358517341085e-06,5.963080662671919e-06,3.190822186567015e-06,4.541363961758796e-06,9.016932693834646e-06,7.960172182455224e-06,2.48851454464726e-06,7.3748400479190775e-06,5.560527785129148e-06,-1.0,-1.0,-1.0,-1.0
0.09999999999999998,8.66949852458512e-07,1.4324058800215023e-06,5.232930021002807e-07,-1.0,-1.0,-1.0,-1.0,-1.0,-1.0,-1.0,-1.0,-1.0,1.3894985013389053e-06,-1.0,-1.0,4.988987260838793e-07,-1.0,-1.0,-1.0,3.0404551106849625e-06,1.4468427488296217e-06,5.251899183207674e-07,4.563940030344545e-06,5.780277026813403e-06,3.163722375387833e-06,2.0577765531140648e-05,1.2178972216872791e-05,3.067191935713473e-06,4.1258836349480555e-06,6.766535461204366e-06,8.727808413912745e-07,2.668819201171786e-06,1.4610862300021503e-06,5.208908985617716e-07,-1.0,-1.0,-1.0,3.773614506829977e-06,8.45056142420477e-06,5.179382763982241e-06,1.7152103901208425e-05,1.1424023154481012e-05,9.082662862585536e-06,6.9286897006700045e-06,5.7528234998801104e-06,5.272911894005444e-06,2.999222432457009e-06,-1.0,-1.0,-1.0,5.281968877857821e-06,-1.0,-1.0,-1.0,-1.0,-1.0,-1.0,-1.0,-1.0,-1.0,6.092257845420747e-06,3.2879817382796997e-06,4.356392656287888e-06,2.2471436701349775e-06,2.6265117974520645e-06,8.728978588785167e-07,1.4050892175331806e-06,5.285298667625787e-07,2.078765693836864e-06,2.5686454600090527e-06,6.304631957301825e-06,3.3172226179993625e-06,4.370087613910066e-06,8.348205902909254e-06,2.5245812397237233e-06,5.774532496669003e-06,3.1377581796881595e-06,4.432333355823144e-06,8.618766951752362e-06,7.63236800848249e-06,2.456626226094612e-06,7.091084682395984e-06,5.397122814574832e-06,-1.0,-1.0,-1.0,-1.0
0.10999999999999999,8.628217559540885e-07,1.4217519817858063e-06,5.216086517833955e-07,-1.0,-1.0,-1.0,-1.0,-1.0,-1.0,-1.0,-1.0,-1.0,1.3793775519803336e-06,-1.0,-1.0,4.973444638417751e-07,-1.0,-1.0,-1.0,2.991573391098024e-06,1.4359326840955037e-06,5.23493625066272e-07,4.440192273161349e-06,5.592912052507608e-06,3.108956666373476e-06,1.9106812998261408e-05,1.1291319967677304e-05,3.0174931401088094e-06,4.03363151626452e-06,6.516450790037671e-06,8.68596307978664e-07,2.6309689495697277e-06,1.4497722704202207e-06,5.191980524029817e-07,-1.0,-1.0,-1.0,3.6957008377399324e-06,8.080384850819409e-06,5.03533154376841e-06,1.5926257685833026e-05,1.0730131136547353e-05,8.665925889477642e-06,6.668698555194978e-06,5.572180920930519e-06,5.121134059150295e-06,2.951156497923625e-06,-1.0,-1.0,-1.0,5.12382690218069e-06,-1.0,-1.0,-1.0,-1.0,-1.0,-1.0,-1.0,-1.0,-1.0,5.889583339838263e-06,3.230523840652071e-06,4.253829144759695e-06,2.2210497843287904e-06,2.5905092906922034e-06,8.687134456769775e-07,1.394854118750144e-06,5.268157668943605e-07,2.05657269799821e-06,2.5342557340629445e-06,6.087170320556338e-06,3.2586885691262496e-06,4.266917261498669e-06,7.985545881019671e-06,2.491275162828069e-06,5.592037763305998e-06,3.0855830866329267e-06,4.325953055031849e-06,8.238205999734692e-06,7.318069704362638e-06,2.4251492975563934e-06,6.818281359353604e-06,5.238575127186391e-06,-1.0,-1.0,-1.0,-1.0
0.12,8.587134130742831e-07,1.4111779620812398e-06,5.199297397293065e-07,-1.0,-1.0,-1.0,-1.0,-1.0,-1.0,-1.0,-1.0,-1.0,1.3693314129164424e-06,-1.0,-1.0,4.957950672692981e-07,-1.0,-1.0,-1.0,2.943483646442723e-06,1.4251057476576153e-06,5.218028310780167e-07,4.320125364750369e-06,5.411866137184064e-06,3.055171791661686e-06,1.7741176706489656e-05,1.0469521411605565e-05,2.9686046470666906e-06,3.943465669219032e-06,6.275670819349951e-06,8.644319593687172e-07,2.5936665872565784e-06,1.43854817150037e-06,5.175107788552651e-07,-1.0,-1.0,-1.0,3.619437761219953e-06,7.726465172523017e-06,4.895321551651891e-06,1.4788518097892772e-05,1.0078896379883326e-05,8.268337976183433e-06,6.418481463276064e-06,5.397210688206291e-06,4.97380272628261e-06,2.9038741701751393e-06,-1.0,-1.0,-1.0,4.970642340425931e-06,-1.0,-1.0,-1.0,-1.0,-1.0,-1.0,-1.0,-1.0,-1.0,5.6937239529572725e-06,3.174076700825185e-06,4.153701326036969e-06,2.1952595346041458e-06,2.5550020029693517e-06,8.645492096316132e-07,1.3846939034931443e-06,5.251072442742384e-07,2.0346171422211744e-06,2.5003278569736223e-06,5.87727899827659e-06,3.201194183443466e-06,4.166197866365049e-06,7.638670707629635e-06,2.4584116207084764e-06,5.415399312285072e-06,3.0342819100391343e-06,4.222157844350157e-06,7.874470428936504e-06,7.0167205392016685e-06,2.3940784178606694e-06,6.556006066952968e-06,5.084738791750085e-06,-1.0,-1.0,-1.0,-1.0
0.13,8.546247288297312e-07,1.4006832170610687e-06,5.182562483251227e-07,-1.0,-1.0,-1.0,-1.0,-1.0,-1.0,-1.0,-1.0,-1.0,1.3593595231441676e-06,-1.0,-1.0,4.942505210608291e-07,-1.0,-1.0,-1.0,2.8961729484034143e-06,1.4143612992456015e-06,5.201175184613326e-07,4.203621495750302e-06,5.2369185163422975e-06,3.00234964375675e-06,1.6473303895068618e-05,9.70861325067642e-06,2.920513166104138e-06,3.855338405670563e-06,6.0438471993035845e-06,8.602876976096186e-07,2.556904025627993e-06,1.4274132018576636e-06,5.158290593440935e-07,-1.0,-1.0,-1.0,3.544789457892973e-06,7.388086604123059e-06,4.759238477154418e-06,1.3732517360666632e-05,9.46766279716758e-06,7.889017936317779e-06,6.17767030581147e-06,5.227734683272135e-06,4.830785412074307e-06,2.8573624752523234e-06,-1.0,-1.0,-1.0,4.822253669502864e-06,-1.0,-1.0,-1.0,-1.0,-1.0,-1.0,-1.0,-1.0,-1.0,5.504448112238683e-06,3.118622422596104e-06,4.0559508606635654e-06,2.169769380618778e-06,2.5199830989874146e-06,8.604050528795938e-07,1.3746080214525002e-06,5.234042806960529e-07,2.012896480955601e-06,2.466855606944672e-06,5.674692074563802e-06,3.1447208769495384e-06,4.067870839994883e-06,7.306891999434007e-06,2.4259846938059777e-06,5.244426499910639e-06,2.983839907332357e-06,4.120884132679987e-06,7.526815382455682e-06,6.727786742607191e-06,2.3634083155962323e-06,6.303851258431689e-06,4.935472304752393e-06,-1.0,-1.0,-1.0,-1.0
0.14,8.505556086900701e-07,1.3902671474818624e-06,5.165881600151722e-07,-1.0,-1.0,-1.0,-1.0,-1.0,-1.0,-1.0,-1.0,-1.0,1.3494613259266148e-06,-1.0,-1.0,4.92710809959124e-07,-1.0,-1.0,-1.0,2.8496285812478537e-06,1.4036987035756951e-06,5.184376693799952e-07,4.0905668424361255e-06,5.067856376189587e-06,2.950472458385624e-06,1.5296184361752465e-05,9.004011456392095e-06,2.873205625976024e-06,3.769203138477504e-06,5.820644697179204e-06,8.561634252277099e-07,2.520673297759314e-06,1.4163666361995931e-06,5.141528753575978e-07,-1.0,-1.0,-1.0,3.4717209032129067e-06,7.0645649579258315e-06,4.6269712686222e-06,1.2752350517184157e-05,8.893941930923082e-06,7.527125192339901e-06,5.945910853212189e-06,5.063580380869556e-06,4.691953644063952e-06,2.8116086569847317e-06,-1.0,-1.0,-1.0,4.678504801301926e-06,-1.0,-1.0,-1.0,-1.0,-1.0,-1.0,-1.0,-1.0,-1.0,5.321532193524819e-06,3.0641434286301425e-06,3.960520818230967e-06,2.1445758233909047e-06,2.48544583811582e-06,8.562808780354765e-07,1.3645959263807708e-06,5.217068580132689e-07,1.991408195995313e-06,2.4338328462553095e-06,5.479153055299863e-06,3.089250399873934e-06,3.971879002995964e-06,6.989551453495927e-06,2.393988542247318e-06,5.078934971721351e-06,2.9342425863683347e-06,4.02206991195454e-06,7.19452902157483e-06,6.450756557297302e-06,2.333133788196361e-06,6.0614252108612655e-06,4.790638454816929e-06,-1.0,-1.0,-1.0,-1.0
0.15000000000000002,8.465059585817096e-07,1.379929158668105e-06,5.149254573008161e-07,-1.0,-1.0,-1.0,-1.0,-1.0,-1.0,-1.0,-1.0,-1.0,1.3396362687601834e-06,-1.0,-1.0,4.911759187551601e-07,-1.0,-1.0,-1.0,2.8038380383071272e-06,1.393117330311441e-06,5.167632660560341e-07,3.980851426181774e-06,4.904474559848187e-06,2.899522807844094e-06,1.4203311420638452e-05,8.351481941570245e-06,2.8266691710387908e-06,3.6850143558418376e-06,5.605740700791735e-06,8.52059045225144e-07,2.4849665565423177e-06,1.405407755274214e-06,5.124822084463532e-07,-1.0,-1.0,-1.0,3.4001978494627377e-06,6.755246245266127e-06,4.498412039626993e-06,1.1842541594679046e-05,8.355402223282096e-06,7.181857901409331e-06,5.722862240404685e-06,4.90458067328159e-06,4.5571828374051076e-06,2.7666001732899457e-06,-1.0,-1.0,-1.0,4.539244894844683e-06,-1.0,-1.0,-1.0,-1.0,-1.0,-1.0,-1.0,-1.0,-1.0,5.14476024558578e-06,3.0106224547447393e-06,3.867355643070225e-06,2.1196754048151108e-06,2.45138357307406e-06,8.521765881888641e-07,1.3546570760626375e-06,5.200149581387796e-07,1.970149796183833e-06,2.4012535201207794e-06,5.290414531547655e-06,3.034764830630578e-06,3.878166551003061e-06,6.686019530169559e-06,2.3624174047658673e-06,4.918746452464594e-06,2.8854757011503987e-06,3.925654717274656e-06,6.876931060177585e-06,6.185139330819451e-06,2.303249701034668e-06,5.828351408949462e-06,4.6501041913265035e-06,-1.0,-1.0,-1.0,-1.0
0.16000000000000003,8.424756848856145e-07,1.369668660477075e-06,5.132681227402623e-07,-1.0,-1.0,-1.0,-1.0,-1.0,-1.0,-1.0,-1.0,-1.0,1.3298838033419446e-06,-1.0,-1.0,4.896458322879838e-07,-1.0,-1.0,-1.0,2.7587890185142603e-06,1.3826165540247296e-06,5.150942907695416e-07,3.874368978035152e-06,4.746575284655025e-06,2.8494835944744058e-06,1.3188645674380029e-05,7.74711352317185e-06,2.780891157674813e-06,3.602727596256279e-06,5.3988247407998924e-06,8.479744610775464e-07,2.4497760728509584e-06,1.394535845818731e-06,5.108170402231679e-07,-1.0,-1.0,-1.0,3.330186808168037e-06,6.45950534009337e-06,4.373455978074569e-06,1.0998012257889941e-05,7.849858982808103e-06,6.852451167860443e-06,5.508196461712066e-06,4.750573700212795e-06,4.4263521754547e-06,2.722324692536372e-06,-1.0,-1.0,-1.0,4.404328175073863e-06,-1.0,-1.0,-1.0,-1.0,-1.0,-1.0,-1.0,-1.0,-1.0,4.973923724298941e-06,2.958042544296395e-06,3.77640112078574e-06,2.0950647071839155e-06,2.4177897486345806e-06,8.480920869020736e-07,1.344790932285007e-06,5.183285630447114e-07,1.9491188171232794e-06,2.36911165556825e-06,5.108237855071318e-06,2.9812465698813803e-06,3.7866790214125937e-06,6.39569419380925e-06,2.3312655976372268e-06,4.763688543162941e-06,2.837525247620595e-06,3.831579588060145e-06,6.573371364305169e-06,5.930464644763999e-06,2.273750986532886e-06,5.6042679529069195e-06,4.513740497100172e-06,-1.0,-1.0,-1.0,-1.0
0.17000000000000004,8.384646944350973e-07,1.3594850672640011e-06,5.116161389483804e-07,-1.0,-1.0,-1.0,-1.0,-1.0,-1.0,-1.0,-1.0,-1.0,1.3202033855372723e-06,-1.0,-1.0,4.881205354445561e-07,-1.0,-1.0,-1.0,2.714469423000521e-06,1.3721957541571443e-06,5.134307258584813e-07,3.771016808214969e-06,4.593967870127401e-06,2.80033804427172e-06,1.2246581397541656e-05,7.187292995617125e-06,2.7358591507763537e-06,3.522299424040096e-06,5.199598031186968e-06,8.439095767316927e-07,2.415094233735677e-06,1.3837502005085348e-06,5.091573523628687e-07,-1.0,-1.0,-1.0,3.261655032916116e-06,6.176744701853327e-06,4.2520012579417845e-06,1.0214052766947449e-05,7.375265002399049e-06,6.538175338286528e-06,5.30159788485983e-06,4.601402684011374e-06,4.299344494080235e-06,2.6787700899685046e-06,-1.0,-1.0,-1.0,4.2736137580441975e-06,-1.0,-1.0,-1.0,-1.0,-1.0,-1.0,-1.0,-1.0,-1.0,4.808821236121823e-06,2.9063870426688113e-06,3.687604345610096e-06,2.070740352714946e-06,2.38465790034375e-06,8.440272782078188e-07,1.3349969608073375e-06,5.166476547622299e-07,1.928312820886397e-06,2.3374013603279895e-06,4.932392825536855e-06,2.9286783347077324e-06,3.6973632609268e-06,6.117999708724466e-06,2.3005275136293264e-06,4.613594525030701e-06,2.7903774595232458e-06,3.7397870301899403e-06,6.283228613954017e-06,5.686281479923889e-06,2.244632643280438e-06,5.3888269894355625e-06,4.381422264999098e-06,-1.0,-1.0,-1.0,-1.0
0.18000000000000005,8.344728945136227e-07,1.349377797847489e-06,5.099694885965173e-07,-1.0,-1.0,-1.0,-1.0,-1.0,-1.0,-1.0,-1.0,-1.0,1.3105944753477294e-06,-1.0,-1.0,4.86600013159603e-07,-1.0,-1.0,-1.0,2.670867351748449e-06,1.3618543149816114e-06,5.117725537185004e-07,3.670695680346156e-06,4.446468476184935e-06,2.7520697006168162e-06,1.1371915342559599e-05,6.668682148407425e-06,2.691560920288139e-06,3.443687405449674e-06,5.007773027218433e-06,8.398642966031944e-07,2.380913540645799e-06,1.3730501179066783e-06,5.075031266020916e-07,-1.0,-1.0,-1.0,3.1945705025713256e-06,5.906393155027606e-06,4.1339489535656735e-06,9.486295069321496e-06,6.929701785376027e-06,6.2383343754102e-06,5.1027627833808276e-06,4.456915770065621e-06,4.176046169568558e-06,2.6359244441935595e-06,-1.0,-1.0,-1.0,4.146965482283686e-06,-1.0,-1.0,-1.0,-1.0,-1.0,-1.0,-1.0,-1.0,-1.0,4.649258290530637e-06,2.8556395918603953e-06,3.600913688559619e-06,2.0466990030836573e-06,2.35198165326066e-06,8.399820666069016e-07,1.3252746313321858e-06,5.149722153813449e-07,1.907729395731698e-06,2.306116821739618e-06,4.762657388969468e-06,2.8770431528880314e-06,3.6101673938876054e-06,5.852385487951845e-06,2.2701976209668213e-06,4.468303170006987e-06,2.7440188043396826e-06,3.6502209791056743e-06,6.005909024344482e-06,5.452157415915886e-06,2.2158897351656237e-06,5.181694164933401e-06,4.253028178339133e-06,-1.0,-1.0,-1.0,-1.0
0.19000000000000006,8.305001928526216e-07,1.339346275475213e-06,5.083281544123125e-07,-1.0,-1.0,-1.0,-1.0,-1.0,-1.0,-1.0,-1.0,-1.0,1.3010565368791984e-06,-1.0,-1.0,4.850842504154617e-07,-1.0,-1.0,-1.0,2.6279711003006538e-06,1.351591625564361e-06,5.101197568027385e-07,3.5733096902575687e-06,4.303899851233944e-06,2.704662418132505e-06,1.0559817793410781e-05,6.188196575053121e-06,2.647984437807557e-06,3.3668500853502257e-06,4.823073000208611e-06,8.358385255741978e-07,2.3472266076795925e-06,1.3624349024137934e-06,5.058543447390692e-07,-1.0,-1.0,-1.0,3.1289019048771945e-06,5.647904722810825e-06,4.0192029564103025e-06,8.810687868007099e-06,6.511371339731707e-06,5.952264307094077e-06,4.911398886721692e-06,4.316965872212245e-06,4.056347010022638e-06,2.593776033728431e-06,-1.0,-1.0,-1.0,4.024251746103226e-06,-1.0,-1.0,-1.0,-1.0,-1.0,-1.0,-1.0,-1.0,-1.0,4.495047061108452e-06,2.8057841251693213e-06,3.5162787663709042e-06,2.0229373589615267e-06,2.3197547207135e-06,8.359563570659168e-07,1.3156234174759756e-06,5.133022270507178e-07,1.8873661558216682e-06,2.275252305673223e-06,4.598817347059528e-06,2.8263243572792686e-06,3.5250407913808345e-06,5.598324992522704e-06,2.2402704623095856e-06,4.327658557679754e-06,2.6984359792929277e-06,3.5628267638538755e-06,5.740845124014156e-06,5.227677863840111e-06,2.187517390518274e-06,4.982548100045914e-06,4.128440594991733e-06,-1.0,-1.0,-1.0,-1.0
0.20000000000000007,8.265464976293166e-07,1.329389927789874e-06,5.066921191795157e-07,-1.0,-1.0,-1.0,-1.0,-1.0,-1.0,-1.0,-1.0,-1.0,1.2915890383102755e-06,-1.0,-1.0,4.835732322419303e-07,-1.0,-1.0,-1.0,2.585769156523464e-06,1.3414070797271883e-06,5.084723176216409e-07,3.478766149172356e-06,4.166091089735787e-06,2.658100356661266e-06,9.805805704741265e-06,5.742986132437265e-06,2.6051178732415198e-06,3.291746964435334e-06,4.645231628454208e-06,8.318321689910932e-07,2.3140261598615442e-06,1.3519038642184407e-06,5.04210988633421e-07,-1.0,-1.0,-1.0,3.064618620436345e-06,5.400757512517732e-06,3.907669894239275e-06,8.18347351987749e-06,6.118588503188072e-06,5.679331747014698e-06,4.727224947379467e-06,4.181410522999158e-06,3.940140150136426e-06,2.5523133336059044e-06,-1.0,-1.0,-1.0,3.905345350640781e-06,-1.0,-1.0,-1.0,-1.0,-1.0,-1.0,-1.0,-1.0,-1.0,4.346006154978183e-06,2.7568048619743972e-06,3.4336504111990066e-06,1.999452159559669e-06,2.2879709030732776e-06,8.319500550149671e-07,1.306042796739979e-06,5.116376719774687e-07,1.8672207409440148e-06,2.244802155465147e-06,4.440666076923949e-06,2.7765055803007936e-06,3.441934041091962e-06,5.3553146790065965e-06,2.2107406537451135e-06,4.191509898383094e-06,2.653615907421109e-06,3.477551072042672e-06,5.487494587207186e-06,5.0124453306135e-06,2.1595108012637258e-06,4.79107988472831e-06,4.0075454350585875e-06,-1.0,-1.0,-1.0,-1.0
0.20999999999999996,8.22611717464558e-07,1.3195081867954252e-06,5.050613657378027e-07,-1.0,-1.0,-1.0,-1.0,-1.0,-1.0,-1.0,-1.0,-1.0,1.2821914518608906e-06,-1.0,-1.0,4.820669437161176e-07,-1.0,-1.0,-1.0,2.544250197424483e-06,1.3313000760100146e-06,5.068302187427699e-07,3.386975471127826e-06,4.032877398895522e-06,2.6123679753616904e-06,9.105717775938826e-06,5.330416920906856e-06,2.5629495915190407e-06,3.2183384769813956e-06,4.473992603717211e-06,8.278451326622356e-07,2.2813050314464256e-06,1.3414563192478893e-06,5.025730402059449e-07,-1.0,-1.0,-1.0,3.001690707059333e-06,5.164452650419867e-06,3.799259052623854e-06,7.6011666290029165e-06,5.749773764206491e-06,5.418932483683717e-06,4.549970324422664e-06,4.050111728650305e-06,3.827321949241376e-06,2.5115250120391195e-06,-1.0,-1.0,-1.0,3.7901233484339917e-06,-1.0,-1.0,-1.0,-1.0,-1.0,-1.0,-1.0,-1.0,-1.0,4.201960390286394e-06,2.7086863026099773e-06,3.3529806410584727e-06,1.9762401821777982e-06,2.256624086544619e-06,8.279630663453896e-07,1.2965322504815201e-06,5.099785324269845e-07,1.8472908162359182e-06,2.2147607908682315e-06,4.28800426094411e-06,2.7275707485183796e-06,3.3607989178949816e-06,5.12287299320923e-06,2.1816028837946355e-06,4.05971136225742e-06,2.6095457337184143e-06,3.39434191568949e-06,5.245339118143673e-06,4.806078713669085e-06,2.131865222087956e-06,4.606992593015762e-06,3.890232072008922e-06,-1.0,-1.0,-1.0,-1.0
0.21999999999999997,8.186957614206697e-07,1.3097004888235538e-06,5.034358769825941e-07,-1.0,-1.0,-1.0,-1.0,-1.0,-1.0,-1.0,-1.0,-1.0,1.272863253761189e-06,-1.0,-1.0,4.805653699622915e-07,-1.0,-1.0,-1.0,2.5034030860231642e-06,1.321270017633748e-06,5.051934427906171e-07,3.2978510644677974e-06,3.904099874121274e-06,2.567450026921332e-06,8.45569132051706e-06,4.948054665655624e-06,2.521468149358592e-06,3.14658596912427e-06,4.309109252663283e-06,8.23877322855678e-07,2.249056164249719e-06,1.331091589119329e-06,5.009404814384073e-07,-1.0,-1.0,-1.0,2.9400888844737688e-06,4.938513263813996e-06,3.693882298718804e-06,7.060534209788605e-06,5.403446546417646e-06,5.170490134654091e-06,4.37937458277554e-06,3.922935828584868e-06,3.717791892521598e-06,2.47139992714326e-06,-1.0,-1.0,-1.0,3.6784668973226727e-06,-1.0,-1.0,-1.0,-1.0,-1.0,-1.0,-1.0,-1.0,-1.0,4.062740581454368e-06,2.6614132233332404e-06,3.2742226309888755e-06,1.95329824175848e-06,2.2257082419734317e-06,8.239952974074932e-07,1.2870912638853871e-06,5.083247907227267e-07,1.8275740719112547e-06,2.18512270701634e-06,4.140639626315287e-06,2.6795040773267504e-06,3.2815883551564706e-06,4.900539407996574e-06,2.152851912432764e-06,3.932121914069562e-06,2.566212821342428e-06,3.3131485979368503e-06,5.013883384860885e-06,4.608212624767119e-06,2.1045759696137348e-06,4.4300008167302774e-06,3.776393227171898e-06,-1.0,-1.0,-1.0,-1.0
0.22999999999999998,8.147985389993063e-07,1.2999662745004289e-06,5.018156358648737e-07,-1.0,-1.0,-1.0,-1.0,-1.0,-1.0,-1.0,-1.0,-1.0,1.2636039242206486e-06,-1.0,-1.0,4.790684961517311e-07,-1.0,-1.0,-1.0,2.463216868273519e-06,1.3113163124634392e-06,5.035619724464183e-07,3.211309227256386e-06,3.7796052829184824e-06,2.523331551883648e-06,7.852140801273105e-06,4.593649389415438e-06,2.4806622920893216e-06,3.0764516776458085e-06,4.150344172684638e-06,8.199286462969141e-07,2.2172726060040055e-06,1.3208090010914978e-06,4.99313294373336e-07,-1.0,-1.0,-1.0,2.8797845193852765e-06,4.722483508222449e-06,3.5914540072399377e-06,6.558577304087181e-06,5.078218926105927e-06,4.933454862895552e-06,4.215187107667912e-06,3.7997533593478467e-06,3.6114524952978907e-06,2.4319271237134887e-06,-1.0,-1.0,-1.0,3.570261119489964e-06,-1.0,-1.0,-1.0,-1.0,-1.0,-1.0,-1.0,-1.0,-1.0,3.9281833319229946e-06,2.61497067138214e-06,3.1973306849269655e-06,1.9306231904466094e-06,2.195217423671178e-06,8.20046655008309e-07,1.2777193259354632e-06,5.066764292460421e-07,1.8080682229907635e-06,2.1558824734029495e-06,3.9983866939558695e-06,2.6322900657287965e-06,3.204256416737374e-06,4.6878735033062115e-06,2.1244825701204843e-06,3.8086051535966676e-06,2.52360474788669e-06,3.2339216806139853e-06,4.792654000420864e-06,4.418496741715868e-06,2.07763842158766e-06,4.259830217383068e-06,3.665924867479902e-06,-1.0,-1.0,-1.0,-1.0
0.24,8.109199601393207e-07,1.2903049887136996e-06,5.002006253910065e-07,-1.0,-1.0,-1.0,-1.0,-1.0,-1.0,-1.0,-1.0,-1.0,1.2544129473974385e-06,-1.0,-1.0,4.775763075025753e-07,-1.0,-1.0,-1.0,2.423680770038066e-06,1.3014383729717312e-06,5.019357904479661e-07,3.127269046467885e-06,3.6592458568960723e-06,2.479997873086732e-06,7.291737911044288e-06,4.265121275173532e-06,2.4405209505252394e-06,3.007898709258182e-06,3.997468881558197e-06,8.159990101666324e-07,2.1859475087408773e-06,1.310607888016735e-06,4.976914611138121e-07,-1.0,-1.0,-1.0,2.8207496108820693e-06,4.515927637719151e-06,3.491890988579383e-06,6.092513945046394e-06,4.77278975440316e-06,4.7073021524632135e-06,4.0571667336756115e-06,3.6804389228134666e-06,3.5082092102840913e-06,2.3930958300581424e-06,-1.0,-1.0,-1.0,3.4653949654577664e-06,-1.0,-1.0,-1.0,-1.0,-1.0,-1.0,-1.0,-1.0,-1.0,3.7981308341276465e-06,2.569343960122397e-06,3.1222602082679807e-06,1.908211917154052e-06,2.1651457682555416e-06,8.161170464093485e-07,1.2684159293865622e-06,5.050334304359712e-07,1.7887710090351192e-06,2.12703473287362e-06,3.861066536437472e-06,2.5859134912096733e-06,3.1287582696754344e-06,4.484454086492412e-06,2.096489756851302e-06,3.6890291613845402e-06,2.4817093017173523e-06,3.156612952622516e-06,4.581198549377218e-06,4.236595186849501e-06,2.0510480160779e-06,4.0962170955604475e-06,3.5587261063617906e-06,-1.0,-1.0,-1.0,-1.0
0.25,8.070599352146419e-07,1.2807160805797574e-06,4.985908286225595e-07,-1.0,-1.0,-1.0,-1.0,-1.0,-1.0,-1.0,-1.0,-1.0,1.2452898113680157e-06,-1.0,-1.0,4.7608878927967575e-07,-1.0,-1.0,-1.0,2.384784194112187e-06,1.2916356162025983e-06,5.003148795894253e-07,3.045652300812891e-06,3.5428790915743197e-06,2.4374345902116075e-06,6.771393087574713e-06,3.960547625640169e-06,2.401033237891468e-06,2.9408910203742337e-06,3.850263480410951e-06,8.120883220984825e-07,2.1550741271979975e-06,1.3004875882934499e-06,4.960749638232646e-07,-1.0,-1.0,-1.0,2.7629567761750834e-06,4.318429116464506e-06,3.3951124189963766e-06,5.659763368414985e-06,4.485939157730598e-06,4.491531640716603e-06,3.905081387798416e-06,3.564871058527254e-06,3.4079703377222325e-06,2.354895454886245e-06,-1.0,-1.0,-1.0,3.3637610828589015e-06,-1.0,-1.0,-1.0,-1.0,-1.0,-1.0,-1.0,-1.0,-1.0,3.6724306764486823e-06,2.5245186642819147e-06,3.0489676810991104e-06,1.8860613471293941e-06,2.1354874935072385e-06,8.122063793243757e-07,1.25918057073648e-06,5.033957767890593e-07,1.7696801938808834e-06,2.0985742006321645e-06,3.728506544609393e-06,2.5403594047040737e-06,3.0550501575316183e-06,4.289878351233011e-06,2.0688684412103754e-06,3.573266349697636e-06,2.4405144783728215e-06,3.0811753991250657e-06,4.3790846574878044e-06,4.0621859311582e-06,2.0248002506825395e-06,3.938907977109118e-06,3.454699107688278e-06,-1.0,-1.0,-1.0,-1.0
0.26,8.032183750321619e-07,1.2711990034112454e-06,4.969862286761208e-07,-1.0,-1.0,-1.0,-1.0,-1.0,-1.0,-1.0,-1.0,-1.0,1.2362340080969624e-06,-1.0,-1.0,4.7460592679444854e-07,-1.0,-1.0,-1.0,2.3465167172980182e-06,1.2819074637353746e-06,4.986992227211476e-07,2.9663833670661046e-06,3.4303675536961465e-06,2.395627574437883e-06,6.288238359059168e-06,3.67815083356133e-06,2.3621884468017068e-06,2.8753933973523705e-06,3.708516329484668e-06,8.081964901768522e-07,2.124645817250896e-06,1.2904474458189968e-06,4.944637847252633e-07,-1.0,-1.0,-1.0,2.706379236665834e-06,4.129589769617739e-06,3.301039772823272e-06,5.257931379396075e-06,4.216523391784691e-06,4.2856660044733375e-06,3.7587077460434003e-06,3.4529321200568017e-06,3.3106469383059978e-06,2.3173155842483814e-06,-1.0,-1.0,-1.0,3.265255689814878e-06,-1.0,-1.0,-1.0,-1.0,-1.0,-1.0,-1.0,-1.0,-1.0,3.5509356568921526e-06,2.4804806152710326e-06,2.977410632088531e-06,1.8641684415327275e-06,2.1062368972427712e-06,8.083145619171891e-07,1.2500127501982495e-06,5.01763450859168e-07,1.7507935653793014e-06,2.0704956632603203e-06,3.6005402026028113e-06,2.495613125654976e-06,2.983089374384326e-06,4.103761073304159e-06,2.041613659446449e-06,3.461193318484111e-06,2.400008477025309e-06,3.0075631715161884e-06,4.185899102749666e-06,3.8949602230112336e-06,1.9988906817483583e-06,3.7876592154636795e-06,3.353748992674771e-06,-1.0,-1.0,-1.0,-1.0
0.27,7.993951908296362e-07,1.2617532146848209e-06,4.953868087231209e-07,-1.0,-1.0,-1.0,-1.0,-1.0,-1.0,-1.0,-1.0,-1.0,1.2272450334070555e-06,-1.0,-1.0,4.7312770540472456e-07,-1.0,-1.0,-1.0,2.30886808752707e-06,1.2722533416490717e-06,4.970888027494879e-07,2.8893891297663476e-06,3.3215786957551824e-06,2.354562963204621e-06,5.839611424405034e-06,3.4162872837547135e-06,2.3239760462860335e-06,2.8113714372047668e-06,3.572023736211558e-06,8.043234229346541e-07,2.0946560343691145e-06,1.2804868099429664e-06,4.928579061033148e-07,-1.0,-1.0,-1.0,2.6509908043343267e-06,3.949028971876905e-06,3.2095967566281883e-06,4.884796789953626e-06,3.96347002600048e-06,4.089249897602857e-06,3.6178309030017685e-06,3.34450815522536e-06,3.216152748804834e-06,2.2803459785300234e-06,-1.0,-1.0,-1.0,3.1697784527543793e-06,-1.0,-1.0,-1.0,-1.0,-1.0,-1.0,-1.0,-1.0,-1.0,3.4335036032640404e-06,2.43721589658707e-06,2.9075476130138205e-06,1.8425301970154303e-06,2.0773883562028817e-06,8.044415027994145e-07,1.2409119716726062e-06,5.001364352572856e-07,1.7321089351379163e-06,2.0427939777507408e-06,3.47700687091153e-06,2.4516602371621694e-06,2.9128342394555314e-06,3.925733841603583e-06,2.014720514556415e-06,3.3526907161854455e-06,2.3601796970032e-06,2.9357315581555335e-06,4.001246965918265e-06,3.734622040457474e-06,1.9733149235999257e-06,3.642236609484856e-06,3.2557837496498353e-06,-1.0,-1.0,-1.0,-1.0
0.28,7.955902942735904e-07,1.2523781760091705e-06,4.937925519896537e-07,-1.0,-1.0,-1.0,-1.0,-1.0,-1.0,-1.0,-1.0,-1.0,1.2183223869495696e-06,-1.0,-1.0,4.716541105146044e-07,-1.0,-1.0,-1.0,2.271828221030745e-06,1.2626726804869732e-06,4.954836026366205e-07,2.8145988941641733e-06,3.21638467746508e-06,2.314227155074318e-06,5.423040879185255e-06,3.173437113991719e-06,2.286385678868211e-06,2.7487915287579293e-06,3.440589655131224e-06,8.004690293511247e-07,2.0650983320963197e-06,1.2706050354208772e-06,4.912573103006576e-07,-1.0,-1.0,-1.0,2.5967658684395353e-06,3.7763828719747128e-06,3.120709245277431e-06,4.538298847784761e-06,3.725773436954362e-06,3.901848937681194e-06,3.482244053926715e-06,3.239488790106314e-06,3.1244041003038563e-06,2.2439765694963893e-06,-1.0,-1.0,-1.0,3.077232368513593e-06,-1.0,-1.0,-1.0,-1.0,-1.0,-1.0,-1.0,-1.0,-1.0,3.3199971996097325e-06,2.3947108393016227e-06,2.839338173913994e-06,1.8211436453048671e-06,2.0489363249564925e-06,8.005871110283086e-07,1.2318777427206526e-06,4.98514712651341e-07,1.7136241382649639e-06,2.015464070553138e-06,3.3577515772571552e-06,2.4084865812189498e-06,2.8442440723534313e-06,3.7554443228742893e-06,1.9881841753823326e-06,3.2476431052260024e-06,2.3210167343732013e-06,2.8656369558436953e-06,3.824750818754945e-06,3.580887566129827e-06,1.9480686477788535e-06,3.502415036201765e-06,3.1607141466004324e-06,-1.0,-1.0,-1.0,-1.0
0.29000000000000004,7.918035974572405e-07,1.2430733530932706e-06,4.922034417562988e-07,-1.0,-1.0,-1.0,-1.0,-1.0,-1.0,-1.0,-1.0,-1.0,1.2094655721748118e-06,-1.0,-1.0,4.701851275743097e-07,-1.0,-1.0,-1.0,2.235387199557957e-06,1.2531649152215193e-06,4.938836054003567e-07,2.741944302297195e-06,3.114662193905238e-06,2.274606804697929e-06,5.036232504685984e-06,2.948194767596115e-06,2.249407157691669e-06,2.6876208342549255e-06,3.314025399197234e-06,7.966332188496339e-07,2.035966360554003e-06,1.2608014823682702e-06,4.896619797200581e-07,-1.0,-1.0,-1.0,2.5436793825251675e-06,3.611303651532809e-06,3.0343052198424923e-06,4.2165255840072055e-06,3.502490590593156e-06,3.7230487394379097e-06,3.3517481888385316e-06,3.1377671166604443e-06,3.0353198389774054e-06,2.208197457387951e-06,-1.0,-1.0,-1.0,2.9875236505652812e-06,-1.0,-1.0,-1.0,-1.0,-1.0,-1.0,-1.0,-1.0,-1.0,3.2102838186985247e-06,2.3529520176291274e-06,2.772742838849769e-06,1.8000058527939576e-06,2.0208753348199263e-06,7.967512961045748e-07,1.2229095745367347e-06,4.968982657660157e-07,1.695337033116531e-06,1.9885009366333686e-06,3.2426248149572375e-06,2.3660782540353477e-06,2.77727916891651e-06,3.5925555586487303e-06,1.961999875720727e-06,3.1459388320234858e-06,2.282508378581234e-06,2.7972368420217066e-06,3.656049948324693e-06,3.4334846838202378e-06,1.9231475822930923e-06,3.367978097875361e-06,3.0684536464077813e-06,-1.0,-1.0,-1.0,-1.0
0.30000000000000004,7.88035012898421e-07,1.233838215714894e-06,4.906194613579433e-07,-1.0,-1.0,-1.0,-1.0,-1.0,-1.0,-1.0,-1.0,-1.0,1.2006740963028876e-06,-1.0,-1.0,4.687207420800379e-07,-1.0,-1.0,-1.0,2.1995352676390584e-06,1.2437294852194651e-06,4.922887941139612e-07,2.67135925207774e-06,3.0162923100883693e-06,2.235688817878912e-06,4.677056543417863e-06,2.7392602759216046e-06,2.2130304636933506e-06,2.6278272713888504e-06,3.1921493620389407e-06,7.928159012955048e-07,2.0072538649683956e-06,1.2510755162151986e-06,4.880718968236083e-07,-1.0,-1.0,-1.0,2.4917068517235476e-06,3.4534588167482996e-06,2.950314707298059e-06,3.917703012012269e-06,3.292737094505741e-06,3.552453992831436e-06,3.2261517982011927e-06,3.039239583901595e-06,2.9488212493166975e-06,2.1729989080657086e-06,-1.0,-1.0,-1.0,2.9005616192290737e-06,-1.0,-1.0,-1.0,-1.0,-1.0,-1.0,-1.0,-1.0,-1.0,3.104235360340759e-06,2.311926244575208e-06,2.707723082257062e-06,1.7791139201355618e-06,1.9931999927911756e-06,7.929339679701872e-07,1.214006981921513e-06,4.952870773825573e-07,1.6772455010464295e-06,1.9618996385453236e-06,3.1314823485251404e-06,2.3244216014463225e-06,2.711900777644352e-06,3.4367452929986485e-06,1.9361629134440103e-06,3.0474699013668072e-06,2.24464360915105e-06,2.730489747675605e-06,3.494799615741105e-06,3.292152495830501e-06,1.8985475108761286e-06,3.2387177828229915e-06,2.9789183246904127e-06,-1.0,-1.0,-1.0,-1.0
0.31000000000000005,7.842844535375244e-07,1.2246722376893602e-06,4.890405941836058e-07,-1.0,-1.0,-1.0,-1.0,-1.0,-1.0,-1.0,-1.0,-1.0,1.191947470294693e-06,-1.0,-1.0,4.672609395738155e-07,-1.0,-1.0,-1.0,2.1642628298953057e-06,1.2343658342073174e-06,4.906991519059716e-07,2.602779819281807e-06,2.9211603017052133e-06,2.197460346734325e-06,4.3435358899934545e-06,2.5454312137419143e-06,2.1772457428246016e-06,2.5693794957573213e-06,3.0747867507608298e-06,7.890169869938458e-07,1.9789546842202353e-06,1.2414265076611156e-06,4.864870441325228e-07,-1.0,-1.0,-1.0,2.4408243203507052e-06,3.302530521454269e-06,2.8686697219590123e-06,3.6401851149323507e-06,3.0956835026937127e-06,3.3896875836892247e-06,3.1052705897319124e-06,2.9438058924799253e-06,2.8648319797345615e-06,2.138371350205377e-06,-1.0,-1.0,-1.0,2.8162585957208033e-06,-1.0,-1.0,-1.0,-1.0,-1.0,-1.0,-1.0,-1.0,-1.0,3.0017280953327086e-06,2.2716205676633693e-06,2.644241305879084e-06,1.7584649818416137e-06,1.965904980499024e-06,7.891350370062282e-07,1.2051694832552365e-06,4.936811303385945e-07,1.6593474461587724e-06,1.935655305515413e-06,3.0241850262402836e-06,2.2835032144033705e-06,2.6480710767008535e-06,3.2877053297379805e-06,1.9106686496338537e-06,2.9521318550130334e-06,2.207411592439577e-06,2.665355230928022e-06,3.3406703478267166e-06,3.1566408602410774e-06,1.8742642722559477e-06,3.114434139466016e-06,2.8920267901735918e-06,-1.0,-1.0,-1.0,-1.0
0.32000000000000006,7.805518327354503e-07,1.2155748968385303e-06,4.874668236762588e-07,-1.0,-1.0,-1.0,-1.0,-1.0,-1.0,-1.0,-1.0,-1.0,1.1832852088231334e-06,-1.0,-1.0,4.658057056433531e-07,-1.0,-1.0,-1.0,2.12956044839309e-06,1.2250734102370481e-06,4.89114661960017e-07,2.5361441823324644e-06,2.8291555018111774e-06,2.159908784951017e-06,4.033835131406799e-06,2.36559527507185e-06,2.142043303318352e-06,2.5122468837280775e-06,2.9617693288776548e-06,7.852363866873905e-07,1.9510627494170194e-06,1.2318538326301517e-06,4.84907404226938e-07,-1.0,-1.0,-1.0,2.3910083597858306e-06,3.1582149201609918e-06,2.789304208605902e-06,3.3824445637980782e-06,2.91055185645452e-06,3.2343897549446986e-06,2.988927215921846e-06,2.8513688925754515e-06,2.783277970472683e-06,2.104305372539628e-06,-1.0,-1.0,-1.0,2.7345297999038875e-06,-1.0,-1.0,-1.0,-1.0,-1.0,-1.0,-1.0,-1.0,-1.0,2.9026425148316104e-06,2.2320222647386172e-06,2.5822608162627848e-06,1.7380562058869578e-06,1.9389850531668052e-06,7.853544140307343e-07,1.1963966004712185e-06,4.920804075279509e-07,1.6416407950632144e-06,1.9097631325395015e-06,2.92059859943692e-06,2.2433099245480144e-06,2.5857531514758532e-06,3.1451409177857987e-06,1.8855125077263415e-06,2.8598236543602327e-06,2.170801678448007e-06,2.601793851299164e-06,3.193347260225185e-06,3.0267099472755194e-06,1.8502937594336417e-06,2.9949349630835075e-06,2.8077001075068013e-06,-1.0,-1.0,-1.0,-1.0
0.33000000000000007,7.768370642715644e-07,1.2065456749600372e-06,4.858981333326544e-07,-1.0,-1.0,-1.0,-1.0,-1.0,-1.0,-1.0,-1.0,-1.0,1.174686830244566e-06,-1.0,-1.0,4.6435502592190025e-07,-1.0,-1.0,-1.0,2.095418840042202e-06,1.2158516656520783e-06,4.875353075146366e-07,2.471392549774864e-06,2.7401711532287763e-06,2.1230217631350303e-06,3.7462503755130175e-06,2.198723421066986e-06,2.1074136130017776e-06,2.456399515705959e-06,2.8529351689990304e-06,7.81474011554352e-07,1.923572082487401e-06,1.222356872226778e-06,4.833329597457099e-07,-1.0,-1.0,-1.0,2.3422360566284838e-06,3.0202215497465567e-06,2.712153987249922e-06,3.143064112741935e-06,2.7366124460700266e-06,3.0862173065940937e-06,2.876951011862112e-06,2.761834484997911e-06,2.704087383739158e-06,2.070791721147572e-06,-1.0,-1.0,-1.0,2.655293251610734e-06,-1.0,-1.0,-1.0,-1.0,-1.0,-1.0,-1.0,-1.0,-1.0,2.8068631849701984e-06,2.193118839846609e-06,2.5217458028057137e-06,1.7178847933178293e-06,1.9124350385906013e-06,7.815920102965546e-07,1.1876878590295038e-06,4.904848919004612e-07,1.6241234966328335e-06,1.8842183794921011e-06,2.8205935482687738e-06,2.203828799865689e-06,2.524910972691553e-06,3.0087701634530904e-06,1.86068997266876e-06,2.7704475670579274e-06,2.13480339768768e-06,2.539767144620052e-06,3.0525294105668816e-06,2.9021298139721234e-06,1.8266319189715294e-06,2.8800354947753318e-06,2.725861722453437e-06,-1.0,-1.0,-1.0,-1.0
0.33999999999999997,7.731400623416678e-07,1.1975840577967593e-06,4.843345067031477e-07,-1.0,-1.0,-1.0,-1.0,-1.0,-1.0,-1.0,-1.0,-1.0,1.1661518565704661e-06,-1.0,-1.0,4.6290888608810073e-07,-1.0,-1.0,-1.0,2.061828874037371e-06,1.206700057053534e-06,4.859610718631012e-07,2.4084670903438883e-06,2.6541042664485274e-06,2.0867871442523396e-06,3.479199810923556e-06,2.043863555451488e-06,2.0733472966537063e-06,2.4018081597917874e-06,2.748128414891931e-06,7.777297732062845e-07,1.8964767947973655e-06,1.2129350126918536e-06,4.817636933862158e-07,-1.0,-1.0,-1.0,2.294485001127087e-06,2.8882727385249283e-06,2.6371566994897533e-06,2.9207286215682602e-06,2.573180779000808e-06,2.9448428325831937e-06,2.7691777429846873e-06,2.675111525392278e-06,2.6271905360064417e-06,2.0378212967906455e-06,-1.0,-1.0,-1.0,2.5784696754069254e-06,-1.0,-1.0,-1.0,-1.0,-1.0,-1.0,-1.0,-1.0,-1.0,2.7142786065268842e-06,2.1548980191869724e-06,2.462661316339755e-06,1.697947977864921e-06,1.8862498361316685e-06,7.778477374892177e-07,1.1790427878907377e-06,4.888945664617866e-07,1.6067935217646161e-06,1.859016370247678e-06,2.7240449137156855e-06,2.1650471404185528e-06,2.4655093750404104e-06,2.878323468471605e-06,1.836196590087848e-06,2.6839090574216077e-06,2.099406458099788e-06,2.479237598581316e-06,2.917929180351785e-06,2.782679996406965e-06,1.803274750290664e-06,2.769558132157371e-06,2.6464373893792067e-06,-1.0,-1.0,-1.0,-1.0
0.35,7.694607415559758e-07,1.1886895350065272e-06,4.827759273915229e-07,-1.0,-1.0,-1.0,-1.0,-1.0,-1.0,-1.0,-1.0,-1.0,1.1576798134393118e-06,-1.0,-1.0,4.614672718658482e-07,-1.0,-1.0,-1.0,2.028781569342364e-06,1.1976180452667702e-06,4.843919383532319e-07,2.3473118655291852e-06,2.5708554828193065e-06,2.0511930191591064e-06,3.2312149456308295e-06,1.9001346864242556e-06,2.039835133406006e-06,2.3484442558238953e-06,2.647199052563734e-06,7.740035836859575e-07,1.8697710857878528e-06,1.2035876453590564e-06,4.801995879041525e-07,-1.0,-1.0,-1.0,2.2477332758723514e-06,2.762103041476021e-06,2.5642517564141086e-06,2.7142176596778716e-06,2.4196147412263955e-06,2.8099539929168147e-06,2.6654493623425804e-06,2.5911117314523816e-06,2.552519832401985e-06,2.005385152294115e-06,-1.0,-1.0,-1.0,2.5039824086755454e-06,-1.0,-1.0,-1.0,-1.0,-1.0,-1.0,-1.0,-1.0,-1.0,2.6247810794741863e-06,2.1173477471394434e-06,2.404973248238487e-06,1.6782430255609882e-06,1.8604244157229047e-06,7.741215077248113e-07,1.170460919490226e-06,4.873094142732318e-07,1.5896488631425293e-06,1.8341524918138876e-06,2.630832135606925e-06,2.1269524741557735e-06,2.4075140363415397e-06,2.753542992634892e-06,1.8120279654693582e-06,2.6001166805222837e-06,2.064600742027996e-06,2.4201686289012408e-06,2.7892716842729758e-06,2.66814911874368e-06,1.780218304977601e-06,2.6633321513303465e-06,2.5693551009680397e-06,-1.0,-1.0,-1.0,-1.0
0.36,7.657990169371069e-07,1.1798616001320664e-06,4.812223790548189e-07,-1.0,-1.0,-1.0,-1.0,-1.0,-1.0,-1.0,-1.0,-1.0,1.1492702300886909e-06,-1.0,-1.0,4.6003016902414325e-07,-1.0,-1.0,-1.0,1.9962680922159453e-06,1.188605095308161e-06,4.828278903872237e-07,2.287872764545924e-06,2.490328942827332e-06,2.016227702219669e-06,3.000932475478001e-06,1.7667215372171376e-06,2.0068680541882312e-06,2.2962798997932883e-06,2.5500026900222244e-06,7.702953554652394e-07,1.843449241633489e-06,1.1943141666116877e-06,4.786406261133396e-07,-1.0,-1.0,-1.0,2.2019594447494942e-06,2.6414587004765726e-06,2.4933802880051315e-06,2.5223986487312782e-06,2.275311939249088e-06,2.6812528193629614e-06,2.565613777067938e-06,2.509749593048206e-06,2.4800097031260454e-06,1.9734744899734047e-06,-1.0,-1.0,-1.0,2.4317573129035266e-06,-1.0,-1.0,-1.0,-1.0,-1.0,-1.0,-1.0,-1.0,-1.0,2.538266572234361e-06,2.080456182361519e-06,2.348648310035289e-06,1.6587672343629352e-06,1.8349538168891506e-06,7.704132335478708e-07,1.16194178971219e-06,4.857294184515624e-07,1.5726875350031444e-06,1.8096221934765839e-06,2.5408388964440388e-06,2.0895325527998985e-06,2.350891457202967e-06,2.634182139971507e-06,1.78817976334878e-06,2.5189819798265753e-06,2.0303763032430546e-06,2.362524556097266e-06,2.6662942057609632e-06,2.5583345184153547e-06,1.7574586861003107e-06,2.561193439681721e-06,2.494545020096549e-06,-1.0,-1.0,-1.0,-1.0
0.37,7.621548039180813e-07,1.1710997505711726e-06,4.796738454031565e-07,-1.0,-1.0,-1.0,-1.0,-1.0,-1.0,-1.0,-1.0,-1.0,1.1409226393276218e-06,-1.0,-1.0,4.5859756337694977e-07,-1.0,-1.0,-1.0,1.9642797537789655e-06,1.1796606763521514e-06,4.812689114214649e-07,2.2300974416230092e-06,2.4124321592705845e-06,1.9818797270105005e-06,2.7870867371164734e-06,1.642869570447265e-06,1.974437139214791e-06,2.245287828623585e-06,2.4564003453819837e-06,7.66605001442992e-07,1.8175056339220879e-06,1.1851139778398517e-06,4.7708679088552e-07,-1.0,-1.0,-1.0,2.1571425421431918e-06,2.526097128422137e-06,2.424485093999094e-06,2.3442205045777283e-06,2.1397072110975274e-06,2.5584550531988715e-06,2.4695246236603993e-06,2.43094228517533e-06,2.409596541833158e-06,1.9420806591044665e-06,-1.0,-1.0,-1.0,2.3617226880560383e-06,-1.0,-1.0,-1.0,-1.0,-1.0,-1.0,-1.0,-1.0,-1.0,2.454634595477129e-06,2.0442116939563093e-06,2.293654013539593e-06,1.6395179337783308e-06,1.8098331477811368e-06,7.667228279292785e-07,1.153484937864212e-06,4.841545621688221e-07,1.5559075729037856e-06,1.7854209859564523e-06,2.4539529708139406e-06,2.052775347807885e-06,2.295608941177369e-06,2.520005067417643e-06,1.7646477065130604e-06,2.4404193882669644e-06,1.996723364018497e-06,2.306270582845429e-06,2.548745657583246e-06,2.4530418867724654e-06,1.7349920475331039e-06,2.462984239097335e-06,2.421939413800187e-06,-1.0,-1.0,-1.0,-1.0
0.38,7.585280183403296e-07,1.1624034875471165e-06,4.781303101995643e-07,-1.0,-1.0,-1.0,-1.0,-1.0,-1.0,-1.0,-1.0,-1.0,1.1326365775090943e-06,-1.0,-1.0,4.571694407830523e-07,-1.0,-1.0,-1.0,1.9328080076219232e-06,1.1707842616985784e-06,4.797149849663614e-07,2.1739352555238485e-06,2.33707589514305e-06,1.948137842108441e-06,2.58850270336602e-06,1.52788039413932e-06,1.942533615513935e-06,2.1954414053071582e-06,2.3662582429993642e-06,7.629324349429761e-07,1.7919347183546047e-06,1.1759864853980066e-06,4.755380651501627e-07,-1.0,-1.0,-1.0,2.1132620623894026e-06,2.415786416180036e-06,2.357510596162145e-06,2.178707741887532e-06,2.012270295430648e-06,2.4412895135181125e-06,2.3770410517712906e-06,2.354609583637931e-06,2.341218645915845e-06,1.9111951534374444e-06,-1.0,-1.0,-1.0,2.2938091899292148e-06,-1.0,-1.0,-1.0,-1.0,-1.0,-1.0,-1.0,-1.0,-1.0,2.3737880803003443e-06,2.0086028577093403e-06,2.239958651439027e-06,1.620492484496301e-06,1.7850575842228873e-06,7.630502042641742e-07,1.14508990665187e-06,4.825848286521517e-07,1.5393070334931792e-06,1.7615444405770863e-06,2.37006608019064e-06,2.0166690464054643e-06,2.241634575399277e-06,2.4107862150020557e-06,1.741427575213181e-06,2.3643461326260755e-06,1.96363231225656e-06,2.2513727719127692e-06,2.4363860663855073e-06,2.3520849245584474e-06,1.7128145932904629e-06,2.3685528991761058e-06,2.3514725892663883e-06,-1.0,-1.0,-1.0,-1.0
0.39,7.549185764517105e-07,1.153772316079281e-06,4.765917572598073e-07,-1.0,-1.0,-1.0,-1.0,-1.0,-1.0,-1.0,-1.0,-1.0,1.1244115845028183e-06,-1.0,-1.0,4.557457871459138e-07,-1.0,-1.0,-1.0,1.9018444474522994e-06,1.161975328740243e-06,4.781660945861589e-07,2.1193372112179053e-06,2.264174046050247e-06,1.914991006961496e-06,2.4040894819279147e-06,1.4211075198110274e-06,1.911148854497859e-06,2.1467146043890653e-06,2.2794476173303276e-06,7.592775697117654e-07,1.7667310334652133e-06,1.166931100562882e-06,4.7399443189426647e-07,-1.0,-1.0,-1.0,2.0702979494683063e-06,2.3103048613601807e-06,2.29240279194008e-06,2.024955007619051e-06,1.8925036485558948e-06,2.329497494686381e-06,2.288027516161862e-06,2.2806737833794753e-06,2.274816158631027e-06,1.880809608752873e-06,-1.0,-1.0,-1.0,2.2279497503753852e-06,-1.0,-1.0,-1.0,-1.0,-1.0,-1.0,-1.0,-1.0,-1.0,2.295633260639986e-06,1.973618452393048e-06,2.187531278375483e-06,1.6016882780227482e-06,1.7606223687723888e-06,7.593952763698743e-07,1.1367562421535655e-06,4.810202011836077e-07,1.5228839942845732e-06,1.7379881884443705e-06,2.289073752931256e-06,1.981202047693476e-06,2.188937211691985e-06,2.3063098565994245e-06,1.718515206387438e-06,2.2906821411227442e-06,1.9310936986634308e-06,2.1977980246479925e-06,2.328986080110347e-06,2.2552850116007325e-06,1.6909225768696493e-06,2.2777536400570007e-06,2.283080831791946e-06,-1.0,-1.0,-1.0,-1.0
0.4,7.51326394904539e-07,1.145205744954022e-06,4.750581704522148e-07,-1.0,-1.0,-1.0,-1.0,-1.0,-1.0,-1.0,-1.0,-1.0,1.1162472036681892e-06,-1.0,-1.0,4.543265884135333e-07,-1.0,-1.0,-1.0,1.8713808047810097e-06,1.1532333589307424e-06,4.766222238987661e-07,2.0662559036243576e-06,2.1936435269844193e-06,1.8824283878405817e-06,2.2328342812178016e-06,1.3219524453338737e-06,1.88027436957324e-06,2.0990819977905483e-06,2.1958445242171487e-06,7.556403199166726e-07,1.7418891993611904e-06,1.1579472394917603e-06,4.724558741621631e-07,-1.0,-1.0,-1.0,2.028230586932745e-06,2.2094405179357845e-06,2.2291092094422734e-06,1.882122011946084e-06,1.7799403998416503e-06,2.222832191599033e-06,2.202353576526022e-06,2.209059619377972e-06,2.2103310130115306e-06,1.8509158004596798e-06,-1.0,-1.0,-1.0,2.1640795002988408e-06,-1.0,-1.0,-1.0,-1.0,-1.0,-1.0,-1.0,-1.0,-1.0,2.2200795597613397e-06,1.939247456137735e-06,2.1363416924834384e-06,1.583102736319846e-06,1.7365228097953397e-06,7.557579584838029e-07,1.1284834937955317e-06,4.794606630999822e-07,1.5066365534313007e-06,1.714747919637007e-06,2.2108751892790562e-06,1.946362958824871e-06,2.1374864481327074e-06,2.2063696703498416e-06,1.6959064928952835e-06,2.2193499540914963e-06,1.899098233973e-06,2.145514060016149e-06,2.2263264972768024e-06,2.1624708901304466e-06,1.6693123006019783e-06,2.190446324482812e-06,2.2167023446438784e-06,-1.0,-1.0,-1.0,-1.0
0.41000000000000003,7.477513907536238e-07,1.1367032866957576e-06,4.735295336975087e-07,-1.0,-1.0,-1.0,-1.0,-1.0,-1.0,-1.0,-1.0,-1.0,1.1081429818274637e-06,-1.0,-1.0,4.5291183057830583e-07,-1.0,-1.0,-1.0,1.8414089466473177e-06,1.1445578377525647e-06,4.750833565755794e-07,2.0146454633521197e-06,2.12540416329439e-06,1.8504393538705839e-06,2.073796809697823e-06,1.2298610374166672e-06,1.8499018137915203e-06,2.0525187409641162e-06,2.115329659321244e-06,7.520206001436856e-07,1.717403916482302e-06,1.1490343231811198e-06,4.709223750553222e-07,-1.0,-1.0,-1.0,1.987040788066699e-06,2.112990765789061e-06,2.1675788637211396e-06,1.7494288275807868e-06,1.6741424366255937e-06,2.1210581514557192e-06,2.1198937048797588e-06,2.139694190025265e-06,2.1477068775068756e-06,1.8215056412342735e-06,-1.0,-1.0,-1.0,2.1021356953238526e-06,-1.0,-1.0,-1.0,-1.0,-1.0,-1.0,-1.0,-1.0,-1.0,2.1470394806884404e-06,1.905479042867808e-06,2.0863604173791607e-06,1.5647333114497582e-06,1.7127542805517997e-06,7.521381652614319e-07,1.1202712143270346e-06,4.779061977926234e-07,1.490562829504766e-06,1.691819382408039e-06,2.135373131193078e-06,1.912140591251084e-06,2.087252611064795e-06,2.110768327881783e-06,1.6735973827615787e-06,2.1502746376507803e-06,1.8676367862182587e-06,2.094489394163404e-06,2.1281978171492076e-06,2.0734783611681707e-06,1.647980115012645e-06,2.106496238739989e-06,2.1522771907648985e-06,-1.0,-1.0,-1.0,-1.0
0.42000000000000004,7.441934814543135e-07,1.1282644575382784e-06,4.720058309686336e-07,-1.0,-1.0,-1.0,-1.0,-1.0,-1.0,-1.0,-1.0,-1.0,1.1000984692391412e-06,-1.0,-1.0,4.5150149967688e-07,-1.0,-1.0,-1.0,1.8119208733815667e-06,1.135948254685427e-06,4.7354947634130754e-07,1.964461504363298e-06,2.0593785856914096e-06,1.8190134731391547e-06,1.9261040775115274e-06,1.1443201905266135e-06,1.8200229775382852e-06,2.0070005593723786e-06,2.0377881834301485e-06,7.484183253954125e-07,1.6932699643793793e-06,1.1401917774256351e-06,4.693939177321571e-07,-1.0,-1.0,-1.0,1.946709786268445e-06,2.0207618992980838e-06,2.107762214309547e-06,1.6261515305655194e-06,1.5746986103012422e-06,2.0239507508269166e-06,2.0405271002307147e-06,2.0725068829123344e-06,2.086889103299306e-06,1.7925711786999982e-06,-1.0,-1.0,-1.0,2.042057644040193e-06,-1.0,-1.0,-1.0,-1.0,-1.0,-1.0,-1.0,-1.0,-1.0,2.076428500433895e-06,1.8723025788020865e-06,2.0375586845896915e-06,1.546577485222535e-06,1.689312218295557e-06,7.485358117742315e-07,1.1121189597957544e-06,4.7635678870725526e-07,1.4746609612748162e-06,1.6691983823972092e-06,2.0624737368303953e-06,1.878523957036529e-06,2.038206737546127e-06,2.0193171015138004e-06,1.65158387843112e-06,2.0833837002588376e-06,1.8367003780495258e-06,2.0446933204983506e-06,2.0343998098671136e-06,1.9881499934363923e-06,1.6269224181889858e-06,2.0257738821278876e-06,2.089747236266456e-06,-1.0,-1.0,-1.0,-1.0
0.43000000000000005,7.406525848605545e-07,1.1198887773962845e-06,4.7048704629058614e-07,-1.0,-1.0,-1.0,-1.0,-1.0,-1.0,-1.0,-1.0,-1.0,1.0921132195715572e-06,-1.0,-1.0,4.500955817900184e-07,-1.0,-1.0,-1.0,1.7829087164050933e-06,1.1274041031748729e-06,4.720205669737967e-07,1.91566107348991e-06,1.9954921291384614e-06,1.7881405088817038e-06,1.7889455714741286e-06,1.0648547408746038e-06,1.7906297862610768e-06,1.9625037352829915e-06,1.9631095543771203e-06,7.448334110890379e-07,1.6694822005117835e-06,1.1314190327775306e-06,4.678704854078294e-07,-1.0,-1.0,-1.0,1.9072192256531671e-06,1.9325687341203636e-06,2.0496111239797508e-06,1.511618157587072e-06,1.481223055807077e-06,1.9312956968438694e-06,1.964137510252283e-06,2.0074293029450794e-06,2.027824673242747e-06,1.7641045931462697e-06,-1.0,-1.0,-1.0,1.983786638734862e-06,-1.0,-1.0,-1.0,-1.0,-1.0,-1.0,-1.0,-1.0,-1.0,2.008164967896096e-06,1.8397076190170505e-06,1.9899084164107994e-06,1.5286327688481336e-06,1.6661921233860354e-06,7.449508135076325e-07,1.1040262895233515e-06,4.7481241934380044e-07,1.45892910749249e-06,1.646880781854032e-06,1.9920864595134473e-06,1.845502265239946e-06,1.990320558223018e-06,1.931835488646489e-06,1.6298620360332962e-06,2.0186070120595787e-06,1.8062801840987008e-06,1.9960958902766816e-06,1.9447411056493436e-06,1.9063348442815826e-06,1.6061356551570662e-06,1.948154764624379e-06,2.02905609565408e-06,-1.0,-1.0,-1.0,-1.0
0.44000000000000006,7.371286192229556e-07,1.1115757698371353e-06,4.689731637402455e-07,-1.0,-1.0,-1.0,-1.0,-1.0,-1.0,-1.0,-1.0,-1.0,1.0841867898766772e-06,-1.0,-1.0,4.4869406304245784e-07,-1.0,-1.0,-1.0,1.7543647360667062e-06,1.1189248806011137e-06,4.704966123038565e-07,1.8682026017362827e-06,1.9336727354763257e-06,1.7578104157410565e-06,1.661568776557145e-06,9.910246157605214e-07,1.7617142982349947e-06,1.9190050948722807e-06,1.8911873653217959e-06,7.412657730542896e-07,1.6460355590634639e-06,1.1227155245062877e-06,4.6635206135405686e-07,-1.0,-1.0,-1.0,1.8685511518699407e-06,1.84823423136617e-06,1.9930788186884684e-06,1.4052049567001048e-06,1.3933536172488564e-06,1.8428885513974804e-06,1.8906130596970135e-06,1.9443952027173794e-06,1.9704621523740057e-06,1.7360981952866928e-06,-1.0,-1.0,-1.0,1.927265888521964e-06,-1.0,-1.0,-1.0,-1.0,-1.0,-1.0,-1.0,-1.0,-1.0,1.9421700052954923e-06,1.8076839040718721e-06,1.9433822091833365e-06,1.510896702592518e-06,1.6433895584125671e-06,7.413830863589951e-07,1.0959927660812135e-06,4.7327307325620113e-07,1.4433654466750957e-06,1.624862498871394e-06,1.924123931020901e-06,1.813064918361408e-06,1.9435664806192767e-06,1.8481508525908283e-06,1.6084279646567397e-06,1.955876726924153e-06,1.7763675283887356e-06,1.9486678936763384e-06,1.8590388022246745e-06,1.8278881921101455e-06,1.585616317266483e-06,1.8735192124278062e-06,1.9701490787314874e-06,-1.0,-1.0,-1.0,-1.0
0.45000000000000007,7.336215031868642e-07,1.1033249620528259e-06,4.674641674462046e-07,-1.0,-1.0,-1.0,-1.0,-1.0,-1.0,-1.0,-1.0,-1.0,1.0763187405640972e-06,-1.0,-1.0,4.472969296027685e-07,-1.0,-1.0,-1.0,1.7262813195151125e-06,1.1105100882481232e-06,4.6897759621508657e-07,1.8220458573020806e-06,1.8738508596453814e-06,1.7280133361003015e-06,1.5432750189423935e-06,9.224222001121227e-07,1.733268702365464e-06,1.8764819956302503e-06,1.8219191891499794e-06,7.377153275314136e-07,1.6229250497773186e-06,1.114080692558699e-06,4.6483862889891993e-07,-1.0,-1.0,-1.0,1.830688003128092e-06,1.7675891383905716e-06,1.938119848673719e-06,1.3063329100445646e-06,1.310750372858541e-06,1.7585342772832935e-06,1.819846085294206e-06,1.883340415070573e-06,1.9147516399471517e-06,1.7085444240555057e-06,-1.0,-1.0,-1.0,1.8724404547859177e-06,-1.0,-1.0,-1.0,-1.0,-1.0,-1.0,-1.0,-1.0,-1.0,1.8783674130261584e-06,1.7762213566941172e-06,1.897953316977724e-06,1.493366855437789e-06,1.6209001473308596e-06,7.378325466355907e-07,1.0880179552663843e-06,4.7173873405224227e-07,1.427968176893614e-06,1.6031395066295815e-06,1.8585018490464116e-06,1.7812015088537713e-06,1.897917572830296e-06,1.7680980791122723e-06,1.5872778256338347e-06,1.8951272070971263e-06,1.7469538817875605e-06,1.9023808413506401e-06,1.7771180896793913e-06,1.7526712798630047e-06,1.5653609415832734e-06,1.801752181067814e-06,1.9129731391315923e-06,-1.0,-1.0,-1.0,-1.0
0.45999999999999996,7.301311557904508e-07,1.0951358848321763e-06,4.6596004158860125e-07,-1.0,-1.0,-1.0,-1.0,-1.0,-1.0,-1.0,-1.0,-1.0,1.0685086353752488e-06,-1.0,-1.0,4.4590416768321626e-07,-1.0,-1.0,-1.0,1.6986509786066977e-06,1.1021592312729736e-06,4.674635026437033e-07,1.7771519002633488e-06,1.8159593793674986e-06,1.6987395964873624e-06,1.4334156075163817e-06,8.586699034676528e-07,1.7052853160275401e-06,1.8349123140598899e-06,1.7552064287598546e-06,7.341819911691613e-07,1.6001457568075658e-06,1.105513981519268e-06,4.6333017142666976e-07,-1.0,-1.0,-1.0,1.7936126014280842e-06,1.6904716454673963e-06,1.884690050670105e-06,1.2144645087141288e-06,1.2330942529347885e-06,1.6780468052788294e-06,1.7517329768862136e-06,1.8242027877706724e-06,1.8606447229435526e-06,1.6814358444416706e-06,-1.0,-1.0,-1.0,1.8192571888561868e-06,-1.0,-1.0,-1.0,-1.0,-1.0,-1.0,-1.0,-1.0,-1.0,1.8166835778032167e-06,1.7453100785250308e-06,1.8535956356765115e-06,1.4760408247462968e-06,1.5987195746114825e-06,7.342991110525931e-07,1.0801014260776711e-06,4.702093853933743e-07,1.4127355155623863e-06,1.5817078326505608e-06,1.7951388686752362e-06,1.7499018156974038e-06,1.8533475476122908e-06,1.6915192480014594e-06,1.5664078318349446e-06,1.8362949503592756e-06,1.7180308595056799e-06,1.8572069464471616e-06,1.6988118919479455e-06,1.6805510690731806e-06,1.5453661102908226e-06,1.7327430757895834e-06,1.8574768244241318e-06,-1.0,-1.0,-1.0,-1.0
0.47,7.266574964628029e-07,1.0870080725332345e-06,4.6446077039895067e-07,-1.0,-1.0,-1.0,-1.0,-1.0,-1.0,-1.0,-1.0,-1.0,1.060756041357799e-06,-1.0,-1.0,4.4451576353962335e-07,-1.0,-1.0,-1.0,1.6714663478480613e-06,1.093871818675414e-06,4.6595431557836743e-07,1.7334830388512646e-06,1.7599335081576202e-06,1.66997970404987e-06,1.3313882523426096e-06,7.994179119576151e-07,1.6777565829411418e-06,1.7942744336638284e-06,1.6909541730108186e-06,7.306656810227852e-07,1.5776928375898482e-06,1.0970148405709518e-06,4.618266723775368e-07,-1.0,-1.0,-1.0,1.7573081439921823e-06,1.6167270576410887e-06,1.832746511210136e-06,1.1291007613889357e-06,1.160085744822475e-06,1.6012486211864717e-06,1.6861740245673129e-06,1.7669221202368348e-06,1.808094431011548e-06,1.6547651453599745e-06,-1.0,-1.0,-1.0,1.767664671834691e-06,-1.0,-1.0,-1.0,-1.0,-1.0,-1.0,-1.0,-1.0,-1.0,1.757047383990922e-06,1.7149403469233094e-06,1.8102836874452408e-06,1.458916235928689e-06,1.5768435844002104e-06,7.307826967310786e-07,1.0722427506919276e-06,4.6868501099453685e-07,1.3976656992310733e-06,1.5605635580623891e-06,1.733956497734154e-06,1.7191558010370317e-06,1.8098307468570599e-06,1.6182633190128256e-06,1.545814246972233e-06,1.7793185196220318e-06,1.689590218636698e-06,1.8131191070804963e-06,1.6239605242073822e-06,1.6114000040695481e-06,1.5256284500986644e-06,1.6663855789276036e-06,1.8036102277512394e-06,-1.0,-1.0,-1.0,-1.0
0.48,7.232004450220291e-07,1.0789410630558975e-06,4.629663381599778e-07,-1.0,-1.0,-1.0,-1.0,-1.0,-1.0,-1.0,-1.0,-1.0,1.053060528840255e-06,-1.0,-1.0,4.431317034712298e-07,-1.0,-1.0,-1.0,1.6447201823727295e-06,1.085647363267697e-06,4.6445001906001257e-07,1.6910027872705627e-06,1.7057107115396214e-06,1.6417243430989396e-06,1.236633740195473e-06,7.443421110436886e-07,1.6506750710816167e-06,1.7545472332115859e-06,1.6290710581196947e-06,7.271663145520442e-07,1.5555615217287883e-06,1.0885827234562398e-06,4.603281152475404e-07,-1.0,-1.0,-1.0,1.7217581948902623e-06,1.5462074810837329e-06,1.7822475309801678e-06,1.0497784196944995e-06,1.0914436793739504e-06,1.5279703719197975e-06,1.6230732715979404e-06,1.7114401022566597e-06,1.7570551927911963e-06,1.6285251375584952e-06,-1.0,-1.0,-1.0,1.7176131564998966e-06,-1.0,-1.0,-1.0,-1.0,-1.0,-1.0,-1.0,-1.0,-1.0,1.6993901280002668e-06,1.6851026118263264e-06,1.7679926055820616e-06,1.4419907421158495e-06,1.555267979690055e-06,7.272832211960369e-07,1.0644415044405182e-06,4.671655946239838e-07,1.382756983378851e-06,1.5397028168736106e-06,1.6748789958753545e-06,1.6889536068795746e-06,1.7673421264428745e-06,1.5481858315412767e-06,1.5254933849129372e-06,1.7241384748714895e-06,1.6616238557400234e-06,1.7700908892473036e-06,1.5524113654691084e-06,1.5450957859080046e-06,1.5061446316590711e-06,1.6025774839962112e-06,1.751324940943781e-06,-1.0,-1.0,-1.0,-1.0
0.49,7.197599216733712e-07,1.0709343978147383e-06,4.614767292054506e-07,-1.0,-1.0,-1.0,-1.0,-1.0,-1.0,-1.0,-1.0,-1.0,1.0454216714067648e-06,-1.0,-1.0,4.4175197382055624e-07,-1.0,-1.0,-1.0,1.6184053559514783e-06,1.0774853816446383e-06,4.6295059718167374e-07,1.6496758250017332e-06,1.6532306263458326e-06,1.6139643717204745e-06,1.1486328486740176e-06,6.931421658809178e-07,1.6240334706250401e-06,1.7157100752808005e-06,1.5694691342972715e-06,7.236838096192206e-07,1.5337471099027221e-06,1.0802170884385735e-06,4.58834483588298e-07,-1.0,-1.0,-1.0,1.6869466768562413e-06,1.478771523314381e-06,1.733152590200437e-06,9.760674044978072e-07,1.0269040936946816e-06,1.4580504897538967e-06,1.5623383728757005e-06,1.6577002546259348e-06,1.7074827935809338e-06,1.6027087515618082e-06,-1.0,-1.0,-1.0,1.6690545112143037e-06,-1.0,-1.0,-1.0,-1.0,-1.0,-1.0,-1.0,-1.0,-1.0,1.6436454356488645e-06,1.6557874926677494e-06,1.7266981197367818e-06,1.425262023834682e-06,1.533988621504822e-06,7.238006023743914e-07,1.0566972657859525e-06,4.656511201031072e-07,1.3680076422108287e-06,1.519121795257508e-06,1.617833277260004e-06,1.6592855518518601e-06,1.7258572414523286e-06,1.4811486174347424e-06,1.505441609001977e-06,1.6706973073826914e-06,1.6341238044650335e-06,1.7280965101723768e-06,1.484018545692963e-06,1.4815211556285526e-06,1.4869113689913282e-06,1.5412205362347896e-06,1.7005740090727308e-06,-1.0,-1.0,-1.0,-1.0
0.5,7.163358470073262e-07,1.062987621712051e-06,4.599919279200137e-07,-1.0,-1.0,-1.0,-1.0,-1.0,-1.0,-1.0,-1.0,-1.0,1.037839045872111e-06,-1.0,-1.0,4.4037656097326637e-07,-1.0,-1.0,-1.0,1.5925148590356916e-06,1.069385394153917e-06,4.6145603408831617e-07,1.609467957533187e-06,1.6024349829842584e-06,1.5866908184526577e-06,1.0669034817448815e-06,6.455397471904148e-07,1.5978245919276765e-06,1.677742795065981e-06,1.5120637374260476e-06,7.202180844871448e-07,1.5122449727853429e-06,1.0719173982640954e-06,4.573457610068361e-07,-1.0,-1.0,-1.0,1.6528578632907053e-06,1.4142840066664218e-06,1.6854223149995516e-06,9.075684185085622e-07,9.662191653122074e-07,1.391334833900892e-06,1.5038804587528583e-06,1.605647871652386e-06,1.659334334304349e-06,1.5773090356493132e-06,-1.0,-1.0,-1.0,1.6219421657646917e-06,-1.0,-1.0,-1.0,-1.0,-1.0,-1.0,-1.0,-1.0,-1.0,1.5897491823796682e-06,1.626985775350548e-06,1.6863765414902938e-06,1.4087277886876895e-06,1.5130014280940324e-06,7.203347585930288e-07,1.0490096162986958e-06,4.6414157130626356e-07,1.3534159684566562e-06,1.4988167308460642e-06,1.562748816712078e-06,1.6301421280171151e-06,1.6853522317482029e-06,1.417019526366909e-06,1.48565533139376e-06,1.6189393761276178e-06,1.607082233215973e-06,1.6871108220747153e-06,1.4186426467785842e-06,1.420563686453396e-06,1.4679254189135914e-06,1.48222027935579e-06,1.651311886391305e-06,-1.0,-1.0,-1.0,-1.0
0.51,7.12928141997777e-07,1.0551002831110955e-06,4.58511918739023e-07,-1.0,-1.0,-1.0,-1.0,-1.0,-1.0,-1.0,-1.0,-1.0,1.0303122322569036e-06,-1.0,-1.0,4.390054513580296e-07,-1.0,-1.0,-1.0,1.5670417968332216e-06,1.0613469248666107e-06,4.5996631397666586e-07,1.5703460784715736e-06,1.553267530561947e-06,1.5598948790283204e-06,9.909980107988068e-07,6.012768914708197e-07,1.572041363539024e-06,1.6406256894484988e-06,1.456773365587658e-06,7.167690578172307e-07,1.4910505499839868e-06,1.063683120123731e-06,4.558619311654017e-07,-1.0,-1.0,-1.0,1.619476370445431e-06,1.3526156944159998e-06,1.6390184447546893e-06,8.43910731625228e-07,9.091562132215349e-07,1.3276763486106879e-06,1.447614003997985e-06,1.5552299654649158e-06,1.612568191736592e-06,1.5523191538680805e-06,-1.0,-1.0,-1.0,1.5762310590670303e-06,-1.0,-1.0,-1.0,-1.0,-1.0,-1.0,-1.0,-1.0,-1.0,1.537639416238722e-06,1.59868840927438e-06,1.647004750285505e-06,1.3923857710363142e-06,1.4923023741390513e-06,7.168856085768404e-07,1.0413781406341524e-06,4.626369321605991e-07,1.3389802731713028e-06,1.4787839120335182e-06,1.5095575592177313e-06,1.601513997749177e-06,1.6458038078986369e-06,1.3556721632196906e-06,1.4661310123930657e-06,1.5688108463028986e-06,1.5804914428568935e-06,1.6471092963429218e-06,1.356150416817782e-06,1.3621155845570494e-06,1.44918358048223e-06,1.4254859082536005e-06,1.6034943936249463e-06,-1.0,-1.0,-1.0,-1.0
0.52,7.095367280001333e-07,1.0472719338095558e-06,4.5703668614837965e-07,-1.0,-1.0,-1.0,-1.0,-1.0,-1.0,-1.0,-1.0,-1.0,1.0228408137629646e-06,-1.0,-1.0,4.376386314463853e-07,-1.0,-1.0,-1.0,1.5419793874161893e-06,1.0533695015479663e-06,4.5848142109503983e-07,1.5322781329803608e-06,1.5056739647572473e-06,1.5335679131808873e-06,9.205008064510148e-07,5.601144852439638e-07,1.5466768302478886e-06,1.6043395063216497e-06,1.4035195602557635e-06,7.133366486675206e-07,1.470159348994304e-06,1.0555137256155952e-06,4.5438297778127346e-07,-1.0,-1.0,-1.0,1.586787149785581e-06,1.2936430290105643e-06,1.5939038003695477e-06,7.847501264581845e-07,8.554967615536668e-07,1.2669347370339273e-06,1.3934567017071017e-06,1.506395212071615e-06,1.5671439799512182e-06,1.527732384079618e-06,-1.0,-1.0,-1.0,1.531877588670393e-06,-1.0,-1.0,-1.0,-1.0,-1.0,-1.0,-1.0,-1.0,-1.0,1.4872562835156466e-06,1.5708865044163809e-06,1.6085601797011491e-06,1.3762337316879808e-06,1.4718874899702643e-06,7.134530714467692e-07,1.0338024265098199e-06,4.6113718664587736e-07,1.3246988855379844e-06,1.4590196772893673e-06,1.4581938326499868e-06,1.5733919906633621e-06,1.6071892374430832e-06,1.2969856369491784e-06,1.4468651598048804e-06,1.5202596299058143e-06,1.5543438644559362e-06,1.6080680081094632e-06,1.2964144970189923e-06,1.306073498054667e-06,1.4306826944385518e-06,1.3709301274417224e-06,1.557078676567571e-06,-1.0,-1.0,-1.0,-1.0
0.53,7.061615267494796e-07,1.0395021290132005e-06,4.555662146843665e-07,-1.0,-1.0,-1.0,-1.0,-1.0,-1.0,-1.0,-1.0,-1.0,1.0154243767489e-06,-1.0,-1.0,4.3627608775260596e-07,-1.0,-1.0,-1.0,1.5173209598602017e-06,1.0454526556284026e-06,4.5700133974317645e-07,1.4952330824986329e-06,1.4596018583377827e-06,1.5077014415126432e-06,8.550259473790514e-07,5.218308638294552e-07,1.521724151160929e-06,1.5688654341648035e-06,1.3522267919772111e-06,7.099207764907415e-07,1.4495669441710503e-06,1.0474086907077273e-06,4.5290888462657497e-07,-1.0,-1.0,-1.0,1.554775480525459e-06,1.2372478818615625e-06,1.5500422534629548e-06,7.297669923819173e-07,8.050356618883227e-07,1.2089761501194495e-06,1.3413293419770413e-06,1.4590938991116454e-06,1.5230225129494953e-06,1.503542116039974e-06,-1.0,-1.0,-1.0,1.4888395619965733e-06,-1.0,-1.0,-1.0,-1.0,-1.0,-1.0,-1.0,-1.0,-1.0,1.438541956953956e-06,1.543571328464383e-06,1.5710208040600495e-06,1.3602694575868113e-06,1.4517528607951508e-06,7.100370667178717e-07,1.026282064682612e-06,4.5964231879430535e-07,1.3105701526732107e-06,1.4395204144806998e-06,1.4085942636028863e-06,1.5457671006029627e-06,1.569486331490756e-06,1.240844320431919e-06,1.4278543282930605e-06,1.4732353282895465e-06,1.5286320570682852e-06,1.5699636212136506e-06,1.2393131607410893e-06,1.2523383338694402e-06,1.4124196426628131e-06,1.3184690149948446e-06,1.5120231659437992e-06,-1.0,-1.0,-1.0,-1.0
0.54,7.028024603587348e-07,1.0317904273097493e-06,4.541004889334833e-07,-1.0,-1.0,-1.0,-1.0,-1.0,-1.0,-1.0,-1.0,-1.0,1.0080625107058667e-06,-1.0,-1.0,4.3491780683356233e-07,-1.0,-1.0,-1.0,1.4930599524144637e-06,1.0375959221747385e-06,4.5552605427206787e-07,1.4591808706938523e-06,1.4150005942249292e-06,1.4822871424240858e-06,7.942150934783065e-07,4.862205158795741e-07,1.4971765978131353e-06,1.534185091860763e-06,1.3028223503710542e-06,7.065213611323657e-07,1.4292689757147576e-06,1.039367495701143e-06,4.5143963552808695e-07,-1.0,-1.0,-1.0,1.52342696233382e-06,1.1833173141890771e-06,1.5073986964417977e-06,6.786645573200436e-07,7.57580270488302e-07,1.153672889852174e-06,1.2911556951608564e-06,1.4132778752478033e-06,1.4801657684354098e-06,1.479741849512604e-06,-1.0,-1.0,-1.0,1.4470761492543804e-06,-1.0,-1.0,-1.0,-1.0,-1.0,-1.0,-1.0,-1.0,-1.0,1.3914405664415825e-06,1.5167343040016307e-06,1.5343651253636335e-06,1.3444907615079636e-06,1.4318946259370993e-06,7.066375142973847e-07,1.0188166489263526e-06,4.5815231269036206e-07,1.2965924394339348e-06,1.4202825602037256e-06,1.360697696223438e-06,1.5186304826803572e-06,1.5326734316434721e-06,1.187137620810451e-06,1.4090951187477082e-06,1.4276891766310228e-06,1.5033487055571148e-06,1.5327733735434301e-06,1.1847300640988816e-06,1.200815082153894e-06,1.3943913476354265e-06,1.2680218917811328e-06,1.4682875384981349e-06,-1.0,-1.0,-1.0,-1.0
0.55,6.994594513168181e-07,1.024136390642938e-06,4.5263949353228304e-07,-1.0,-1.0,-1.0,-1.0,-1.0,-1.0,-1.0,-1.0,-1.0,1.0007548082335261e-06,-1.0,-1.0,4.335637752885878e-07,-1.0,-1.0,-1.0,1.4691899107022546e-06,1.0297988398616589e-06,4.540555490837916e-07,1.4240923906040342e-06,1.3718213010093606e-06,1.4573168491031407e-06,7.377355115308679e-07,4.530928855848962e-07,1.4730275523097076e-06,1.5002805187506265e-06,1.2552362382814951e-06,7.031383228286885e-07,1.4092611486740257e-06,1.0313896251932098e-06,4.4997521436706216e-07,-1.0,-1.0,-1.0,1.4927275082047933e-06,1.1317433484289619e-06,1.4659390134327097e-06,6.311672472561708e-07,7.129496769725561e-07,1.1009031261694212e-06,1.2428623995319152e-06,1.3689005011482297e-06,1.4385368527007463e-06,1.4563251924134313e-06,-1.0,-1.0,-1.0,1.4065478379697653e-06,-1.0,-1.0,-1.0,-1.0,-1.0,-1.0,-1.0,-1.0,-1.0,1.345898132095116e-06,1.490367005742046e-06,1.4985721605446745e-06,1.3288954817555478e-06,1.4123089780848157e-06,7.03254334482804e-07,1.0114057760094346e-06,4.566671524706265e-07,1.2827641282267792e-06,1.4013025991243788e-06,1.3144451139337212e-06,1.4919734503717406e-06,1.4967293972349903e-06,1.1357597598781636e-06,1.3905841776611359e-06,1.3835739902469493e-06,1.4784866184518883e-06,1.49647506274633e-06,1.1325540076264807e-06,1.151412647953345e-06,1.3765947719052506e-06,1.2195111957784211e-06,1.4258326792732668e-06,-1.0,-1.0,-1.0,-1.0
0.56,6.961324224868259e-07,1.016539584286788e-06,4.511832131672094e-07,-1.0,-1.0,-1.0,-1.0,-1.0,-1.0,-1.0,-1.0,-1.0,9.935008650161861e-07,-1.0,-1.0,4.3221397975934345e-07,-1.0,-1.0,-1.0,1.4457044859512784e-06,1.0220609509433966e-06,4.5258980863134283e-07,1.3899394529264332e-06,1.3300167908258818e-06,1.432782546573061e-06,6.852782424328451e-07,4.222712650869978e-07,1.4492705054988034e-06,1.4671341649205522e-06,1.2094010699270957e-06,6.997715822049095e-07,1.3895392319631928e-06,1.0234745680413336e-06,4.4851560507903886e-07,-1.0,-1.0,-1.0,1.4626633374906162e-06,1.0824227497347634e-06,1.425630052047706e-06,5.870191641947818e-07,6.709739811690309e-07,1.0505506269242917e-06,1.1963788531899077e-06,1.3259166020073874e-06,1.3980999665857642e-06,1.433285858987554e-06,-1.0,-1.0,-1.0,1.3672163890750493e-06,-1.0,-1.0,-1.0,-1.0,-1.0,-1.0,-1.0,-1.0,-1.0,1.3018624996543349e-06,1.4644611578151419e-06,1.4636214290304635e-06,1.3134814818640861e-06,1.392992162552179e-06,6.998874479599722e-07,1.004049045672647e-06,4.551868223236069e-07,1.269083618819319e-06,1.382577063327873e-06,1.269779563939429e-06,1.4657874726644966e-06,1.4616335928791425e-06,1.0866095640637156e-06,1.372318196512301e-06,1.3408441126958298e-06,1.4540387258433538e-06,1.4610470323001766e-06,1.082678708507607e-06,1.1040436898126632e-06,1.3590269175648938e-06,1.1728623612761209e-06,1.3846206450408567e-06,-1.0,-1.0,-1.0,-1.0
0.5700000000000001,6.928212971042166e-07,1.0089995768200714e-06,4.4973163257443375e-07,-1.0,-1.0,-1.0,-1.0,-1.0,-1.0,-1.0,-1.0,-1.0,9.863002797991231e-07,-1.0,-1.0,4.308684069296843e-07,-1.0,-1.0,-1.0,1.422597433253377e-06,1.0143818012256467e-06,4.5112881741846836e-07,1.3566947554114338e-06,1.2895414994992603e-06,1.4086763687978428e-06,6.365563998135098e-07,3.9359177021161364e-07,1.4258990551746512e-06,1.4347288817149833e-06,1.1652519728945853e-06,6.964210602732252e-07,1.3700990573951465e-06,1.0156218173269642e-06,4.470607916536564e-07,-1.0,-1.0,-1.0,1.4332209690924069e-06,1.03525681712747e-06,1.386439595959666e-06,5.459826739737384e-07,6.314936150976908e-07,1.0025045002939026e-06,1.1516371100483027e-06,1.284282421557941e-06,1.3588203724820511e-06,1.410617668017046e-06,-1.0,-1.0,-1.0,1.3290447945025474e-06,-1.0,-1.0,-1.0,-1.0,-1.0,-1.0,-1.0,-1.0,-1.0,1.259283278106509e-06,1.4390086310996837e-06,1.4294929406087798e-06,1.2982466503034675e-06,1.3739404765483926e-06,6.965367758011759e-07,9.967460606071658e-07,4.537113064895694e-07,1.2555493281533959e-06,1.3641025316770819e-06,1.2266460844248536e-06,1.4400641712562507e-06,1.4273658763192357e-06,1.0395902635945736e-06,1.3542939111596028e-06,1.2994553656058579e-06,1.4299980773146069e-06,1.4264681579344135e-06,1.0350025829037101e-06,1.058624465039797e-06,1.341684825732917e-06,1.1280037027723345e-06,1.344614628849294e-06,-1.0,-1.0,-1.0,-1.0
0.5800000000000001,6.895259987750044e-07,1.0015159401009774e-06,4.4828473653969357e-07,-1.0,-1.0,-1.0,-1.0,-1.0,-1.0,-1.0,-1.0,-1.0,9.791526543650967e-07,-1.0,-1.0,4.295270435255248e-07,-1.0,-1.0,-1.0,1.3998626098531194e-06,1.006760940037701e-06,4.4967255999949977e-07,1.3243318533218556e-06,1.2503514288761458e-06,1.384990595844016e-06,5.913035906110184e-07,3.669023931675887e-07,1.4029069043105075e-06,1.4030479124710034e-06,1.122726493831401e-06,6.930866784309319e-07,1.3509365187290353e-06,1.0078308703199056e-06,4.456107581344709e-07,-1.0,-1.0,-1.0,1.4043872148053566e-06,9.901511838659871e-07,1.348336338264272e-06,5.078370959576886e-07,5.943587072298674e-07,9.566589490581286e-07,1.1085717797488746e-06,1.2439555775267552e-06,1.3206643623452066e-06,1.3883145410593205e-06,-1.0,-1.0,-1.0,1.2919972362298452e-06,-1.0,-1.0,-1.0,-1.0,-1.0,-1.0,-1.0,-1.0,-1.0,1.2181117794628155e-06,1.4140014406052187e-06,1.3961671835892452e-06,1.2831889001873597e-06,1.3551502684582946e-06,6.932022394632516e-07,9.894964264327087e-07,4.522405892603692e-07,1.2421596901604452e-06,1.3458756291796304e-06,1.1849916343379554e-06,1.4147953178046674e-06,1.3939065865714036e-06,9.946093004376637e-07,1.3365081012419184e-06,1.2593650001706581e-06,1.406357839907602e-06,1.3927178343931024e-06,9.894285379316395e-07,1.0150746813513812e-06,1.3245655760428589e-06,1.0848663033831863e-06,1.3057789256540225e-06,-1.0,-1.0,-1.0,-1.0
0.5900000000000001,6.862464514739621e-07,9.940882492419702e-07,4.4684250989813057e-07,-1.0,-1.0,-1.0,-1.0,-1.0,-1.0,-1.0,-1.0,-1.0,9.720575935110387e-07,-1.0,-1.0,4.2818987631470604e-07,-1.0,-1.0,-1.0,1.37749397346479e-06,9.99197920204803e-07,4.482210209791878e-07,1.292825130919353e-06,1.2124040912613937e-06,1.3617176510976902e-06,5.492724488481828e-07,3.4206212634741545e-07,1.3802878593209705e-06,1.3720748834686246e-06,1.0817645076966455e-06,6.897683584585371e-07,1.3320475707326478e-06,1.000101228442938e-06,4.44165488618771e-07,-1.0,-1.0,-1.0,1.37614917281475e-06,9.470156266301828e-07,1.3112898556056836e-06,4.723774872231998e-07,5.594284863530373e-07,9.129130362010164e-07,1.067119931354767e-06,1.2048950184896293e-06,1.2835992266860105e-06,1.3663705007155272e-06,-1.0,-1.0,-1.0,1.256039046725861e-06,-1.0,-1.0,-1.0,-1.0,-1.0,-1.0,-1.0,-1.0,-1.0,1.1783009606119081e-06,1.389431742900608e-06,1.363625113252802e-06,1.2683061689850385e-06,1.336617937132679e-06,6.898837607857022e-07,9.822997516758516e-07,4.5077465497927994e-07,1.2289131555788104e-06,1.327893026363574e-06,1.1447650256726216e-06,1.3899728312270625e-06,1.3612365323547445e-06,9.515781446327741e-07,1.3189575895877716e-06,1.2205316502567721e-06,1.3831112961244959e-06,1.3597759625309172e-06,9.458637728625231e-07,9.733173546370553e-07,1.307666286138983e-06,1.043383907588467e-06,1.2680788989970885e-06,-1.0,-1.0,-1.0,-1.0
0.6000000000000001,6.829825795428318e-07,9.867160825848452e-07,4.4540493753413037e-07,-1.0,-1.0,-1.0,-1.0,-1.0,-1.0,-1.0,-1.0,-1.0,9.650147050249296e-07,-1.0,-1.0,4.26856892106862e-07,-1.0,-1.0,-1.0,1.3554855806172896e-06,9.916922980207229e-07,4.467741850125374e-07,1.2621497739410106e-06,1.1756584558802248e-06,1.338850098535765e-06,5.102332744815471e-07,3.189401518173696e-07,1.3580358283531622e-06,1.3417937950919338e-06,1.0423081304354971e-06,6.864660225178799e-07,1.3134282282592312e-06,9.92432397236743e-07,4.42724967257396e-07,-1.0,-1.0,-1.0,1.3484942213393468e-06,9.057638831264615e-07,1.2752705830439079e-06,4.394135143853658e-07,5.265707225412251e-07,8.711704613123939e-07,1.0272210006791947e-06,1.167060982080877e-06,1.2475932245097308e-06,1.3447796689284681e-06,-1.0,-1.0,-1.0,1.2211366707486652e-06,-1.0,-1.0,-1.0,-1.0,-1.0,-1.0,-1.0,-1.0,-1.0,1.139805367178343e-06,1.3652918335887133e-06,1.3318481405822556e-06,1.2535964182365916e-06,1.3183399311884952e-06,6.865812619888214e-07,9.751556477485096e-07,4.4931348804082603e-07,1.2158081917730283e-06,1.3101514386615492e-06,1.1059168581585968e-06,1.3655887750489252e-06,1.3293369808012752e-06,9.10412118651235e-07,1.3016392416325222e-06,1.1829152870687325e-06,1.3602518419632266e-06,1.3276229367336601e-06,9.042195891325581e-07,9.332786725900289e-07,1.2909841111786683e-06,1.003492818144622e-06,1.231480948703625e-06,-1.0,-1.0,-1.0,-1.0
0.6100000000000001,6.797343076885465e-07,9.793990216759743e-07,4.439720043811614e-07,-1.0,-1.0,-1.0,-1.0,-1.0,-1.0,-1.0,-1.0,-1.0,9.580235996628506e-07,-1.0,-1.0,4.2552807775328735e-07,-1.0,-1.0,-1.0,1.3338315850264973e-06,9.842436332205515e-07,4.453320368046425e-07,1.2322817430305834e-06,1.1400748972906388e-06,1.3163806400502268e-06,4.739727697814455e-07,2.974150915022285e-07,1.3361448196062783e-06,1.3121890131961412e-06,1.0043016349472552e-06,6.831795931502613e-07,1.2950745653385214e-06,9.848238863251329e-07,4.41289178254552e-07,-1.0,-1.0,-1.0,1.3214100124187175e-06,8.663134777431392e-07,1.2402497896424373e-06,4.0876840671496263e-07,4.956612028911687e-07,8.313393472913043e-07,9.888167011122874e-07,1.1304149545151776e-06,1.2126155541741626e-06,1.323536265309521e-06,-1.0,-1.0,-1.0,1.187257628447747e-06,-1.0,-1.0,-1.0,-1.0,-1.0,-1.0,-1.0,-1.0,-1.0,1.102581079316072e-06,1.341574144826407e-06,1.3008181212669885e-06,1.2390576332714589e-06,1.3003127483187776e-06,6.832946656718284e-07,9.68063728926573e-07,4.478570728906133e-07,1.2028432825550567e-06,1.2926476258032854e-06,1.0683994562727806e-06,1.3416353548004588e-06,1.298189646438888e-06,8.710302294284863e-07,1.2845499648434605e-06,1.146477175319386e-06,1.3377729849867366e-06,1.2962396326550448e-06,8.644112087746013e-07,8.948878639618129e-07,1.274516243341343e-06,9.651317970026761e-07,1.19595247956395e-06,-1.0,-1.0,-1.0,-1.0
0.6200000000000001,6.765015609814571e-07,9.721366512417464e-07,4.4254369542161563e-07,-1.0,-1.0,-1.0,-1.0,-1.0,-1.0,-1.0,-1.0,-1.0,9.510838911262163e-07,-1.0,-1.0,4.242034201468053e-07,-1.0,-1.0,-1.0,1.3125262359946224e-06,9.768514889537059e-07,4.438945611105227e-07,1.2031977480901532e-06,1.1056151456733838e-06,1.2943021128244852e-06,4.402928662430445e-07,2.773743134540847e-07,1.3146089396790593e-06,1.283245260675697e-06,9.67691370222144e-07,6.799089932745836e-07,1.2769827142817663e-06,9.77275209380577e-07,4.3985810586763144e-07,-1.0,-1.0,-1.0,1.2948844658412142e-06,8.28585554899427e-07,1.2061995547553768e-06,3.802779846579987e-07,4.665832398339776e-07,7.93332036875956e-07,9.518509378138055e-07,1.0949196313805163e-06,1.1786363251379325e-06,1.3026346054940736e-06,-1.0,-1.0,-1.0,1.154370479725138e-06,-1.0,-1.0,-1.0,-1.0,-1.0,-1.0,-1.0,-1.0,-1.0,1.0665856593696965e-06,1.3182712428890837e-06,1.2705173449751223e-06,1.2246878229302709e-06,1.2825329346121825e-06,6.800238948110113e-07,9.610236123287058e-07,4.4640539402516186e-07,1.1900169280074342e-06,1.275378391216356e-06,1.0321668084887204e-06,1.3181049154602668e-06,1.2677766804406776e-06,8.333550077345989e-07,1.2676867081527126e-06,1.111179830854906e-06,1.315668342425259e-06,1.265607395261715e-06,8.263576008968361e-07,8.580770732090687e-07,1.2582599113438893e-06,9.282419700750527e-07,1.161461870970968e-06,-1.0,-1.0,-1.0,-1.0
0.6300000000000001,6.732842648535715e-07,9.649285591641948e-07,4.411199956866487e-07,-1.0,-1.0,-1.0,-1.0,-1.0,-1.0,-1.0,-1.0,-1.0,9.441951960391828e-07,-1.0,-1.0,4.2288290622163543e-07,-1.0,-1.0,-1.0,1.2915638768361027e-06,9.695154317571553e-07,4.424617427349589e-07,1.1748752235192197e-06,1.0722422389295348e-06,1.2726074867607099e-06,4.090096355316154e-07,2.5871328994935547e-07,1.2934223919446954e-06,1.2549476092287458e-06,9.324256835267582e-07,6.766541461854991e-07,1.259148864800515e-06,9.69785884090027e-07,4.3843173440703113e-07,-1.0,-1.0,-1.0,1.2689057632093358e-06,7.925047197476265e-07,1.1730927449938697e-06,3.537897582983192e-07,4.392272099718822e-07,7.570648985468189e-07,9.162697251444416e-07,1.0605388796622836e-06,1.1456265305714743e-06,1.2820690995249756e-06,-1.0,-1.0,-1.0,1.1224447898114141e-06,-1.0,-1.0,-1.0,-1.0,-1.0,-1.0,-1.0,-1.0,-1.0,1.0317781013385086e-06,1.2953758257788737e-06,1.2409285248865699e-06,1.2104850192899458e-06,1.2649970838819844e-06,6.767688727578798e-07,9.540349178953016e-07,4.449584359917389e-07,1.1773276443083374e-06,1.2583405814350616e-06,9.971745086841233e-07,1.294989938945323e-06,1.2380806601341524e-06,7.973123545615209e-07,1.2510464613978336e-06,1.0769869796856631e-06,1.293931639311098e-06,1.2357080271786556e-06,7.899813158513957e-07,8.227812403100771e-07,1.2422123799624154e-06,8.927667357013474e-07,1.127978447483473e-06,-1.0,-1.0,-1.0,-1.0
0.6400000000000001,6.700823450967993e-07,9.57774336456815e-07,4.3970089025602153e-07,-1.0,-1.0,-1.0,-1.0,-1.0,-1.0,-1.0,-1.0,-1.0,9.373571339262325e-07,-1.0,-1.0,4.2156652295326276e-07,-1.0,-1.0,-1.0,1.270938943329607e-06,9.622350315288548e-07,4.4103356653233113e-07,1.1472923043094697e-06,1.039920476518401e-06,1.2512898619571698e-06,3.799522784323112e-07,2.4133500348513573e-07,1.2725794749527149e-06,1.2272814713133184e-06,8.984548455226156e-07,6.734149755515673e-07,1.2415692631389683e-06,9.623554321210363e-07,4.3701004823597193e-07,-1.0,-1.0,-1.0,1.2434623421393183e-06,7.57998885903255e-07,1.1409029918522203e-06,3.2916209070136327e-07,4.1349012152049406e-07,7.22458141370458e-07,8.820211072132769e-07,1.027237700959873e-06,1.1135580208039706e-06,1.2618342502635288e-06,-1.0,-1.0,-1.0,1.091451096014158e-06,-1.0,-1.0,-1.0,-1.0,-1.0,-1.0,-1.0,-1.0,-1.0,9.98118782080648e-07,1.2728807208757678e-06,1.2120347874805896e-06,1.1964472773920043e-06,1.2477018370044121e-06,6.735295232373267e-07,9.470972683675937e-07,4.4351618338819177e-07,1.1647739635585282e-06,1.2415310855173375e-06,9.63379699629106e-07,1.27228304164639e-06,1.2090845787640175e-06,7.628313942199361e-07,1.2346262547699963e-06,1.043863518375754e-06,1.2725567066453478e-06,1.206523777327376e-06,7.552083267516982e-07,7.889379855375307e-07,1.226370949560333e-06,8.586516766689509e-07,1.095472450286884e-06,-1.0,-1.0,-1.0,-1.0
0.6500000000000001,6.668957278612071e-07,9.50673577240567e-07,4.3828636425794195e-07,-1.0,-1.0,-1.0,-1.0,-1.0,-1.0,-1.0,-1.0,-1.0,9.305693271899331e-07,-1.0,-1.0,4.202542573583065e-07,-1.0,-1.0,-1.0,1.2506459621956998e-06,9.550098615013898e-07,4.3961001740645534e-07,1.1204278029646227e-06,1.0086153749710306e-06,1.2303424662345718e-06,3.5296218620809015e-07,2.2514939704766668e-07,1.2520745808574101e-06,1.2002325922907487e-06,8.65730978206666e-07,6.70191405413422e-07,1.2242402112196716e-06,9.549833790881729e-07,4.355930317703191e-07,-1.0,-1.0,-1.0,1.2185428905918545e-06,7.249991298922253e-07,1.1096046699746936e-06,3.06263421445481e-07,3.8927520855934936e-07,6.89435638371664e-07,8.490550814235652e-07,9.949821958583424e-07,1.0824034775803766e-06,1.2419246518275343e-06,-1.0,-1.0,-1.0,1.0613608755979902e-06,-1.0,-1.0,-1.0,-1.0,-1.0,-1.0,-1.0,-1.0,-1.0,9.655694141968868e-07,1.2507788826308776e-06,1.183819662571596e-06,1.1825726749740706e-06,1.2306438812661856e-06,6.703057703457991e-07,9.40210289266923e-07,4.42078620862782e-07,1.1523544336101637e-06,1.2249468344695669e-06,9.307410184806918e-07,1.2499769720080428e-06,1.1807718355023568e-06,7.298443338520668e-07,1.2184231582696654e-06,1.011775475745624e-06,1.251537479595988e-06,1.178037329849417e-06,7.219678780124049e-07,7.564874989831519e-07,1.2107329556226348e-06,8.258444756500758e-07,1.063915009523808e-06,-1.0,-1.0,-1.0,-1.0
0.6599999999999999,6.637243396532813e-07,9.436258787200664e-07,4.3687640286890646e-07,-1.0,-1.0,-1.0,-1.0,-1.0,-1.0,-1.0,-1.0,-1.0,9.238314010888672e-07,-1.0,-1.0,4.189460964943898e-07,-1.0,-1.0,-1.0,1.2306795495997454e-06,9.478394982158327e-07,4.3819108031042157e-07,1.0942611872158881e-06,9.782936250170428e-07,1.2097586527104448e-06,3.278920691716275e-07,2.1007286530391843e-07,1.2319021938723497e-06,1.1737870427519259e-06,8.342079855668583e-07,6.669833601819461e-07,1.2071580658023427e-06,9.476692545197182e-07,4.3418066947840276e-07,-1.0,-1.0,-1.0,1.1941363413309368e-06,6.934395520180132e-07,1.0791728760445019e-06,2.849715459886063e-07,3.664915504079543e-07,6.57924758040504e-07,8.173235249035058e-07,9.637395294188562e-07,1.0521363891034613e-06,1.2223349880559453e-06,-1.0,-1.0,-1.0,1.0321465147567274e-06,-1.0,-1.0,-1.0,-1.0,-1.0,-1.0,-1.0,-1.0,-1.0,9.340930005356849e-07,1.2290633903010772e-06,1.1562670735871564e-06,1.1688593122045165e-06,1.21381994972113e-06,6.670975385494778e-07,9.33373608874159e-07,4.4064573311402e-07,1.140067617897448e-06,1.208584800679202e-06,8.992185442117485e-07,1.2280646081525107e-06,1.1531262257002135e-06,6.982863290796564e-07,1.2024342811696572e-06,9.806899758437326e-07,1.2308679957268311e-06,1.1502317933079507e-06,6.901923406004095e-07,7.253724346380824e-07,1.195295768296307e-06,7.942948339221265e-07,1.0332781174676997e-06,-1.0,-1.0,-1.0,-1.0
0.6699999999999999,6.605681073342001e-07,9.366308411599563e-07,4.3547099131354345e-07,-1.0,-1.0,-1.0,-1.0,-1.0,-1.0,-1.0,-1.0,-1.0,9.171429837157368e-07,-1.0,-1.0,4.1764202746000937e-07,-1.0,-1.0,-1.0,1.2110344096796261e-06,9.407235214958039e-07,4.3677674024643296e-07,1.0687725585046296e-06,9.489230502648639e-07,1.1895318974205984e-06,3.0460514765026253e-07,1.960277836239191e-07,1.212056888750546e-06,1.1479312110220844e-06,8.03841486849915e-07,6.637907646364579e-07,1.1903192376556286e-06,9.40412591824654e-07,4.327729458808389e-07,-1.0,-1.0,-1.0,1.1702318665078494e-06,6.632571433648964e-07,1.049583408277043e-06,2.651729468344644e-07,3.450537145515957e-07,6.278562035990692e-07,7.867801237129352e-07,9.334778977527766e-07,1.0227310258365807e-06,1.2030600309996499e-06,-1.0,-1.0,-1.0,1.003781278639612e-06,-1.0,-1.0,-1.0,-1.0,-1.0,-1.0,-1.0,-1.0,-1.0,9.036537902631945e-07,1.2077274457242693e-06,1.129361328082227e-06,1.1553053114202127e-06,1.1972268205557352e-06,6.639047526824663e-07,9.265868582092736e-07,4.392175048904995e-07,1.1279120952691097e-06,1.1924419973550796e-06,8.687737469051507e-07,1.2065389555465099e-06,1.1261319313746776e-06,6.680953555186558e-07,1.186656771485483e-06,9.505752021447161e-07,1.2105423932567734e-06,1.123090690160397e-06,6.598170736991001e-07,6.955378088410769e-07,1.180056791936782e-06,7.639543932435534e-07,1.0035346025136992e-06,-1.0,-1.0,-1.0,-1.0
0.6799999999999999,6.574269581181124e-07,9.296880678614633e-07,4.3407011486445643e-07,-1.0,-1.0,-1.0,-1.0,-1.0,-1.0,-1.0,-1.0,-1.0,9.105037059756352e-07,-1.0,-1.0,4.163420373944061e-07,-1.0,-1.0,-1.0,1.191705333097867e-06,9.336615144217395e-07,4.353669822656444e-07,1.043942631204907e-06,9.204725673777439e-07,1.1696557969867503e-06,2.829744008694235e-07,1.8294207207823188e-07,1.1925333292898525e-06,1.1226517958399573e-06,7.745887523424072e-07,6.606135439229032e-07,1.1737201907415943e-06,9.332129282599359e-07,4.313698455503523e-07,-1.0,-1.0,-1.0,1.1468188723674626e-06,6.343916586659626e-07,1.0208127464999795e-06,2.4676217275578803e-07,3.2488142164134466e-07,5.991638596700573e-07,7.573803047210309e-07,9.041664956453911e-07,9.941624170436756e-07,1.1840946394379503e-06,-1.0,-1.0,-1.0,9.762392823949546e-07,-1.0,-1.0,-1.0,-1.0,-1.0,-1.0,-1.0,-1.0,-1.0,8.742172364438852e-07,1.1867643711345544e-06,1.1030871084838598e-06,1.1419088168673548e-06,1.1808613164635467e-06,6.607273379449885e-07,9.198496710110675e-07,4.377939209907336e-07,1.1158864598226855e-06,1.1765154779753362e-06,8.393694388464589e-07,1.1853931447103178e-06,1.0997735119257915e-06,6.392120859039359e-07,1.1710878154528802e-06,9.214003629329567e-07,1.1905549093488462e-06,1.0965979464951994e-06,6.307802925013836e-07,6.669309029143102e-07,1.1650134646603657e-06,7.347766607623435e-07,9.746581039615513e-07,-1.0,-1.0,-1.0,-1.0
0.69,6.543008195704271e-07,9.227971651391347e-07,4.3267375884206727e-07,-1.0,-1.0,-1.0,-1.0,-1.0,-1.0,-1.0,-1.0,-1.0,9.03913201564488e-07,-1.0,-1.0,4.1504611347743534e-07,-1.0,-1.0,-1.0,1.172687195617753e-06,9.26653063305363e-07,4.339617914680023e-07,1.0197527125595222e-06,8.929121476900661e-07,1.150124066329385e-06,2.6288186960137024e-07,1.7074879177338354e-07,1.1733262668631647e-06,1.0979357992071788e-06,7.46408641569949e-07,6.574516235520595e-07,1.1573574414127397e-06,9.260698048980464e-07,4.299713531115981e-07,-1.0,-1.0,-1.0,1.123886994073981e-06,6.067854947765799e-07,9.92838032803223e-07,2.2964126260382576e-07,3.0589923118634833e-07,5.717846460058151e-07,7.290811700540483e-07,8.757754851962896e-07,9.664063280436936e-07,1.1654337574202853e-06,-1.0,-1.0,-1.0,9.494954631957658e-07,-1.0,-1.0,-1.0,-1.0,-1.0,-1.0,-1.0,-1.0,-1.0,8.457499550793319e-07,1.1661676070165754e-06,1.077429463060717e-06,1.128667994445322e-06,1.1647203040282473e-06,6.575652199015952e-07,9.131616837170462e-07,4.363749662629907e-07,1.1039893207405841e-06,1.160802335742801e-06,8.109697273507788e-07,1.164620428968282e-06,1.074035895077653e-06,6.115797725785675e-07,1.1557246370124263e-06,8.931356578318287e-07,1.1708998784285337e-06,1.0707378820260358e-06,6.030229418595685e-07,6.395011698140162e-07,1.1501632579025458e-06,7.067169368390583e-07,9.466230475662518e-07,-1.0,-1.0,-1.0,-1.0
0.7,6.511896196061098e-07,9.159577422977557e-07,4.3128190861446107e-07,-1.0,-1.0,-1.0,-1.0,-1.0,-1.0,-1.0,-1.0,-1.0,8.973711069476632e-07,-1.0,-1.0,4.137542429294385e-07,-1.0,-1.0,-1.0,1.1539749567030402e-06,9.196977576643595e-07,4.32561153002085e-07,9.961846833042044e-07,8.662127802106142e-07,1.130930536424967e-06,2.442180087244406e-07,1.5938577108959167e-07,1.1544305389730144e-06,1.0737705194039613e-06,7.192615438229903e-07,6.54304929397746e-07,1.141227557621346e-06,9.189827665948262e-07,4.2857745324098544e-07,-1.0,-1.0,-1.0,1.101426090653428e-06,5.803835745055501e-07,9.656370527424249e-07,2.1371921048544017e-07,2.88036246644196e-07,5.456583779522778e-07,7.018414340159763e-07,8.482759654444944e-07,9.39439238157382e-07,1.1470724128327692e-06,-1.0,-1.0,-1.0,9.23525553213289e-07,-1.0,-1.0,-1.0,-1.0,-1.0,-1.0,-1.0,-1.0,-1.0,8.182196855545844e-07,1.1459307099983336e-06,1.0523737971119108e-06,1.1155810314535386e-06,1.1488006931153267e-06,6.544183244793795e-07,9.065225354434474e-07,4.349606256051311e-07,1.0922193021279209e-06,1.1452997030477893e-06,7.835399692618303e-07,1.14421418224005e-06,1.048904368038296e-06,5.851441351130095e-07,1.1405644973011465e-06,8.657522454402707e-07,1.15157173053087e-06,1.045495200336958e-06,5.764885755323186e-07,6.132001446303388e-07,1.1355036759821155e-06,6.797322456709881e-07,9.194046218328731e-07,-1.0,-1.0,-1.0,-1.0
0.71,6.480932864879869e-07,9.091694116094436e-07,4.298945495972304e-07,-1.0,-1.0,-1.0,-1.0,-1.0,-1.0,-1.0,-1.0,-1.0,8.90877061338745e-07,-1.0,-1.0,4.1246641301111455e-07,-1.0,-1.0,-1.0,1.135563658140869e-06,9.127951901972509e-07,4.311650520649429e-07,9.732209789554662e-07,8.403464359614318e-07,1.1120691521066264e-06,2.2688108611479718e-07,1.487952595710657e-07,1.1358410678301478e-06,1.050143544167139e-06,6.931093209211422e-07,6.511733876950449e-07,1.1253271581409707e-06,9.11951361957586e-07,4.2718813066650116e-07,-1.0,-1.0,-1.0,1.0794262400501644e-06,5.551332355671211e-07,9.391882170800082e-07,1.9891146932265778e-07,2.7122583869714006e-07,5.207276333372382e-07,6.75621362388649e-07,8.216399429473971e-07,9.132383193250586e-07,1.1290057159891136e-06,-1.0,-1.0,-1.0,8.983060535054863e-07,-1.0,-1.0,-1.0,-1.0,-1.0,-1.0,-1.0,-1.0,-1.0,7.915952524432734e-07,1.1260473507817817e-06,1.0279058643697814e-06,1.1026461363412978e-06,1.1330994362722075e-06,6.512865779662012e-07,8.999318679654149e-07,4.33550883964444e-07,1.0805750428520948e-06,1.130004750938174e-06,7.570467270634427e-07,1.1241678968717445e-06,1.0243645688730207e-06,5.598532528297998e-07,1.1256046941510155e-06,8.392222120396031e-07,1.1325649896758132e-06,1.0208549793720733e-06,5.511232407803988e-07,5.879813587775892e-07,1.1210322556710275e-06,6.537812686083772e-07,8.929787550326947e-07,-1.0,-1.0,-1.0,-1.0
0.72,6.4501174882506e-07,9.024317882909203e-07,4.2851166725332127e-07,-1.0,-1.0,-1.0,-1.0,-1.0,-1.0,-1.0,-1.0,-1.0,8.844307066784741e-07,-1.0,-1.0,4.111826110233915e-07,-1.0,-1.0,-1.0,1.1174484226874936e-06,9.059449567584698e-07,4.2977347390194034e-07,9.508445717385743e-07,8.152860336028817e-07,1.093533969907457e-06,2.107766245496206e-07,1.3892360739075047e-07,1.1175528589556912e-06,1.0270427440267693e-06,6.679152521313317e-07,6.480569250385294e-07,1.1096529117998891e-06,9.049751433134888e-07,4.258033701675344e-07,-1.0,-1.0,-1.0,1.0578777342948325e-06,5.309841244275434e-07,9.134705440482644e-07,1.8513949002609e-07,2.5540538557872666e-07,4.969376254867435e-07,6.503827140214008e-07,7.958403032835659e-07,8.877814153746649e-07,1.1112288582455222e-06,-1.0,-1.0,-1.0,8.738142087887435e-07,-1.0,-1.0,-1.0,-1.0,-1.0,-1.0,-1.0,-1.0,-1.0,7.658465286243426e-07,1.1065113121105144e-06,1.0040117586113898e-06,1.0898615384605178e-06,1.1176135281367112e-06,6.481699070089193e-07,8.93389325697321e-07,4.3214572633748564e-07,1.0690551963840966e-06,1.1149146885966486e-06,7.314577265458778e-07,1.1044751815063813e-06,1.000402478085991e-06,5.356574620191992e-07,1.1108425615942592e-06,8.135185413347865e-07,1.1138742722714068e-06,9.96802662163592e-07,5.268753680739784e-07,5.638002577226699e-07,1.1067465657699074e-06,6.288242800579592e-07,8.673220929185145e-07,-1.0,-1.0,-1.0,-1.0
0.73,6.419449355708259e-07,8.957444904809595e-07,4.271332470928779e-07,-1.0,-1.0,-1.0,-1.0,-1.0,-1.0,-1.0,-1.0,-1.0,8.780316876138513e-07,-1.0,-1.0,4.099028243072992e-07,-1.0,-1.0,-1.0,1.0996244527364424e-06,8.991466563336292e-07,4.2838640380659693e-07,9.29038953132925e-07,7.910054062973591e-07,1.0753191559455842e-06,1.958168835391273e-07,1.2972096846971383e-07,1.099560999806506e-06,1.0044562657975793e-06,6.436439811582944e-07,6.449554683805027e-07,1.094201536726302e-06,8.980536666782059e-07,4.244231565747011e-07,-1.0,-1.0,-1.0,1.0367710747811601e-06,5.078880948298798e-07,8.884636421194783e-07,1.7233029371438294e-07,2.405160293872015e-07,4.7423608208708363e-07,6.260886846237456e-07,7.708507834504041e-07,8.630470219200229e-07,1.0937371106391344e-06,-1.0,-1.0,-1.0,8.500279830621635e-07,-1.0,-1.0,-1.0,-1.0,-1.0,-1.0,-1.0,-1.0,-1.0,7.409443996649294e-07,1.0873164867738853e-06,9.806779054736125e-07,1.0772254878213914e-06,1.1023400048537527e-06,6.450682386116341e-07,8.868945556732349e-07,4.30745137769917e-07,1.0576584306415225e-06,1.100026762825078e-06,7.06741815971438e-07,1.0851297589928026e-06,9.770044104050474e-07,5.125092576406295e-07,1.0962754693753652e-06,7.886150851955117e-07,1.0954942855442558e-06,9.7332404779218e-07,5.036956656847862e-07,5.406141221057031e-07,1.092644206689146e-06,6.048230858731163e-07,8.424119771176778e-07,-1.0,-1.0,-1.0,-1.0
0.74,6.388927760216079e-07,8.891071392180084e-07,4.2575927467308995e-07,-1.0,-1.0,-1.0,-1.0,-1.0,-1.0,-1.0,-1.0,-1.0,8.716796514774014e-07,-1.0,-1.0,4.08627040243842e-07,-1.0,-1.0,-1.0,1.082087029008738e-06,8.923998910149936e-07,4.2700382712042967e-07,9.077881170129579e-07,7.674792697659181e-07,1.0574189838501887e-06,1.8192037822609832e-07,1.211410254775167e-07,1.0818606584233506e-06,9.823725262216245e-07,6.202614651290288e-07,6.418689450292439e-07,1.0789697996051273e-06,8.911864917248451e-07,4.2304747476966995e-07,-1.0,-1.0,-1.0,1.0160969676491298e-06,4.857991107903639e-07,8.641476932684863e-07,1.6041607459797276e-07,2.2650244738928671e-07,4.525731296228866e-07,6.027038526778512e-07,7.466459451285678e-07,8.390142668698785e-07,1.0765258225496275e-06,-1.0,-1.0,-1.0,8.269260360549115e-07,-1.0,-1.0,-1.0,-1.0,-1.0,-1.0,-1.0,-1.0,-1.0,7.16860729425518e-07,1.0684568756468955e-06,9.578910544668625e-07,1.0647362548508998e-06,1.0872759435001446e-06,6.419815001339374e-07,8.804472075275367e-07,4.2934910335634294e-07,1.0463834278332826e-06,1.0853382575358493e-06,6.828689266858301e-07,1.06612546433243e-06,9.541570067647916e-07,4.903631993137503e-07,1.0819008224697122e-06,7.644865353636939e-07,1.0774198259968448e-06,9.5040528257375e-07,4.815370189464882e-07,5.183819921129361e-07,1.078722810035509e-06,5.817409641339142e-07,8.182264241820341e-07,-1.0,-1.0,-1.0,-1.0
0.75,6.358551998148921e-07,8.825193584179838e-07,4.2438973559803887e-07,-1.0,-1.0,-1.0,-1.0,-1.0,-1.0,-1.0,-1.0,-1.0,8.653742482666016e-07,-1.0,-1.0,4.0735524625387206e-07,-1.0,-1.0,-1.0,1.064831509264814e-06,8.857042659771377e-07,4.2562572923279636e-07,8.870765433635229e-07,7.446831914937871e-07,1.039827832727663e-06,1.6901143269697813e-07,1.1314073507477055e-07,1.0644470821014695e-06,9.60780205758619e-07,5.977349254957908e-07,6.387972826472629e-07,1.06395451494619e-06,8.8437318175314e-07,4.216763096849887e-07,-1.0,-1.0,-1.0,9.958463192720685e-07,4.646731538687499e-07,8.405034367134812e-07,1.4933383131796473e-07,2.1331263738082904e-07,4.3190118313426986e-07,5.80194127390712e-07,7.232011487859143e-07,8.156628915288871e-07,1.0595904203835638e-06,-1.0,-1.0,-1.0,8.044877004681119e-07,-1.0,-1.0,-1.0,-1.0,-1.0,-1.0,-1.0,-1.0,-1.0,6.93568326845012e-07,1.0499265857652063e-06,9.356382711825719e-07,1.0523921301541538e-06,1.0724184615173964e-06,6.389096192891709e-07,8.74046933475675e-07,4.279576082401514e-07,1.0352288843059777e-06,1.0708464932501127e-06,6.598100351236646e-07,1.0474562426631508e-06,9.318472264831365e-07,4.691758214115993e-07,1.0677160606087215e-06,7.411083960950653e-07,1.0596457778912334e-06,9.280328514669365e-07,4.603543939762623e-07,4.970645949677514e-07,1.0649800382041718e-06,5.5954260822403e-07,7.947441052746737e-07,-1.0,-1.0,-1.0,-1.0
0.76,6.328321369276743e-07,8.759807748522356e-07,4.2302461551854515e-07,-1.0,-1.0,-1.0,-1.0,-1.0,-1.0,-1.0,-1.0,-1.0,8.591151306234664e-07,-1.0,-1.0,4.060874297979626e-07,-1.0,-1.0,-1.0,1.0478533270377552e-06,8.790593894528022e-07,4.2425209558073805e-07,8.668891825493923e-07,7.225935610424123e-07,1.0225401851671187e-06,1.57019765239228e-07,1.0568009188358277e-07,1.0473155960832256e-06,9.396682425204709e-07,5.760328007850968e-07,6.35740409249564e-07,1.0491525443636372e-06,8.776133036589103e-07,4.203096463039105e-07,-1.0,-1.0,-1.0,9.760102318452815e-07,4.4446813452385924e-07,8.175121531213106e-07,1.390250246909431e-07,2.0089771622971134e-07,4.1217484104787055e-07,5.585266986089685e-07,7.004925285946275e-07,7.929732322723144e-07,1.042926406281106e-06,-1.0,-1.0,-1.0,7.826929599838108e-07,-1.0,-1.0,-1.0,-1.0,-1.0,-1.0,-1.0,-1.0,-1.0,6.710409138648682e-07,1.0317198284346462e-06,9.139069296897054e-07,1.0401914242785273e-06,1.057764716152403e-06,6.358525241426949e-07,8.676933882950672e-07,4.2657063761335304e-07,1.0241935103919343e-06,1.056548826602832e-06,6.375371261583475e-07,1.029116147279659e-06,9.100623396266221e-07,4.4890554707644976e-07,1.0537186578114518e-06,7.184569577036542e-07,1.042167111758682e-06,9.061935696956822e-07,4.4010474565975913e-07,4.7662427541116937e-07,1.051413583976128e-06,5.38194072115229e-07,7.719443264739151e-07,-1.0,-1.0,-1.0,-1.0
0.77,6.298235176748135e-07,8.694910181256857e-07,4.2166390013201627e-07,-1.0,-1.0,-1.0,-1.0,-1.0,-1.0,-1.0,-1.0,-1.0,8.529019538142925e-07,-1.0,-1.0,4.0482357837628227e-07,-1.0,-1.0,-1.0,1.031147990387517e-06,8.724648727089404e-07,4.2288291164882354e-07,8.47211440119349e-07,7.011875614272638e-07,1.0055506252844672e-06,1.4588010325652635e-07,9.872190978650496e-08,1.0304616022724259e-06,9.190258263466514e-07,5.551247011229461e-07,6.326982532019199e-07,1.0345607958664008e-06,8.709064279037821e-07,4.1894746966022174e-07,-1.0,-1.0,-1.0,9.565799990738886e-07,4.2514380737388474e-07,7.951556492638966e-07,1.2943525995884625e-07,1.8921173078154093e-07,3.933507848478912e-07,5.376699886222333e-07,6.784969681359833e-07,7.70926202776775e-07,1.0265293568447066e-06,-1.0,-1.0,-1.0,7.615224280144927e-07,-1.0,-1.0,-1.0,-1.0,-1.0,-1.0,-1.0,-1.0,-1.0,6.492530944528467e-07,1.01383091737459e-06,8.926847051156749e-07,1.0281324674805583e-06,1.0433119039059088e-06,6.32810143110163e-07,8.613862293061432e-07,4.25188176716422e-07,1.0132760302588723e-06,1.0424426498545478e-06,6.160231577483929e-07,1.011099337689588e-06,8.887899195599173e-07,4.2951260598689403e-07,1.0399061219225388e-06,6.965092709790008e-07,1.0249788829347542e-06,8.84874574581482e-07,4.207469297104004e-07,4.570249290485243e-07,1.0380211701208866e-06,5.176627177735215e-07,7.498070096756242e-07,-1.0,-1.0,-1.0,-1.0
0.78,6.268292727073933e-07,8.630497206551309e-07,4.2030757518229486e-07,-1.0,-1.0,-1.0,-1.0,-1.0,-1.0,-1.0,-1.0,-1.0,8.46734375709559e-07,-1.0,-1.0,4.0356367952846904e-07,-1.0,-1.0,-1.0,1.0147110806757673e-06,8.659203300229538e-07,4.2151816296899334e-07,8.280291621259856e-07,6.804431415221687e-07,9.888538368043116e-07,1.355318257176041e-07,9.223161926068407e-08,1.01388057796996e-06,8.988423930170938e-07,5.349813644691285e-07,6.296707432191488e-07,1.020176223159536e-06,8.642521284851676e-07,4.1758976483806966e-07,-1.0,-1.0,-1.0,9.375471019576065e-07,4.066616901890012e-07,7.734162431127955e-07,1.2051399178058214e-07,1.7821148036022398e-07,3.7538768336409334e-07,5.175936057835835e-07,6.57192076868015e-07,7.495032767898932e-07,1.0103949218893988e-06,-1.0,-1.0,-1.0,7.409573271675625e-07,-1.0,-1.0,-1.0,-1.0,-1.0,-1.0,-1.0,-1.0,-1.0,6.281803246883229e-07,9.962542668945926e-07,8.719595664071561e-07,1.0162136094955742e-06,1.0290572599886345e-06,6.297824049558075e-07,8.551251163535278e-07,4.238102108381363e-07,1.0024751817611946e-06,1.0285253904097577e-06,5.952420268339212e-07,9.934000777047878e-07,8.680178356750344e-07,4.1095895571217047e-07,1.0262759941563993e-06,6.752431224469594e-07,1.0080762301194595e-06,8.640633175799814e-07,4.022416186223748e-07,4.382319384440872e-07,1.024800549004392e-06,4.97917164604489e-07,7.28312674075524e-07,-1.0,-1.0,-1.0,-1.0
0.79,6.23849333011093e-07,8.56656517647717e-07,4.1895562645950754e-07,-1.0,-1.0,-1.0,-1.0,-1.0,-1.0,-1.0,-1.0,-1.0,8.406120567639877e-07,-1.0,-1.0,4.023077208335057e-07,-1.0,-1.0,-1.0,9.985382513610129e-07,8.59425378659115e-07,4.201578351204045e-07,8.093286209430468e-07,6.603389894524179e-07,9.724446011789058e-07,1.2591863116690158e-07,8.61770795518623e-08,9.975680746304121e-07,8.79107618599408e-07,5.155746144960392e-07,6.266578083634082e-07,1.0059958249562687e-06,8.576499829065047e-07,4.162365169717915e-07,-1.0,-1.0,-1.0,9.189032046702418e-07,3.8898498645147593e-07,7.52276749359305e-07,1.1221425032959293e-07,1.678563501438495e-07,3.5824610146396924e-07,4.982682998785934e-07,6.365561673321361e-07,7.286864714223029e-07,9.945188232143186e-07,-1.0,-1.0,-1.0,7.209794694001279e-07,-1.0,-1.0,-1.0,-1.0,-1.0,-1.0,-1.0,-1.0,-1.0,6.077988838724274e-07,9.78984390103693e-07,8.51719769266405e-07,1.0044332193100178e-06,1.0149980577849726e-06,6.267692387907316e-07,8.489097117873654e-07,4.224367253154196e-07,9.91789716292877e-07,1.0147945103418326e-06,5.751685364387662e-07,9.76012733567106e-07,8.477342462959018e-07,3.9320820649694053e-07,1.0128258486476166e-06,6.546370104459472e-07,9.914543739620119e-07,8.437475565167589e-07,3.8455122134470516e-07,4.20212111850294e-07,1.0117495022021029e-06,4.789272408584833e-07,7.074424182137302e-07,-1.0,-1.0,-1.0,-1.0
0.8,6.208836299045646e-07,8.503110470795771e-07,4.1760803979991417e-07,-1.0,-1.0,-1.0,-1.0,-1.0,-1.0,-1.0,-1.0,-1.0,8.345346599967524e-07,-1.0,-1.0,4.010556899095943e-07,-1.0,-1.0,-1.0,9.826252268136664e-07,8.529796388451799e-07,4.1880191372927633e-07,7.910965015627896e-07,6.408545069403023e-07,9.56317795743451e-07,1.16988229466671e-07,8.052840458329552e-08,9.815197166392841e-07,8.598114139272568e-07,4.968773200498622e-07,6.236593780424886e-07,9.920166443005788e-07,8.510995721477517e-07,4.1488771124574277e-07,-1.0,-1.0,-1.0,9.006401505317346e-07,3.7207851132575593e-07,7.31720465347869e-07,1.0449238697983504e-07,1.5810815474152674e-07,3.4188841294613534e-07,4.796659191768574e-07,6.165682330755003e-07,7.084583309459178e-07,9.788968533950888e-07,-1.0,-1.0,-1.0,7.015712368402635e-07,-1.0,-1.0,-1.0,-1.0,-1.0,-1.0,-1.0,-1.0,-1.0,5.880858466275676e-07,9.620158971517843e-07,8.319538492587852e-07,9.927896849364408e-07,1.0011316083241296e-06,6.237705740712118e-07,8.427396804447818e-07,4.210677055331829e-07,9.812183986419411e-07,1.0012475059243693e-06,5.557783639352145e-07,9.589317721080421e-07,8.279275917540345e-07,3.7622554932658126e-07,9.995532920074155e-07,6.346701219914211e-07,9.751086156697697e-07,8.239153480172542e-07,3.67639806511421e-07,4.029336244629037e-07,9.988658401171523e-07,4.6066393691949183e-07,6.871779025642818e-07,-1.0,-1.0,-1.0,-1.0
0.81,6.179320950378184e-07,8.44012949674636e-07,4.162648010857577e-07,-1.0,-1.0,-1.0,-1.0,-1.0,-1.0,-1.0,-1.0,-1.0,8.285018509718473e-07,-1.0,-1.0,3.9980757441403226e-07,-1.0,-1.0,-1.0,9.66967801150724e-07,8.465827337491834e-07,4.174503844687358e-07,7.7331988835649e-07,6.219697845681081e-07,9.404683919070119e-07,1.0869205557143355e-07,7.525780157816668e-08,9.657312001104974e-07,8.409439192068318e-07,4.788633561343582e-07,6.20675382008123e-07,9.782357679001642e-07,8.446004806361345e-07,4.135433328941278e-07,-1.0,-1.0,-1.0,8.827499580706286e-07,3.5590862088799725e-07,7.117311574109036e-07,9.730783817231005e-08,1.489309913391711e-07,3.262787174413646e-07,4.6175936910247263e-07,5.972079272666354e-07,6.888019110829045e-07,9.635248745967127e-07,-1.0,-1.0,-1.0,6.827155632517976e-07,-1.0,-1.0,-1.0,-1.0,-1.0,-1.0,-1.0,-1.0,-1.0,5.690190559521181e-07,9.453434935024812e-07,8.126506150873283e-07,9.812814131911271e-07,9.874552597586252e-07,6.207863405970069e-07,8.366146896314836e-07,4.1970313692416734e-07,9.707600068464977e-07,9.878819071689026e-07,5.370480304299465e-07,9.421517589416671e-07,8.08586587631156e-07,3.599776871296331e-07,9.864559628861501e-07,6.153223104023043e-07,9.5903433564095e-07,8.045550401259313e-07,3.5147302907020123e-07,3.8636596209790716e-07,9.861474016035297e-07,4.4309936040444007e-07,6.675013326529846e-07,-1.0,-1.0,-1.0,-1.0
0.8200000000000001,6.149946603906178e-07,8.377618688835764e-07,4.1492589624511425e-07,-1.0,-1.0,-1.0,-1.0,-1.0,-1.0,-1.0,-1.0,-1.0,8.225132977786022e-07,-1.0,-1.0,3.98563362043088e-07,-1.0,-1.0,-1.0,9.515618370897295e-07,8.402342894564178e-07,4.1610323305866376e-07,7.559862522818197e-07,6.036655779249064e-07,9.248914533783546e-07,1.0098500375754585e-07,7.033942145117244e-08,9.501982917038241e-07,8.224954987484259e-07,4.615075663597487e-07,6.177057503542985e-07,9.646503254696143e-07,8.381522962171471e-07,4.1220336720082985e-07,-1.0,-1.0,-1.0,8.65224817174902e-07,3.4044314447114987e-07,6.922930475935022e-07,9.062290615597702e-08,1.402911018218842e-07,3.11382761136603e-07,4.445225724623388e-07,5.784555419825721e-07,6.697007637702807e-07,9.483988174066195e-07,-1.0,-1.0,-1.0,6.643959161204602e-07,-1.0,-1.0,-1.0,-1.0,-1.0,-1.0,-1.0,-1.0,-1.0,5.505770971972656e-07,9.289619782369141e-07,7.937991420302409e-07,9.699068294743267e-07,9.739663968500374e-07,6.178164685096761e-07,8.305344091034963e-07,4.1834300496878654e-07,9.604133320523348e-07,9.74695277368881e-07,5.189548712312367e-07,9.256673566901926e-07,7.897002181647191e-07,3.444327689803152e-07,9.735315315417184e-07,5.965740736639565e-07,9.432269921207056e-07,7.856552651098956e-07,3.3601806015884135e-07,3.704798671902974e-07,9.735920535942152e-07,4.262066930025521e-07,6.483954426873868e-07,-1.0,-1.0,-1.0,-1.0
0.8300000000000001,6.120712582708792e-07,8.315574508629693e-07,4.1359131125174394e-07,-1.0,-1.0,-1.0,-1.0,-1.0,-1.0,-1.0,-1.0,-1.0,8.165686710123544e-07,-1.0,-1.0,3.973230405318776e-07,-1.0,-1.0,-1.0,9.364032648216995e-07,8.33933934946597e-07,4.147604452655426e-07,7.390834385214177e-07,5.859232846047398e-07,9.095821344260173e-07,9.382518084372862e-08,6.574922009617553e-08,9.349168274619278e-07,8.04456735820177e-07,4.447857268013854e-07,6.147504135155807e-07,9.512574890836417e-07,8.317546101257988e-07,4.1086779949924184e-07,-1.0,-1.0,-1.0,8.480570853291385e-07,3.256513199880928e-07,6.733908007568209e-07,8.440255539119377e-08,1.3215674331770602e-07,2.9716786114583856e-07,4.279304311734563e-07,5.60291988146392e-07,6.511389223855266e-07,9.335146796875223e-07,-1.0,-1.0,-1.0,6.46596279340014e-07,-1.0,-1.0,-1.0,-1.0,-1.0,-1.0,-1.0,-1.0,-1.0,5.327392729341415e-07,9.128662423878955e-07,7.753887655373866e-07,9.586643775530563e-07,9.60662440461895e-07,6.148608882909055e-07,8.244985110490357e-07,4.1698729519497074e-07,9.501771783720449e-07,9.61685212649829e-07,5.014770073589065e-07,9.094733232416084e-07,7.712577298123799e-07,3.295603271700257e-07,9.607776994138278e-07,5.784065335031498e-07,9.27682119880161e-07,7.672049324423029e-07,3.2124352008559304e-07,3.5524728701894306e-07,9.611976907342008e-07,4.099601489871394e-07,6.298434796832163e-07,-1.0,-1.0,-1.0,-1.0
0.8400000000000001,6.091618213130826e-07,8.253993444545658e-07,4.122610321249422e-07,-1.0,-1.0,-1.0,-1.0,-1.0,-1.0,-1.0,-1.0,-1.0,8.106676437552664e-07,-1.0,-1.0,3.9608659765424125e-07,-1.0,-1.0,-1.0,9.21488080902698e-07,8.276813020711984e-07,4.1342200690230294e-07,7.225996545375404e-07,5.687249220250169e-07,8.945356781719388e-07,8.717367704337882e-08,6.146482976257983e-08,9.198827116666763e-07,7.868184276211268e-07,4.286745112149757e-07,6.118093022654438e-07,9.380544725402123e-07,8.254070169581112e-07,4.095366151720978e-07,-1.0,-1.0,-1.0,8.312392839360622e-07,3.1150373210138777e-07,6.550095120492503e-07,7.861422349129857e-08,1.244980666422871e-07,2.836028333598147e-07,4.1195878943261953e-07,5.426987760947588e-07,6.331008874190513e-07,9.188685254497422e-07,-1.0,-1.0,-1.0,6.293011364777401e-07,-1.0,-1.0,-1.0,-1.0,-1.0,-1.0,-1.0,-1.0,-1.0,5.154855786804895e-07,8.970512673039082e-07,7.574090749818534e-07,9.475525193464484e-07,9.475408470596198e-07,6.119195307608428e-07,8.185066700705161e-07,4.1563599317801033e-07,9.400503627456653e-07,9.488493415256039e-07,4.845933180598995e-07,8.935645100387972e-07,7.532486249715666e-07,3.1533121702248055e-07,9.481921987040273e-07,5.608014151513266e-07,9.123953289180151e-07,7.491932219610155e-07,3.071194142758045e-07,3.4064132406574675e-07,9.489622350183373e-07,3.943349353348153e-07,6.11829188072083e-07,-1.0,-1.0,-1.0,-1.0
0.8500000000000001,6.062662824766875e-07,8.192872011647465e-07,4.1093504492939146e-07,-1.0,-1.0,-1.0,-1.0,-1.0,-1.0,-1.0,-1.0,-1.0,8.048098915572931e-07,-1.0,-1.0,3.9485402122262085e-07,-1.0,-1.0,-1.0,9.068123471637452e-07,8.214760255309837e-07,4.120879038281716e-07,7.065234585282223e-07,5.520531060350976e-07,8.797474149179885e-07,8.099435318692523e-08,5.746543977383494e-08,9.050919157144109e-07,7.695715803707972e-07,4.131514575571706e-07,6.088823477146111e-07,9.250385307334201e-07,8.191091146428561e-07,4.0820979965130564e-07,-1.0,-1.0,-1.0,8.147640947205084e-07,2.979722531140432e-07,6.371346947348207e-07,7.322764565906994e-08,1.1728700215659797e-07,2.7065792361433404e-07,3.965843982740519e-07,5.256579967556598e-07,6.155716125798005e-07,9.044564837426694e-07,-1.0,-1.0,-1.0,6.124954545993793e-07,-1.0,-1.0,-1.0,-1.0,-1.0,-1.0,-1.0,-1.0,-1.0,4.98796679457183e-07,8.815121230423817e-07,7.398499075628261e-07,9.36569734713611e-07,9.345991082174165e-07,6.089923270764399e-07,8.125585631666898e-07,4.1428908454040077e-07,9.300317148028205e-07,9.361853244606737e-07,4.682834142936891e-07,8.779358603995581e-07,7.356626558503847e-07,3.0171755933263573e-07,9.357727919614291e-07,5.437410277732214e-07,8.973623031843213e-07,7.316095771980798e-07,2.9361707205340535e-07,3.266361884210707e-07,9.368836354339327e-07,3.793072133896786e-07,5.943367947757273e-07,-1.0,-1.0,-1.0,-1.0
0.8600000000000001,6.033845750445582e-07,8.132206751441307e-07,4.0961333577501307e-07,-1.0,-1.0,-1.0,-1.0,-1.0,-1.0,-1.0,-1.0,-1.0,7.989950924172982e-07,-1.0,-1.0,3.936252990879372e-07,-1.0,-1.0,-1.0,8.923721896387571e-07,8.153177428537011e-07,4.1075812194852017e-07,6.908437482709069e-07,5.358910302861733e-07,8.652127605047464e-07,7.525364314292164e-08,5.3731685897590143e-08,8.905404770098559e-07,7.527074045125671e-07,3.9819493576225247e-07,6.05969481309401e-07,9.122069590359525e-07,8.128605044135407e-07,4.0688733841777866e-07,-1.0,-1.0,-1.0,7.986243562139501e-07,2.8502998646123237e-07,6.197522683685718e-07,6.821469165003792e-08,1.1049715258029331e-07,2.583047420242893e-07,3.817848814625808e-07,5.091523034171902e-07,5.985364913207156e-07,8.902747475650284e-07,-1.0,-1.0,-1.0,5.961646686343248e-07,-1.0,-1.0,-1.0,-1.0,-1.0,-1.0,-1.0,-1.0,-1.0,4.826538871459501e-07,8.66243966791725e-07,7.227013423560668e-07,9.257145212439717e-07,9.218347501320153e-07,6.060792087298038e-07,8.066538697149224e-07,4.1294655495168715e-07,9.201200767263476e-07,9.236908534383218e-07,4.525276131530055e-07,8.625824078669748e-07,7.184898184861901e-07,2.886926853147789e-07,9.235172716740415e-07,5.272082455387054e-07,8.825787993260651e-07,7.144436988757156e-07,2.807090881316025e-07,3.132071521510336e-07,9.249598676080565e-07,3.648540620124296e-07,5.773509947325411e-07,-1.0,-1.0,-1.0,-1.0
0.8700000000000001,6.00516632621396e-07,8.07199423167345e-07,4.082958908168205e-07,-1.0,-1.0,-1.0,-1.0,-1.0,-1.0,-1.0,-1.0,-1.0,7.932229267643157e-07,-1.0,-1.0,3.9240041913946787e-07,-1.0,-1.0,-1.0,8.781637975102198e-07,8.09206094371962e-07,4.0943264721471354e-07,6.755497503400128e-07,5.202224463346294e-07,8.509272147019048e-07,6.992037035051929e-08,5.0245547728857236e-08,8.762244978783572e-07,7.362173100281848e-07,3.8378411672753885e-07,6.030706348300832e-07,8.995570926910036e-07,8.066607907806292e-07,4.0556921700127004e-07,-1.0,-1.0,-1.0,7.828130603177384e-07,2.7265121268822443e-07,6.028485473089282e-07,6.35492143644076e-08,1.0410369233191935e-07,2.4651620033761213e-07,3.675387026719405e-07,4.931648940688238e-07,5.819813437711704e-07,8.763195727936322e-07,-1.0,-1.0,-1.0,5.802946662625383e-07,-1.0,-1.0,-1.0,-1.0,-1.0,-1.0,-1.0,-1.0,-1.0,4.670391386206525e-07,8.512420413216043e-07,7.059536945084082e-07,9.149853940500763e-07,9.092453331431735e-07,6.031801075465558e-07,8.007922714535972e-07,4.1160839012831003e-07,9.103143031173921e-07,9.113636515347124e-07,4.373069131866158e-07,8.474992745895816e-07,7.017203469082517e-07,2.762310839502006e-07,9.114234598656417e-07,5.111864893164472e-07,8.680406454541625e-07,6.976855385646078e-07,2.6836926669274076e-07,3.0033050554577543e-07,9.131889334594714e-07,3.5095344215673656e-07,5.60856936862539e-07,-1.0,-1.0,-1.0,-1.0
0.8800000000000001,5.976623891321795e-07,8.012231046129442e-07,4.0698269625477205e-07,-1.0,-1.0,-1.0,-1.0,-1.0,-1.0,-1.0,-1.0,-1.0,7.874930774389565e-07,-1.0,-1.0,3.911793693047259e-07,-1.0,-1.0,-1.0,8.641834220722947e-07,8.031407232012908e-07,4.081114656239597e-07,6.606310096853858e-07,5.050316444521096e-07,8.368863596296648e-07,6.496557745387546e-08,4.699025349543261e-08,8.621401444961436e-07,7.200929018608181e-07,3.698989424619021e-07,6.001857403892428e-07,8.870863062134836e-07,8.005095815040042e-07,4.0425542098020564e-07,-1.0,-1.0,-1.0,7.673233489432592e-07,2.608113378048565e-07,5.864102295574014e-07,5.920690923408094e-08,9.808327299391285e-08,2.3526645217005233e-07,3.5382513389968887e-07,4.776794942971907e-07,5.658924040639089e-07,8.625872771302988e-07,-1.0,-1.0,-1.0,5.648717733053098e-07,-1.0,-1.0,-1.0,-1.0,-1.0,-1.0,-1.0,-1.0,-1.0,4.5193497462543567e-07,8.365016734609513e-07,6.895975095727359e-07,9.043808855628148e-07,8.968284512608379e-07,6.002949556841985e-07,7.949734524646512e-07,4.102745758334515e-07,9.006132608619546e-07,8.992014724987233e-07,4.2260297059207133e-07,8.326816697307817e-07,6.853447074410127e-07,2.6430835162964206e-07,8.994892076981042e-07,4.956597089687093e-07,8.537437399315126e-07,6.813252925004085e-07,2.56572567942595e-07,2.879835151711119e-07,9.015688608551398e-07,3.3758416281740405e-07,5.448402104573689e-07,-1.0,-1.0,-1.0,-1.0
0.8900000000000001,5.948217788206117e-07,7.952913814434895e-07,4.056737383336249e-07,-1.0,-1.0,-1.0,-1.0,-1.0,-1.0,-1.0,-1.0,-1.0,7.8180522967496e-07,-1.0,-1.0,3.8996213754933835e-07,-1.0,-1.0,-1.0,8.504273757110729e-07,7.971212752183525e-07,4.0679456321915923e-07,6.460773795590592e-07,4.90303435116509e-07,8.230858582105232e-07,6.036236810138388e-08,4.395019173908213e-08,8.48283645838313e-07,7.043259754441057e-07,3.565200973535474e-07,5.973147304301514e-07,8.747920128003782e-07,7.944064875656665e-07,4.0294593598151903e-07,-1.0,-1.0,-1.0,7.521485107272561e-07,2.4948684391173216e-07,5.704243859162248e-07,5.5165183631305964e-08,9.241393452541256e-08,2.2453083598811864e-07,3.4062422507206484e-07,4.6268034071895254e-07,5.502563080443958e-07,8.490742390666274e-07,-1.0,-1.0,-1.0,5.498827396026102e-07,-1.0,-1.0,-1.0,-1.0,-1.0,-1.0,-1.0,-1.0,-1.0,4.373245193739895e-07,8.220182726032055e-07,6.736235579800423e-07,8.938995453290434e-07,8.845817316988779e-07,5.974236856304913e-07,7.891970991562415e-07,4.089450978768816e-07,8.91015828998875e-07,8.872021003374793e-07,4.083980762474988e-07,8.181248879069887e-07,6.693535931445395e-07,2.5290114399031096e-07,8.877123950791164e-07,4.806123662272953e-07,8.396840501817429e-07,6.653533955544578e-07,2.452950570294633e-07,2.761443836492155e-07,8.900977032712453e-07,3.2472584829706393e-07,5.29286831982382e-07,-1.0,-1.0,-1.0,-1.0
0.9000000000000001,5.919947362475752e-07,7.894039181857807e-07,4.0436900334278867e-07,-1.0,-1.0,-1.0,-1.0,-1.0,-1.0,-1.0,-1.0,-1.0,7.76159071080887e-07,-1.0,-1.0,3.887487118769253e-07,-1.0,-1.0,-1.0,8.368920309016866e-07,7.911473990393487e-07,4.05481926088756e-07,6.318790117781961e-07,4.7602313115907917e-07,8.0952145265085e-07,5.60857600397459e-08,4.111082936687959e-08,8.346512926442448e-07,6.889085123347336e-07,3.4362898051484454e-07,5.944575377251466e-07,8.626716637501207e-07,7.883511231426652e-07,4.0164074768048594e-07,-1.0,-1.0,-1.0,7.372819778205963e-07,2.3865524199796e-07,5.548784494547952e-07,5.140303558117278e-08,8.707502186938947e-08,2.1428582071362857e-07,3.2791677479387494e-07,4.481521649339053e-07,5.350600813508692e-07,8.357768968663212e-07,-1.0,-1.0,-1.0,5.353147253603867e-07,-1.0,-1.0,-1.0,-1.0,-1.0,-1.0,-1.0,-1.0,-1.0,4.2319146084506e-07,8.077873292383007e-07,6.58022829645202e-07,8.835399398115747e-07,8.725028344152979e-07,5.945662302018331e-07,7.834629002455391e-07,4.076199421148054e-07,8.815208985892367e-07,8.753633489074966e-07,3.9467513355261204e-07,8.038243076539672e-07,6.537379183888402e-07,2.4198712985163633e-07,8.760909302752096e-07,4.6602941813133834e-07,8.258576115182884e-07,6.49760515354829e-07,2.3451385522328618e-07,2.647922110970162e-07,8.787735394586623e-07,3.123589067401806e-07,5.141832322781618e-07,-1.0,-1.0,-1.0,-1.0
0.9099999999999999,5.891811962895955e-07,7.835603819112399e-07,4.030684776161807e-07,-1.0,-1.0,-1.0,-1.0,-1.0,-1.0,-1.0,-1.0,-1.0,7.705542916219581e-07,-1.0,-1.0,3.875390803289795e-07,-1.0,-1.0,-1.0,8.235738192220027e-07,7.852187459985881e-07,4.041735403665875e-07,6.180263473125269e-07,4.6217653054375866e-07,7.961889629516755e-07,5.2112548695220635e-08,3.84586356048774e-08,8.212394364001546e-07,6.738326759461178e-07,3.312076791636145e-07,5.916140953740208e-07,8.507227478908357e-07,7.82343105580263e-07,4.0033984180056033e-07,-1.0,-1.0,-1.0,7.227173227488189e-07,2.2829502681468104e-07,5.397602052760661e-07,4.790094111184114e-08,8.20471066226077e-08,2.0450895382915408e-07,3.15684302200199e-07,4.340801779819785e-07,5.202911278537493e-07,8.22691747564764e-07,-1.0,-1.0,-1.0,5.211552879517404e-07,-1.0,-1.0,-1.0,-1.0,-1.0,-1.0,-1.0,-1.0,-1.0,4.095200317502216e-07,7.938044135109135e-07,6.427865287032146e-07,8.733006521915139e-07,8.605894516588371e-07,5.917225225416538e-07,7.777705467416522e-07,4.0629909444971057e-07,8.721273725871794e-07,8.636830615113768e-07,3.81417637050196e-07,7.897753899208676e-07,6.384888135588087e-07,2.3154494715813064e-07,8.646227495300263e-07,4.518963010082566e-07,8.122605259934616e-07,6.345375465539167e-07,2.2420709325467047e-07,2.53906958153966e-07,8.675944731128249e-07,3.0046449988516266e-07,4.995162441493234e-07,-1.0,-1.0,-1.0,-1.0
0.9199999999999999,5.863810941373102e-07,7.777604422164462e-07,4.0177214753208046e-07,-1.0,-1.0,-1.0,-1.0,-1.0,-1.0,-1.0,-1.0,-1.0,7.649905836020268e-07,-1.0,-1.0,3.863332309847459e-07,-1.0,-1.0,-1.0,8.104692303826174e-07,7.793349701272233e-07,4.0286939223173665e-07,6.045101071850038e-07,4.4874989975572194e-07,7.830842854481076e-07,4.842118049223542e-08,3.598101142120734e-08,8.080444883384951e-07,6.590908073808291e-07,3.192389430018036e-07,5.887843368024156e-07,8.389427910173112e-07,7.763820553653304e-07,3.990432041132098e-07,-1.0,-1.0,-1.0,7.08448255342813e-07,2.1838563373286077e-07,5.250577805742764e-07,4.4640749624306446e-08,7.731191345754248e-08,1.9517881186920955e-07,3.039090198683302e-07,4.204500552883031e-07,5.059372184433987e-07,8.098153459855435e-07,-1.0,-1.0,-1.0,5.073923691564755e-07,-1.0,-1.0,-1.0,-1.0,-1.0,-1.0,-1.0,-1.0,-1.0,3.962949911507389e-07,7.800651738044999e-07,6.279060683727266e-07,8.631802821729043e-07,8.488393075218667e-07,5.888924961188132e-07,7.721197319286747e-07,4.0498254083021545e-07,8.628341657120995e-07,8.521591104999582e-07,3.6860965180033345e-07,7.75973676591439e-07,6.235976198866259e-07,2.2155416084172896e-07,8.533058166877589e-07,4.381989149798487e-07,7.988889612671608e-07,6.196756052388614e-07,2.1435386671813222e-07,2.4346941053362263e-07,8.565586325479279e-07,2.890245139872758e-07,4.852730903287456e-07,-1.0,-1.0,-1.0,-1.0
0.9299999999999999,5.835943652939475e-07,7.72003771203822e-07,4.004799995129856e-07,-1.0,-1.0,-1.0,-1.0,-1.0,-1.0,-1.0,-1.0,-1.0,7.594676416457001e-07,-1.0,-1.0,3.8513115196110256e-07,-1.0,-1.0,-1.0,7.975748112728844e-07,7.734957281321579e-07,4.015694679083834e-07,5.913212836748161e-07,4.357299577770129e-07,7.702033913768273e-07,4.49916352132397e-08,3.3666224017989084e-08,7.950629184539365e-07,6.446754213594594e-07,3.077061595539694e-07,5.859681957602269e-07,8.273293553365735e-07,7.704675960999687e-07,3.97750820437753e-07,-1.0,-1.0,-1.0,6.944686197380453e-07,2.089073974978764e-07,5.107596349756744e-07,4.160558670797492e-08,7.285225100470554e-08,1.8627495318734885e-07,2.9257380774994997e-07,4.072479220810261e-07,4.919864801555924e-07,7.97144303773645e-07,-1.0,-1.0,-1.0,4.940142828240675e-07,-1.0,-1.0,-1.0,-1.0,-1.0,-1.0,-1.0,-1.0,-1.0,3.835016067011739e-07,7.665653353506611e-07,6.133730659437387e-07,8.531774457896619e-07,8.372501574995034e-07,5.860760847260077e-07,7.665101513488624e-07,4.036702672509177e-07,8.536402043222299e-07,8.407893968798673e-07,3.5623579348065526e-07,7.624147890319442e-07,6.090558844085405e-07,2.1199522251982023e-07,8.421381228216871e-07,4.2492360897609343e-07,7.857391494948905e-07,6.051660234812229e-07,2.0493419344812605e-07,2.334611450362237e-07,8.4566417037541e-07,2.780215318669175e-07,4.7144137180578455e-07,-1.0,-1.0,-1.0,-1.0
0.94,5.808209455738109e-07,7.662900434624677e-07,3.9919202002546783e-07,-1.0,-1.0,-1.0,-1.0,-1.0,-1.0,-1.0,-1.0,-1.0,7.539851626805899e-07,-1.0,-1.0,3.8393283141244064e-07,-1.0,-1.0,-1.0,7.848871650227088e-07,7.677006793751202e-07,4.002737536656573e-07,5.784511318122804e-07,4.2310386062793236e-07,7.575423254711008e-07,4.180531675352431e-08,3.150334602125551e-08,7.822912545356375e-07,6.305792022436714e-07,2.965933304294101e-07,5.831656063200152e-07,8.1588003892192e-07,7.645993544753584e-07,3.964626766411964e-07,-1.0,-1.0,-1.0,6.807723914407616e-07,1.998415127972847e-07,4.968545511541095e-07,3.877976386956113e-08,6.865194692192429e-08,1.7777787289439056e-07,2.816621880850371e-07,3.944603392670248e-07,4.784273856243606e-07,7.846752884450176e-07,-1.0,-1.0,-1.0,4.810097029456036e-07,-1.0,-1.0,-1.0,-1.0,-1.0,-1.0,-1.0,-1.0,-1.0,3.711256374981517e-07,7.533006988633756e-07,5.991793378864632e-07,8.432907752147712e-07,8.258197880548416e-07,5.832732224781859e-07,7.609415027859322e-07,4.023622597522432e-07,8.44544426289577e-07,8.295718499263814e-07,3.442812091868318e-07,7.490944266652742e-07,5.948553550430102e-07,2.0284943194883585e-07,8.31117685867742e-07,4.1205716623980624e-07,7.728073862347511e-07,5.910003440223858e-07,1.9592897278047303e-07,2.238644969620006e-07,8.349092631866575e-07,2.674388060395533e-07,4.580090565073532e-07,-1.0,-1.0,-1.0,-1.0
0.95,5.780607711007713e-07,7.606189360491425e-07,3.979081955800292e-07,-1.0,-1.0,-1.0,-1.0,-1.0,-1.0,-1.0,-1.0,-1.0,7.485428459197065e-07,-1.0,-1.0,3.8273825753054584e-07,-1.0,-1.0,-1.0,7.724029500798406e-07,7.61949485851901e-07,3.989822358174898e-07,5.658911611555075e-07,4.108591864536571e-07,7.450972045827777e-07,3.8844951671002496e-08,2.948219902568638e-08,7.697260812155437e-07,6.167950001512364e-07,2.8588504847315404e-07,5.803765028754248e-07,8.045924751752877e-07,7.587769602458317e-07,3.9517875863807184e-07,-1.0,-1.0,-1.0,6.673536744596495e-07,1.9116999656185916e-07,4.833316257136158e-07,3.614869468109017e-08,6.469578689409124e-08,1.6966895986782987e-07,2.711583012604728e-07,3.820742897511394e-07,4.652487428522046e-07,7.724050224522383e-07,-1.0,-1.0,-1.0,4.683676521207641e-07,-1.0,-1.0,-1.0,-1.0,-1.0,-1.0,-1.0,-1.0,-1.0,3.5915331751346047e-07,7.402671391976552e-07,5.853168950783862e-07,8.33518918571712e-07,8.145460161902282e-07,5.804838438109703e-07,7.554134862484868e-07,4.010585044202956e-07,8.355457808762073e-07,8.185044268015416e-07,3.3273155890846023e-07,7.360083655707997e-07,5.809879757872666e-07,1.9409890015677754e-07,8.20242550263034e-07,3.995867903058724e-07,7.600900293730799e-07,5.771703150912823e-07,1.8731994661568295e-07,2.1466252886747866e-07,8.242921112398743e-07,2.572602328853437e-07,4.449644683211023e-07,-1.0,-1.0,-1.0,-1.0
0.96,5.753137783067674e-07,7.549901284693959e-07,3.9662851273095955e-07,-1.0,-1.0,-1.0,-1.0,-1.0,-1.0,-1.0,-1.0,-1.0,7.431403928439877e-07,-1.0,-1.0,3.815474185444794e-07,-1.0,-1.0,-1.0,7.601188793024196e-07,7.562418121717576e-07,3.976949007224679e-07,5.536331278391055e-07,3.989839211363255e-07,7.328642163307427e-07,3.609449497389938e-08,2.7593301176439323e-08,7.573640390324443e-07,6.033158271609143e-07,2.7556647577233443e-07,5.77600820139612e-07,7.934643322978237e-07,7.530000462031685e-07,3.938990523902755e-07,-1.0,-1.0,-1.0,6.542066985014649e-07,1.8287565192351571e-07,4.701802603303374e-07,3.3698816888288564e-08,6.096945732279684e-08,1.619304557371e-07,2.6104688257770425e-07,3.7007716518500304e-07,4.524396852879969e-07,7.603302822660011e-07,-1.0,-1.0,-1.0,4.560774904063979e-07,-1.0,-1.0,-1.0,-1.0,-1.0,-1.0,-1.0,-1.0,-1.0,3.475713395913813e-07,7.274606040321845e-07,5.717779381466532e-07,8.238605397480967e-07,8.03426689024493e-07,5.777078834790879e-07,7.499258039535622e-07,3.997589873867066e-07,8.266432286118636e-07,8.075851121774396e-07,3.215729976563867e-07,7.231524571094876e-07,5.674458820294439e-07,1.8572651418141295e-07,8.095107865892712e-07,3.875000914393266e-07,7.475834980684203e-07,5.636678853510987e-07,1.7908966220436972e-07,2.0583900060938824e-07,8.138109381510655e-07,2.4747032781810645e-07,4.322962764502713e-07,-1.0,-1.0,-1.0,-1.0
0.97,5.72579903930312e-07,7.494033026588402e-07,3.9535295807619314e-07,-1.0,-1.0,-1.0,-1.0,-1.0,-1.0,-1.0,-1.0,-1.0,7.377775071849631e-07,-1.0,-1.0,3.803603027204606e-07,-1.0,-1.0,-1.0,7.480317190665054e-07,7.505773255369798e-07,3.9641173478368783e-07,5.416690268855252e-07,3.874664444135532e-07,7.208396177753015e-07,3.353904262916755e-08,2.5827818493940718e-08,7.452018235115232e-07,5.901348536050781e-07,2.656233224857437e-07,5.748384931436787e-07,7.824933127685324e-07,7.472682481511115e-07,3.9262354390690607e-07,-1.0,-1.0,-1.0,6.413258162291739e-07,1.7494203375711497e-07,4.5739015314636006e-07,3.1417520053586987e-08,5.74594914801589e-08,1.5454541575373971e-07,2.51313239895171e-07,3.584567531319731e-07,4.399896622031603e-07,7.484478974721511e-07,-1.0,-1.0,-1.0,4.44128904533706e-07,-1.0,-1.0,-1.0,-1.0,-1.0,-1.0,-1.0,-1.0,-1.0,3.36366839990839e-07,7.148771125755126e-07,5.585548529229673e-07,8.143143182114856e-07,7.9245968337605e-07,5.749452765548084e-07,7.444781603102974e-07,3.984636948284863e-07,8.178357411728997e-07,7.968119178646085e-07,3.107921582183558e-07,7.105226265738237e-07,5.54221395973464e-07,1.7771590334406838e-07,7.989204912210061e-07,3.757850735170662e-07,7.352842717135031e-07,5.504851989717216e-07,1.712214365784922e-07,1.9737834062309342e-07,8.034639905890768e-07,2.38054201414837e-07,4.199934850900872e-07,-1.0,-1.0,-1.0,-1.0
0.98,5.69859085015007e-07,7.438581429645705e-07,3.9408151825716745e-07,-1.0,-1.0,-1.0,-1.0,-1.0,-1.0,-1.0,-1.0,-1.0,7.324538949075517e-07,-1.0,-1.0,3.791768983617477e-07,-1.0,-1.0,-1.0,7.361382883883536e-07,7.449556957226167e-07,3.9513272444860945e-07,5.299910847699899e-07,3.762955164850559e-07,7.090197341179975e-07,3.116475031146181e-08,2.417751966929977e-08,7.332361842591503e-07,5.772454044480311e-07,2.5604182646558094e-07,5.720894572351152e-07,7.716771528308698e-07,7.415812048801004e-07,3.913522192441049e-07,-1.0,-1.0,-1.0,6.287055005811836e-07,1.6735341573636206e-07,4.449512904082336e-07,2.9293078338521506e-08,5.4153218915130074e-08,1.4749767145971658e-07,2.41943232112498e-07,3.472012246351018e-07,4.278884293570332e-07,7.36754749884008e-07,-1.0,-1.0,-1.0,4.32511897481511e-07,-1.0,-1.0,-1.0,-1.0,-1.0,-1.0,-1.0,-1.0,-1.0,3.255273834536426e-07,7.025127542953708e-07,5.456402060082632e-07,8.048789488273625e-07,7.816429053517888e-07,5.721959584263901e-07,7.390702619037247e-07,3.971726129678743e-07,8.091223012625178e-07,7.861828824454488e-07,3.003761345207127e-07,6.981148718620917e-07,5.41307022173959e-07,1.7005140699201726e-07,7.884697859786421e-07,3.644301213385039e-07,7.231888889149343e-07,5.376145908247544e-07,1.6369932255554053e-07,1.8926561838463987e-07,7.932495379746381e-07,2.289975364685174e-07,4.080454234159159e-07,-1.0,-1.0,-1.0,-1.0
0.99,5.671512589080644e-07,7.38354336126726e-07,3.9281417995868084e-07,-1.0,-1.0,-1.0,-1.0,-1.0,-1.0,-1.0,-1.0,-1.0,7.271692641929933e-07,-1.0,-1.0,3.7799719380852196e-07,-1.0,-1.0,-1.0,7.244354580611881e-07,7.393765950563644e-07,3.938578562089106e-07,5.185917522302745e-07,3.654602650897295e-07,6.974009574263556e-07,2.8958757946864925e-08,2.2634734078166323e-08,7.214639240726541e-07,5.646409557480287e-07,2.468087336415788e-07,5.693536480762517e-07,7.610136219871695e-07,7.359385581422199e-07,3.900850645048954e-07,-1.0,-1.0,-1.0,6.163403421502786e-07,1.6009475883710165e-07,4.328539383431744e-07,2.7314588058677457e-08,5.103871791365498e-08,1.4077179507115443e-07,2.3292324846470589e-07,3.3629912217548564e-07,4.161260399425914e-07,7.252477726697092e-07,-1.0,-1.0,-1.0,4.212167783935153e-07,-1.0,-1.0,-1.0,-1.0,-1.0,-1.0,-1.0,-1.0,-1.0,3.150409487807332e-07,6.903636876707058e-07,5.330267404444816e-07,7.955531416792369e-07,7.709742899416769e-07,5.694598647965328e-07,7.337018174786813e-07,3.9588572807219113e-07,8.005019024922957e-07,7.756960709126219e-07,2.903124655746731e-07,6.859252621765669e-07,5.286954431785638e-07,1.627180436453887e-07,7.781568177861359e-07,3.534239883509561e-07,7.11293946490281e-07,5.250485817980245e-07,1.5650807624601638e-07,1.8148651800761905e-07,7.831658721833593e-07,2.2028656592839544e-07,3.964417358736593e-07,-1.0,-1.0,-1.0,-1.0
1.0,5.644563632588354e-07,7.328915712601968e-07,3.9155092990875176e-07,-1.0,-1.0,-1.0,-1.0,-1.0,-1.0,-1.0,-1.0,-1.0,7.219233254219126e-07,-1.0,-1.0,3.768211774377691e-07,-1.0,-1.0,-1.0,7.12920149806229e-07,7.338396983986146e-07,3.925871166003424e-07,5.074636973129138e-07,3.549501730361952e-07,6.859797453830715e-07,2.6909119637454796e-08,2.1192312779497242e-08,7.098818980648331e-07,5.523151312010426e-07,2.3791127913882494e-07,5.666310016427139e-07,7.50500522500771e-07,7.303399526263674e-07,3.8882206583902376e-07,-1.0,-1.0,-1.0,6.042250466209041e-07,1.5315168122425515e-07,4.210886352661437e-07,2.5471909670633762e-08,4.8104770826321846e-08,1.3435306549852662e-07,2.2424018859588863e-07,3.257393480087422e-07,4.046928358039848e-07,7.139239494943205e-07,-1.0,-1.0,-1.0,4.1023415282787996e-07,-1.0,-1.0,-1.0,-1.0,-1.0,-1.0,-1.0,-1.0,-1.0,3.048959148989839e-07,6.78426138966015e-07,5.207073714908402e-07,7.863356218908542e-07,7.604518006189918e-07,5.667369316808394e-07,7.283725379238407e-07,3.946030264536905e-07,7.91973549264988e-07,7.653495743123418e-07,2.8058911998644905e-07,6.739499367451928e-07,5.163795152749812e-07,1.5570148148732352e-07,7.679797583333332e-07,3.4275578477603887e-07,6.995960984822621e-07,5.127798742265762e-07,1.4963312599764613e-07,1.7402731292806332e-07,7.732113072526225e-07,2.119080516933074e-07,3.851723727631898e-07,-1.0,-1.0,-1.0,-1.0
1.01,5.617743360173465e-07,7.274695398364659e-07,3.902917548784778e-07,-1.0,-1.0,-1.0,-1.0,-1.0,-1.0,-1.0,-1.0,-1.0,7.167157911575141e-07,-1.0,-1.0,3.7564883766316393e-07,-1.0,-1.0,-1.0,7.015893354377388e-07,7.283446831226566e-07,3.9132049220258537e-07,4.965997986477107e-07,3.44755066170442e-07,6.747526200591631e-07,2.500473858241372e-08,1.984359228293866e-08,6.984870128029537e-07,5.402616987643646e-07,2.2933716910167526e-07,5.639214542218906e-07,7.401356889057361e-07,7.247850359336293e-07,3.8756320944280035e-07,-1.0,-1.0,-1.0,5.923544322634736e-07,1.46510429461461e-07,4.096461839111889e-07,2.3755613874781426e-08,4.53408220886558e-08,1.2822743592801392e-07,2.1588144338296026e-07,3.1551115286773215e-07,3.9357943891759924e-07,7.027803136764591e-07,-1.0,-1.0,-1.0,3.995549133278564e-07,-1.0,-1.0,-1.0,-1.0,-1.0,-1.0,-1.0,-1.0,-1.0,2.9508104740170104e-07,6.666964010275856e-07,5.086751825020537e-07,7.77225129450487e-07,7.500734289461035e-07,5.640270954062841e-07,7.230821362558607e-07,3.933244944694115e-07,7.835362566585912e-07,7.551415093924991e-07,2.711944810112554e-07,6.621851035663092e-07,5.043522643402896e-07,1.489880101387817e-07,7.579368037428722e-07,3.324149661237995e-07,6.880920551897433e-07,5.008013474372147e-07,1.430605427127136e-07,1.6687484163251079e-07,7.633841790923248e-07,2.0384926422495836e-07,3.7422758110589754e-07,-1.0,-1.0,-1.0,-1.0
1.02,5.59105115432842e-07,7.220879356655973e-07,3.8903664168189555e-07,-1.0,-1.0,-1.0,-1.0,-1.0,-1.0,-1.0,-1.0,-1.0,7.115463761289074e-07,-1.0,-1.0,3.7448016293495265e-07,-1.0,-1.0,-1.0,6.90440036041857e-07,7.228912290950403e-07,3.90057969639105e-07,4.859931389427132e-07,3.3486510176480743e-07,6.637161667106187e-07,2.323530663887132e-08,1.858236088448234e-08,6.872762254619992e-07,5.284745673581922e-07,2.210745631972039e-07,5.612249424114049e-07,7.299169875240334e-07,7.192734585528677e-07,3.863084815589409e-07,-1.0,-1.0,-1.0,5.80723427484403e-07,1.4015785098516945e-07,3.9851764398062844e-07,2.2156931540548328e-08,4.273693876998856e-08,1.223815028921973e-07,2.078348764811879e-07,3.056041250200316e-07,3.827767431286178e-07,6.918139473591813e-07,-1.0,-1.0,-1.0,3.891702303025953e-07,-1.0,-1.0,-1.0,-1.0,-1.0,-1.0,-1.0,-1.0,-1.0,2.8558548554656287e-07,6.551708321012418e-07,4.969234209060271e-07,7.682204190372819e-07,7.398371941857337e-07,5.613302926096886e-07,7.178303276036523e-07,3.920501185210318e-07,7.751890503116537e-07,7.450700182555537e-07,2.6211733213193616e-07,6.506270381760208e-07,4.926068817900155e-07,1.4256451366196833e-07,7.480261742415945e-07,3.2239132208176303e-07,6.767785822152556e-07,4.891060534037556e-07,1.3677701147772295e-07,1.6001648438623477e-07,7.536828451994145e-07,1.96097962949362e-07,3.63597895787693e-07,-1.0,-1.0,-1.0,-1.0
1.03,5.564486400523344e-07,7.167464548783603e-07,3.877855771758409e-07,-1.0,-1.0,-1.0,-1.0,-1.0,-1.0,-1.0,-1.0,-1.0,7.064147972145594e-07,-1.0,-1.0,3.733151417398381e-07,-1.0,-1.0,-1.0,6.79469321168989e-07,7.174790186560915e-07,3.887995355770088e-07,4.756369986921027e-07,3.2527075731311695e-07,6.528670325980819e-07,2.159124819119207e-08,1.740282738480932e-08,6.762465429919289e-07,5.169477836433742e-07,2.1311205777263686e-07,5.585414031175961e-07,7.198423159900773e-07,7.138048738365198e-07,3.8505786847640895e-07,-1.0,-1.0,-1.0,5.693270684306136e-07,1.3408136778751658e-07,3.87694324905846e-07,2.066770718158739e-08,4.0283773496950024e-08,1.1680247676156417e-07,2.0008880656429208e-07,2.9600817966901365e-07,3.722759061353018e-07,6.81021980694892e-07,-1.0,-1.0,-1.0,3.790715432076365e-07,-1.0,-1.0,-1.0,-1.0,-1.0,-1.0,-1.0,-1.0,-1.0,2.763987296952926e-07,6.438458546712163e-07,4.854454942785983e-07,7.593202598496393e-07,7.297411429176108e-07,5.586464602362058e-07,7.126168291927615e-07,3.907798850547213e-07,7.669309663098222e-07,7.351332680161281e-07,2.533468431436377e-07,6.392720824377889e-07,4.81136720624561e-07,1.3641844473879248e-07,7.382461138364017e-07,3.126749657664965e-07,6.656524995287475e-07,4.776872125101874e-07,1.3076980444729497e-07,1.5344014092040345e-07,7.441056843761769e-07,1.8864237741587634e-07,3.5327413096908535e-07,-1.0,-1.0,-1.0,-1.0
1.04,5.538048487191616e-07,7.114447959084898e-07,3.8653854825980935e-07,-1.0,-1.0,-1.0,-1.0,-1.0,-1.0,-1.0,-1.0,-1.0,7.013207734258785e-07,-1.0,-1.0,3.721537626008631e-07,-1.0,-1.0,-1.0,6.686743080395261e-07,7.121077366005826e-07,3.8754517672690284e-07,4.6552485008970324e-07,3.159628197173639e-07,6.422019258291214e-07,2.0063668021110344e-08,1.6299592018385038e-08,6.653950212987167e-07,5.05675528873542e-07,2.0543866964218156e-07,5.558707735540068e-07,7.099096027825034e-07,7.083789379766009e-07,3.8381135653025844e-07,-1.0,-1.0,-1.0,5.581604966472598e-07,1.2826895125475795e-07,3.7716777881363806e-07,1.9280355727997407e-08,3.797252960710859e-08,1.1147815359146462e-07,1.926319902329265e-07,2.8671354868774783e-07,3.620683417134493e-07,6.704015910440331e-07,-1.0,-1.0,-1.0,3.692505520149452e-07,-1.0,-1.0,-1.0,-1.0,-1.0,-1.0,-1.0,-1.0,-1.0,2.675106291799094e-07,6.327179543197632e-07,4.7423496651297135e-07,7.505234354356016e-07,7.197833486604488e-07,5.559755355378112e-07,7.074413603298712e-07,3.895137805609956e-07,7.587610510736088e-07,7.253294504632387e-07,2.4487255672661853e-07,6.281166433538479e-07,4.6993529157063244e-07,1.3053779997311553e-07,7.285948899944968e-07,3.032563233257101e-07,6.547106805472961e-07,4.665382094190463e-07,1.2502675492677502e-07,1.4713420903863584e-07,7.346510964522143e-07,1.814711891844619e-07,3.4324737175420004e-07,-1.0,-1.0,-1.0,-1.0
1.05,5.511736805715514e-07,7.061826594750872e-07,3.8529554187581747e-07,-1.0,-1.0,-1.0,-1.0,-1.0,-1.0,-1.0,-1.0,-1.0,6.962640258909214e-07,-1.0,-1.0,3.709960140772961e-07,-1.0,-1.0,-1.0,6.580521607626778e-07,7.067770701585556e-07,3.8629487984275005e-07,4.5565035114108417e-07,3.069323748518519e-07,6.317176142226488e-07,1.8644302893111138e-08,1.526761943400119e-08,6.547187644389394e-07,4.94652115819898e-07,1.9804382047959787e-07,5.532129912398794e-07,7.001168067630749e-07,7.029953099809147e-07,3.8256893210147704e-07,-1.0,-1.0,-1.0,5.472189567874879e-07,1.227090981103946e-07,3.669297936922358e-07,1.7987822360753908e-08,3.5794928397177866e-08,1.0639688826216572e-07,1.8545360556633863e-07,2.7771077067526923e-07,3.5214571217372815e-07,6.599500021873213e-07,-1.0,-1.0,-1.0,3.596992089627133e-07,-1.0,-1.0,-1.0,-1.0,-1.0,-1.0,-1.0,-1.0,-1.0,2.5891137058092455e-07,6.217836786071433e-07,4.6328555408153855e-07,7.41828743525228e-07,7.099619114991743e-07,5.533174560718007e-07,7.023036423874148e-07,3.8825179157457065e-07,7.506783612473663e-07,7.156567817271039e-07,2.366843754899258e-07,6.171571918980492e-07,4.589962593153751e-07,1.249110962677867e-07,7.19070793327951e-07,2.941261238793159e-07,6.439500512305022e-07,4.5565258904235207e-07,1.1953623260049444e-07,1.41087564105054e-07,7.253175020100776e-07,1.7457351441293248e-07,3.335089661108622e-07,-1.0,-1.0,-1.0,-1.0
1.06,5.485550750411922e-07,7.009597485651541e-07,3.840565450082645e-07,-1.0,-1.0,-1.0,-1.0,-1.0,-1.0,-1.0,-1.0,-1.0,6.912442778382313e-07,-1.0,-1.0,3.698418847645158e-07,-1.0,-1.0,-1.0,6.476000895681946e-07,7.014867089762959e-07,3.850486317217278e-07,4.4600733996747234e-07,2.981707974912373e-07,6.21410924195046e-07,1.7325476589873524e-08,1.4302213579146803e-08,6.442149238276886e-07,4.838719857669612e-07,1.909173217937438e-07,5.505679939986569e-07,6.904619167226021e-07,6.97653651649466e-07,3.813305816168301e-07,-1.0,-1.0,-1.0,5.364977943730339e-07,1.1739080741436404e-07,3.569723867512882e-07,1.678354519033187e-08,3.374317833854304e-08,1.0154756885252327e-07,1.785432362929608e-07,2.6899068132509147e-07,3.4249992104479664e-07,6.496644835512951e-07,-1.0,-1.0,-1.0,3.5040971057547967e-07,-1.0,-1.0,-1.0,-1.0,-1.0,-1.0,-1.0,-1.0,-1.0,2.505914664033567e-07,6.1103963597161e-07,4.5259112238784183e-07,7.332349958649291e-07,7.002749577173308e-07,5.506721596992969e-07,6.972033987883062e-07,3.869939046742181e-07,7.426819635894581e-07,7.06113501950464e-07,2.2877254946928138e-07,6.063902618697428e-07,4.483134388309693e-07,1.1952734822959919e-07,7.096721372825382e-07,2.852753897882516e-07,6.333675891912996e-07,4.450240526125356e-07,1.1428711985497481e-07,1.3528953937749014e-07,7.161033421144946e-07,1.6793888711706238e-07,3.240505170341049e-07,-1.0,-1.0,-1.0,-1.0
1.07,5.459489718518115e-07,6.957757684162614e-07,3.828215446837937e-07,-1.0,-1.0,-1.0,-1.0,-1.0,-1.0,-1.0,-1.0,-1.0,6.862612545807951e-07,-1.0,-1.0,3.6869136329389647e-07,-1.0,-1.0,-1.0,6.373153500507677e-07,6.962363450974585e-07,3.8380641920408616e-07,4.365898292949336e-07,2.8966974158941114e-07,6.112787396675837e-07,1.610005815155196e-08,1.3398994351407713e-08,6.338806974595849e-07,4.7332970557762565e-07,1.8404936046519552e-07,5.479357199564961e-07,6.809429509337743e-07,6.923536275510763e-07,3.8009629154870473e-07,-1.0,-1.0,-1.0,5.259924536045171e-07,1.1230355857182097e-07,3.4728779797026013e-07,1.5661420577099705e-08,3.180994614067867e-08,9.691959219053133e-08,1.7189085655660205e-07,2.6054440409616065e-07,3.331231059753539e-07,6.395423494469524e-07,-1.0,-1.0,-1.0,3.413744899454542e-07,-1.0,-1.0,-1.0,-1.0,-1.0,-1.0,-1.0,-1.0,-1.0,2.4254174413692957e-07,6.004824946490449e-07,4.421456822064862e-07,7.247410180537411e-07,6.907206394345845e-07,5.480395845837629e-07,6.921403549907821e-07,3.8574010648261986e-07,7.347709348636099e-07,6.966978749643535e-07,2.2112766406311893e-07,5.958124487683189e-07,4.378807917875056e-07,1.143760465573555e-07,7.003972578307755e-07,2.7669542724024874e-07,6.22960322821916e-07,4.3464645385084527e-07,1.0926878914861632e-07,1.297299071510098e-07,7.070070780451548e-07,1.6155724307747268e-07,3.1486387494569934e-07,-1.0,-1.0,-1.0,-1.0
1.08,5.43355311017761e-07,6.906304264993521e-07,3.815905279711558e-07,-1.0,-1.0,-1.0,-1.0,-1.0,-1.0,-1.0,-1.0,-1.0,6.813146835001295e-07,-1.0,-1.0,3.675444383326945e-07,-1.0,-1.0,-1.0,6.271952424268971e-07,6.910256729443404e-07,3.8256822917300754e-07,4.273920011225122e-07,2.814211308966401e-07,6.01318000994712e-07,1.496142309026992e-08,1.2553875890103708e-08,6.237133291426771e-07,4.630199648259113e-07,1.7743048482286456e-07,5.453161075407829e-07,6.715579567107878e-07,6.870949050001984e-07,3.7886604841495457e-07,-1.0,-1.0,-1.0,5.156984752203055e-07,1.0743729030707717e-07,3.3786848382986046e-07,1.4615770905538793e-08,2.998832955036121e-08,9.250284052662302e-08,1.6548681625578883e-07,2.52363341176752e-07,3.240076318484636e-07,6.295809583212474e-07,-1.0,-1.0,-1.0,3.3258620926624183e-07,-1.0,-1.0,-1.0,-1.0,-1.0,-1.0,-1.0,-1.0,-1.0,2.3475333568728707e-07,5.901089816118796e-07,4.31943386208864e-07,7.163456493815163e-07,6.812971342492622e-07,5.454196691895215e-07,6.871142384733573e-07,3.8449038366622475e-07,7.269443617314309e-07,6.874081879682639e-07,2.1374062839128092e-07,5.854204086880282e-07,4.2769242305200363e-07,1.0944713737017985e-07,6.912445131691182e-07,2.683778171420892e-07,6.127253304347224e-07,4.245137952307854e-07,1.044710813815549e-07,1.2439886067834726e-07,6.98027191032996e-07,1.5541890436823092e-07,3.059411303225319e-07,-1.0,-1.0,-1.0,-1.0
1.09,5.40774032842608e-07,6.855234325016767e-07,3.8036348198107123e-07,-1.0,-1.0,-1.0,-1.0,-1.0,-1.0,-1.0,-1.0,-1.0,6.764042940304877e-07,-1.0,-1.0,3.6640109858393367e-07,-1.0,-1.0,-1.0,6.172371108040201e-07,6.858543892993042e-07,3.813340485544655e-07,4.184082015632424e-07,2.7341714990284893e-07,5.915257039128196e-07,1.3903417367540759e-08,1.1763046390638869e-08,6.137101077450126e-07,4.5293757299583515e-07,1.7105159124033322e-07,5.427090954786572e-07,6.623050099756761e-07,6.818771540339294e-07,3.7763983877874587e-07,-1.0,-1.0,-1.0,5.05611494402847e-07,1.0278238056023628e-07,3.28707111221266e-07,1.3641314637779033e-08,2.8271831781455967e-08,8.828765927808995e-08,1.5932182693465195e-07,2.44439164732112e-07,3.1514608410170965e-07,6.197777120212334e-07,-1.0,-1.0,-1.0,3.240377526104711e-07,-1.0,-1.0,-1.0,-1.0,-1.0,-1.0,-1.0,-1.0,-1.0,2.272176671655185e-07,5.799158815269684e-07,4.2197852557260853e-07,7.080477426690078e-07,6.720026448858546e-07,5.428123522802845e-07,6.821247787198915e-07,3.8324472293510443e-07,7.192013406460935e-07,6.782427512146393e-07,2.0660266406144328e-07,5.752108572327225e-07,4.1774257727149657e-07,1.047310024350957e-07,6.822122834192472e-07,2.603144063082416e-07,6.02659739417721e-07,4.1462022433420623e-07,9.988428522142972e-08,1.1928699683522815e-07,6.891621819999542e-07,1.495145644830746e-07,2.9727460654687146e-07,-1.0,-1.0,-1.0,-1.0
1.1,5.382050779177355e-07,6.804544983098605e-07,3.791403938660935e-07,-1.0,-1.0,-1.0,-1.0,-1.0,-1.0,-1.0,-1.0,-1.0,6.715298176431893e-07,-1.0,-1.0,3.652613327862929e-07,-1.0,-1.0,-1.0,6.074383424616951e-07,6.80722193286345e-07,3.801038643170852e-07,4.0963293585215644e-07,2.656502350953689e-07,5.81898898509057e-07,1.2920323937500324e-08,1.1022949332617304e-08,6.038683664536649e-07,4.430774567448635e-07,1.6490391123239357e-07,5.401146227955467e-07,6.531822148312285e-07,6.767000473892215e-07,3.7641764924840255e-07,-1.0,-1.0,-1.0,4.957272387314006e-07,9.832962726592559e-08,3.197965515280615e-07,1.2733138484410494e-08,2.665433747650709e-08,8.426483579536329e-08,1.5338694820457155e-07,2.3676380842693336e-07,3.065312622469304e-07,6.101300550706297e-07,-1.0,-1.0,-1.0,3.157222189431192e-07,-1.0,-1.0,-1.0,-1.0,-1.0,-1.0,-1.0,-1.0,-1.0,2.1992644902372038e-07,5.699000357320616e-07,4.122455266727388e-07,6.998461641098242e-07,6.628353988474091e-07,5.402175729176871e-07,6.771717072047671e-07,3.8200311104281033e-07,7.115409777471532e-07,6.691998976976435e-07,1.9970529432885912e-07,5.651805684501469e-07,4.0802563553814484e-07,1.0021844025466981e-07,6.732989703333967e-07,2.524972989361065e-07,5.927607254044149e-07,4.0496003029771694e-07,9.549911734275887e-08,1.1438529949987357e-07,6.804105713021254e-07,1.4383527403610145e-07,2.8885685297178393e-07,-1.0,-1.0,-1.0,-1.0
1.11,5.356483871209467e-07,6.754233379930997e-07,3.779212508204736e-07,-1.0,-1.0,-1.0,-1.0,-1.0,-1.0,-1.0,-1.0,-1.0,6.666909878310713e-07,-1.0,-1.0,3.641251297139919e-07,-1.0,-1.0,-1.0,5.977963671446412e-07,6.756287863528065e-07,3.7887766347200303e-07,4.010608635156266e-07,2.581130665199095e-07,5.724346882098391e-07,1.2006831672920903e-08,1.0330266020717739e-08,5.941854820460173e-07,4.3343465723044086e-07,1.5897899903301327e-07,5.375326288137049e-07,6.441877031404002e-07,6.715632604802856e-07,3.7519946647725335e-07,-1.0,-1.0,-1.0,4.860415261801141e-07,9.407022997532458e-08,3.111298748759597e-07,1.1886671542107122e-08,2.513009010740963e-08,8.042557910317072e-08,1.4767357467657873e-07,2.293294592140354e-07,2.9815617358348056e-07,6.006354739586067e-07,-1.0,-1.0,-1.0,3.076329153626143e-07,-1.0,-1.0,-1.0,-1.0,-1.0,-1.0,-1.0,-1.0,-1.0,2.1287166652475224e-07,5.600583412305519e-07,4.0273894785251474e-07,6.917397931142352e-07,6.537936480727498e-07,5.376352704598302e-07,6.722547573781769e-07,3.8076553478623084e-07,7.039623887565051e-07,6.602779828461434e-07,1.9304033363553377e-07,5.553263737854314e-07,3.985361121344052e-07,9.590064797724003e-08,6.645029970036659e-07,2.449188483584241e-07,5.830255114578167e-07,3.9552764034716107e-07,9.130670353949922e-08,1.0968512361724772e-07,6.717708984762977e-07,1.3837242701467384e-07,2.806806381951578e-07,-1.0,-1.0,-1.0,-1.0
1.12,5.331039016150773e-07,6.704296677864894e-07,3.7670604008002357e-07,-1.0,-1.0,-1.0,-1.0,-1.0,-1.0,-1.0,-1.0,-1.0,6.618875400930584e-07,-1.0,-1.0,3.629924781766794e-07,-1.0,-1.0,-1.0,5.883086563674383e-07,6.705738722512377e-07,3.7765543307272795e-07,3.9268679369656894e-07,2.5079855963391984e-07,5.631302287886382e-07,1.11580065040521e-08,9.681899344672072e-09,5.846588741730923e-07,4.24004327498129e-07,1.53268719636659e-07,5.34963053150758e-07,6.353196341121147e-07,6.6646647137619e-07,3.7398527716347836e-07,-1.0,-1.0,-1.0,4.7655026316042573e-07,8.999577228439553e-08,3.027003445455107e-07,1.109766125834212e-08,2.3693670728116332e-08,7.676150057174484e-08,1.4217342338526509e-07,2.2212854938088858e-07,2.9001402709914863e-07,5.912914964405728e-07,-1.0,-1.0,-1.0,2.997633505620648e-07,-1.0,-1.0,-1.0,-1.0,-1.0,-1.0,-1.0,-1.0,-1.0,2.0604557053474897e-07,5.50387749704163e-07,3.934534762720645e-07,6.837275221548035e-07,6.448756685984549e-07,5.350653845598299e-07,6.673736646515216e-07,3.795319810054493e-07,6.964646988754563e-07,6.514753842208476e-07,1.865998775154332e-07,5.456451610534372e-07,3.8926865135631444e-07,9.176920409387955e-08,6.558228075752601e-07,2.3757164906371628e-07,5.734513672683516e-07,3.8631761641794264e-07,8.729856067215573e-08,1.0517817991982426e-07,6.632417219898055e-07,1.3311774756314625e-07,2.727389435360057e-07,-1.0,-1.0,-1.0,-1.0
1.1300000000000001,5.30571562846616e-07,6.65473206074477e-07,3.7549474892198133e-07,-1.0,-1.0,-1.0,-1.0,-1.0,-1.0,-1.0,-1.0,-1.0,6.571192119188548e-07,-1.0,-1.0,3.618633670193206e-07,-1.0,-1.0,-1.0,5.789727227306933e-07,6.65557157021396e-07,3.764371602150027e-07,3.845056806302415e-07,2.4369985744190503e-07,5.539827273926954e-07,1.0369264612475293e-08,9.074958671501064e-09,5.752860046547319e-07,4.147817299299244e-07,1.4776523728559295e-07,5.324058357182582e-07,6.265761938933552e-07,6.614093607786486e-07,3.7277506804995693e-07,-1.0,-1.0,-1.0,4.672494426067865e-07,8.609820503286163e-08,2.945014115431436e-07,1.0362151093448591e-08,2.23399779976561e-08,7.326459547532456e-08,1.368785216856812e-07,2.1515374884588838e-07,2.820982275530428e-07,5.820956908507667e-07,-1.0,-1.0,-1.0,2.921072285032322e-07,-1.0,-1.0,-1.0,-1.0,-1.0,-1.0,-1.0,-1.0,-1.0,1.9944066862734972e-07,5.408852665432591e-07,3.843839248328972e-07,6.758082566138249e-07,6.360797602255259e-07,5.325078551643744e-07,6.625281663829143e-07,3.7830243658360204e-07,6.890470426829079e-07,6.427905012155495e-07,1.803762928528075e-07,5.361338734296122e-07,3.802180244130088e-07,8.781605188781618e-08,6.472568669636108e-07,2.3044852897593837e-07,5.64035608365419e-07,3.773246518590572e-07,8.34665794125179e-08,1.0085652027781155e-07,6.548216189936678e-07,1.2806327727685682e-07,2.6502495670690024e-07,-1.0,-1.0,-1.0,-1.0
1.1400000000000001,5.280513125443293e-07,6.60553673374447e-07,3.7428736466487604e-07,-1.0,-1.0,-1.0,-1.0,-1.0,-1.0,-1.0,-1.0,-1.0,6.523857427737517e-07,-1.0,-1.0,3.60737785122085e-07,-1.0,-1.0,-1.0,5.697861192484789e-07,6.605783489723915e-07,3.7522283203666557e-07,3.7651261926554086e-07,2.368103229026429e-07,5.449894415882803e-07,9.636347533430188e-09,8.506745789464266e-09,5.660643767864269e-07,4.0576223375135274e-07,1.424610043864087e-07,5.29860916720246e-07,6.179555951674536e-07,6.563916120000014e-07,3.7156882592411534e-07,-1.0,-1.0,-1.0,4.581351421047279e-07,8.236983024003779e-08,2.865267093260199e-07,9.676459759536562e-09,2.10642093967338e-08,6.99272253971574e-08,1.3178119560540076e-07,2.0839795769653397e-07,2.744023697349308e-07,5.730456654264471e-07,-1.0,-1.0,-1.0,2.8465844229611326e-07,-1.0,-1.0,-1.0,-1.0,-1.0,-1.0,-1.0,-1.0,-1.0,1.9304971648898167e-07,5.315479498944576e-07,3.755252291764579e-07,6.679809146325528e-07,6.274042461906818e-07,5.299626225122872e-07,6.577180018627948e-07,3.77076888446737e-07,6.817085640346326e-07,6.342217547624112e-07,1.7436220848116895e-07,5.267895084590204e-07,3.71379126400633e-07,8.403348360352058e-08,6.388036605753159e-07,2.2354254198480453e-07,5.547755953423765e-07,3.685435682187253e-07,7.980300775073553e-08,9.671252365289108e-08,6.465091850789622e-07,1.2320136298662274e-07,2.575320656765896e-07,-1.0,-1.0,-1.0,-1.0
1.1500000000000001,5.255430927178943e-07,6.556707923204288e-07,3.7308387466839394e-07,-1.0,-1.0,-1.0,-1.0,-1.0,-1.0,-1.0,-1.0,-1.0,6.476868740835533e-07,-1.0,-1.0,3.5961572140023485e-07,-1.0,-1.0,-1.0,5.607464386868637e-07,6.556371586649713e-07,3.7401243571751197e-07,3.6870284102689086e-07,2.3012353159861597e-07,5.361476784241378e-07,8.955299030537833e-09,7.974741829020383e-09,5.569915346576089e-07,3.9694131259597434e-07,1.3734875083970967e-07,5.273282366518163e-07,6.094560767584752e-07,6.514129109413798e-07,3.7036653761777574e-07,-1.0,-1.0,-1.0,4.4920352206031763e-07,7.880328574511611e-08,2.787700486763079e-07,9.037161924372498e-09,1.9861843565867483e-08,6.674210144209106e-08,1.2687405863460256e-07,2.0185429896191714e-07,2.669202328956908e-07,5.641390676434843e-07,-1.0,-1.0,-1.0,2.774110682772486e-07,-1.0,-1.0,-1.0,-1.0,-1.0,-1.0,-1.0,-1.0,-1.0,1.8686570961490924e-07,5.22372909725237e-07,3.668724447549282e-07,6.60244426962186e-07,6.188474728422177e-07,5.274296271330984e-07,6.52942912299648e-07,3.758553235636733e-07,6.744484159636362e-07,6.257675870412423e-07,1.6855050611090906e-07,5.1760911708322e-07,3.6274697334884514e-07,8.041412530411058e-08,6.304616940328551e-07,2.1684696071854538e-07,5.456687330947173e-07,3.59969312109588e-07,7.630043523101076e-08,9.273888263059527e-08,6.383030340363928e-07,1.185246450147459e-07,2.5025385271702303e-07,-1.0,-1.0,-1.0,-1.0
1.1600000000000001,5.230468456565381e-07,6.508242876469315e-07,3.7188426633324344e-07,-1.0,-1.0,-1.0,-1.0,-1.0,-1.0,-1.0,-1.0,-1.0,6.430223492196208e-07,-1.0,-1.0,3.584971648040139e-07,-1.0,-1.0,-1.0,5.518513129133436e-07,6.507332988939441e-07,3.7280595847915814e-07,3.6107170971198127e-07,2.2363326465832632e-07,5.274547935127686e-07,8.32244361656156e-09,7.476595091502054e-09,5.480650624812032e-07,3.8831454212596605e-07,1.324214737674361e-07,5.248077362976945e-07,6.010759032416095e-07,6.464729460710617e-07,3.69168190007005e-07,-1.0,-1.0,-1.0,4.404508239100688e-07,7.539153052093509e-08,2.712254127206145e-07,8.441070276305412e-09,1.8728623697414014e-08,6.370226821963173e-08,1.2215000093766793e-07,1.9551611161216285e-07,2.596457753436915e-07,5.553735835631584e-07,-1.0,-1.0,-1.0,2.7035936028010517e-07,-1.0,-1.0,-1.0,-1.0,-1.0,-1.0,-1.0,-1.0,-1.0,1.8088187528611062e-07,5.133573069052315e-07,3.5842074397251876e-07,6.525977368166013e-07,6.104078093203584e-07,5.249088098456223e-07,6.48202640805831e-07,3.746377289458602e-07,6.672657605815895e-07,6.174264611927116e-07,1.6293431157396486e-07,5.08589802684662e-07,3.543166993381672e-07,7.695092238708561e-08,6.22229492903025e-07,2.1035526955112067e-07,5.367124700712133e-07,3.515969521514708e-07,7.295177788367552e-08,8.892859050747504e-08,6.302017976190127e-07,1.1402604588427395e-07,2.4318408862919015e-07,-1.0,-1.0,-1.0,-1.0
1.17,5.205625139276838e-07,6.46013886172903e-07,3.7068852710102265e-07,-1.0,-1.0,-1.0,-1.0,-1.0,-1.0,-1.0,-1.0,-1.0,6.383919134840304e-07,-1.0,-1.0,3.573821043185368e-07,-1.0,-1.0,-1.0,5.430984122569993e-07,6.458664846707446e-07,3.7160338758490306e-07,3.536147175207878e-07,2.1733350192250358e-07,5.189081901291982e-07,7.734366602869459e-09,7.0101097212188435e-09,5.392825839342692e-07,3.798775977074786e-07,1.2767242762293444e-07,5.222993567308186e-07,5.928133645594741e-07,6.415714084030095e-07,3.679737700119643e-07,-1.0,-1.0,-1.0,4.31873368370395e-07,7.212783063162753e-08,2.638869520904294e-07,7.88521885373101e-09,1.7660541917959384e-08,6.080108856205805e-08,1.176021789704163e-07,1.89376943777696e-07,2.5257312920208296e-07,5.467469371899763e-07,-1.0,-1.0,-1.0,2.634977440911153e-07,-1.0,-1.0,-1.0,-1.0,-1.0,-1.0,-1.0,-1.0,-1.0,1.7509166481738972e-07,5.044983523039164e-07,3.5016541339554496e-07,6.4503979972681e-07,6.020836472420511e-07,5.224001117565422e-07,6.434969323835033e-07,3.734240916472379e-07,6.601597689813237e-07,6.091968610354434e-07,1.575069863743596e-07,4.997287201482959e-07,3.460835536864696e-07,7.363712572971599e-08,6.141056024290431e-07,2.0406115783618373e-07,5.27904297537806e-07,3.4342167598977613e-07,6.975026382285298e-08,8.52749289101927e-08,6.222041253080571e-07,1.0969875946397076e-07,2.363167271423537e-07,-1.0,-1.0,-1.0,-1.0
1.18,5.180900403756026e-07,6.412393167858128e-07,3.6949664445408533e-07,-1.0,-1.0,-1.0,-1.0,-1.0,-1.0,-1.0,-1.0,-1.0,6.337953140948454e-07,-1.0,-1.0,3.562705289636777e-07,-1.0,-1.0,-1.0,5.34485444879195e-07,6.41036433206134e-07,3.70404710339593e-07,3.463274812114546e-07,2.1121841534554037e-07,5.105053183268898e-07,7.1878955686386525e-09,6.573235161342984e-09,5.306417615095314e-07,3.7162625213949093e-07,1.2309511466941995e-07,5.198030393109266e-07,5.846667756442369e-07,6.367079914755912e-07,3.667832645967595e-07,-1.0,-1.0,-1.0,4.2346755372571177e-07,6.900574580584472e-08,2.567489802195609e-07,7.366847549461201e-09,1.6653824601419245e-08,5.803222894380589e-08,1.1322400548769642e-07,1.8343054618142945e-07,2.4569659532212903e-07,5.382568898403117e-07,-1.0,-1.0,-1.0,2.56820812085166e-07,-1.0,-1.0,-1.0,-1.0,-1.0,-1.0,-1.0,-1.0,-1.0,1.694887460674582e-07,4.957933059043861e-07,3.4210185102961425e-07,6.375695833971142e-07,5.938734003901289e-07,5.199034742590019e-07,6.38825533910663e-07,3.7221439876409756e-07,6.531296211403724e-07,6.010772907869424e-07,1.5226211953383505e-07,4.91023074940067e-07,3.380428982029203e-07,7.046627843666086e-08,6.060885872662741e-07,1.979585133603424e-07,5.192417488540203e-07,3.3543878738760877e-07,6.668941948026312e-08,8.177145592461552e-08,6.143086840818442e-07,1.0553624053212941e-07,2.296458994814139e-07,-1.0,-1.0,-1.0,-1.0
1.19,5.156293681200733e-07,6.365003104258569e-07,3.6830860591540896e-07,-1.0,-1.0,-1.0,-1.0,-1.0,-1.0,-1.0,-1.0,-1.0,6.29232300171504e-07,-1.0,-1.0,3.551624277939609e-07,-1.0,-1.0,-1.0,5.26010156154651e-07,6.362428638930389e-07,3.6920991408948455e-07,3.392057383787871e-07,2.0528236262381196e-07,5.022436740704735e-07,6.680083148620116e-09,6.164056338232848e-09,5.221402958776292e-07,3.6355637343492636e-07,1.1868327581303147e-07,5.173187256831551e-07,5.766344760454712e-07,6.318823913304848e-07,3.6559666076929126e-07,-1.0,-1.0,-1.0,4.1522985415432437e-07,6.60191165985056e-08,2.498059687746562e-07,6.883387706751242e-09,1.570491855682818e-08,5.538964556989884e-08,1.0900913992663435e-07,1.7767086577719017e-07,2.390106383478672e-07,5.299012395216945e-07,-1.0,-1.0,-1.0,2.503233180345562e-07,-1.0,-1.0,-1.0,-1.0,-1.0,-1.0,-1.0,-1.0,-1.0,1.6406699620204888e-07,4.872394759329411e-07,3.342255636623021e-07,6.301860675629503e-07,5.857755044067899e-07,5.174188390312049e-07,6.341881941272852e-07,3.710086374349427e-07,6.461745058255541e-07,5.930662747882985e-07,1.4719351972218375e-07,4.824701222020042e-07,3.301902045077757e-07,6.743220316358856e-08,5.981770312215248e-07,1.920414160085187e-07,5.107223987616935e-07,3.276437033897937e-07,6.376305644703995e-08,7.841199471389392e-08,6.065141581877103e-07,1.0153219474301991e-07,2.2316590909731306e-07,-1.0,-1.0,-1.0,-1.0
1.2,5.131804405550474e-07,6.317966000702854e-07,3.671243990484622e-07,-1.0,-1.0,-1.0,-1.0,-1.0,-1.0,-1.0,-1.0,-1.0,6.247026227203195e-07,-1.0,-1.0,3.540577898984508e-07,-1.0,-1.0,-1.0,5.17670328062713e-07,6.314854982895225e-07,3.6801898622210994e-07,3.322453438512388e-07,1.9951988104283305e-07,4.941207983849614e-07,6.208191045504019e-09,5.780784522833021e-09,5.137759252599025e-07,3.5566392265281013e-07,1.1443088177718921e-07,5.148463577766395e-07,5.687148295636525e-07,6.270943064917614e-07,3.6441394558110704e-07,-1.0,-1.0,-1.0,4.071568180912406e-07,6.31620521152068e-08,2.4305254321500937e-07,6.432448729663306e-09,1.4810478038202878e-08,5.28675711026776e-08,1.0495147915138569e-07,1.7209203958790462e-07,2.325098819275197e-07,5.216778203225565e-07,-1.0,-1.0,-1.0,2.4400017208563313e-07,-1.0,-1.0,-1.0,-1.0,-1.0,-1.0,-1.0,-1.0,-1.0,1.5882049470142008e-07,4.788342180041945e-07,3.2653216426972384e-07,6.228882438503921e-07,5.777884164913284e-07,5.149461480350196e-07,6.295846636215646e-07,3.698067948403502e-07,6.392936204985787e-07,5.851623572326163e-07,1.422952076622494e-07,4.740671658635944e-07,3.2252105141642046e-07,6.45289899917141e-08,5.903695369958644e-07,1.8630413163443972e-07,5.023438626858038e-07,3.200319515569849e-07,6.096525889666944e-08,7.519062260536978e-08,5.988192489169301e-07,9.768056898038786e-08,2.1687122655553575e-07,-1.0,-1.0,-1.0,-1.0
1.21,5.107432013473211e-07,6.271279207178485e-07,3.659440114570728e-07,-1.0,-1.0,-1.0,-1.0,-1.0,-1.0,-1.0,-1.0,-1.0,6.202060346200904e-07,-1.0,-1.0,3.5295660440064216e-07,-1.0,-1.0,-1.0,5.094637785886484e-07,6.267640601018942e-07,3.668319141661414e-07,3.2544226620242885e-07,1.9392568153550317e-07,4.861342765211285e-07,5.769675179631623e-09,5.421748821482646e-09,5.055464248115393e-07,3.479449517802861e-07,1.1033212460547322e-07,5.123858778031257e-07,5.609062238892107e-07,6.223434379451473e-07,3.6323510612725193e-07,-1.0,-1.0,-1.0,3.9924506662708467e-07,6.042891827457273e-08,2.364834784779705e-07,6.0118056359492185e-09,1.396735252706395e-08,5.04605019974998e-08,1.0104514854578062e-07,1.6668838873727192e-07,2.2618910406722545e-07,5.135845018122633e-07,-1.0,-1.0,-1.0,2.378464358975261e-07,-1.0,-1.0,-1.0,-1.0,-1.0,-1.0,-1.0,-1.0,-1.0,1.5374351660391786e-07,4.705749342814247e-07,3.1901736948545654e-07,6.156751156373006e-07,5.699106151020581e-07,5.124853435145922e-07,6.250146948162594e-07,3.686088582028327e-07,6.324861712226715e-07,5.773641018971216e-07,1.3756140879992727e-07,4.6581155776914736e-07,3.1503112238610825e-07,6.175098482926613e-08,5.826647259309165e-07,1.8074110612952974e-07,4.941037960471925e-07,3.1259916726811444e-07,5.829037156335183e-08,7.210166062699503e-08,5.912226743825895e-07,9.39755420830291e-08,2.107564845779165e-07,-1.0,-1.0,-1.0,-1.0
1.22,5.083175944352149e-07,6.224940093733661e-07,3.647674307852968e-07,-1.0,-1.0,-1.0,-1.0,-1.0,-1.0,-1.0,-1.0,-1.0,6.157422906078264e-07,-1.0,-1.0,3.518588604583507e-07,-1.0,-1.0,-1.0,5.013883611348082e-07,6.220782751679495e-07,3.656486853912564e-07,3.1879258437336044e-07,1.884946429439731e-07,4.782817371367476e-07,5.362171895025938e-09,5.085388251885655e-09,4.974496060149148e-07,3.4039560166333626e-07,1.0638140948071975e-07,5.099372282555852e-07,5.532070702470524e-07,6.176294891174618e-07,3.6206012954612115e-07,-1.0,-1.0,-1.0,3.9149129194229683e-07,5.781432658491211e-08,2.3009369478637872e-07,5.619387485744654e-09,1.317257524120255e-08,4.8163186419430445e-08,9.728449344076029e-08,1.614544126688498e-07,2.200432326227972e-07,5.056191884512548e-07,-1.0,-1.0,-1.0,2.3185731793758098e-07,-1.0,-1.0,-1.0,-1.0,-1.0,-1.0,-1.0,-1.0,-1.0,1.4883052597754414e-07,4.6245907265189635e-07,3.1167699713029866e-07,6.085456979160959e-07,5.621405996623743e-07,5.100363679949653e-07,6.204780419551365e-07,3.674148147867006e-07,6.25751372570201e-07,5.696700918788947e-07,1.329865462298372e-07,4.577006968208684e-07,3.077162030238933e-07,5.909277831694096e-08,5.750612377585804e-07,1.7534695968369514e-07,4.859998935869765e-07,3.053410910894735e-07,5.573298825122815e-08,6.913966347473628e-08,5.837231693003704e-07,9.041151592804529e-08,2.0481647323311323e-07,-1.0,-1.0,-1.0,-1.0
1.23,5.059035640272568e-07,6.178946050324121e-07,3.6359464471728714e-07,-1.0,-1.0,-1.0,-1.0,-1.0,-1.0,-1.0,-1.0,-1.0,6.113111472645785e-07,-1.0,-1.0,3.507645472636051e-07,-1.0,-1.0,-1.0,4.934419639414861e-07,6.174278714403428e-07,3.6446928740800374e-07,3.122924844016429e-07,1.8322180647793284e-07,4.7056085149336944e-07,4.983485146494527e-09,4.77024436316834e-09,4.894833160829491e-07,3.330120999850687e-07,1.0257334684849474e-07,5.075003519068397e-07,5.456158030464691e-07,6.129521658562337e-07,3.6088900301931297e-07,-1.0,-1.0,-1.0,3.8389225577582644e-07,5.5313123412588144e-08,2.2387825357453817e-07,5.253266624111476e-09,1.2423352326095106e-08,4.597061271422949e-08,9.366407086399731e-08,1.5638478354666642e-07,2.140673409253367e-07,4.977798190111199e-07,-1.0,-1.0,-1.0,2.260281689282873e-07,-1.0,-1.0,-1.0,-1.0,-1.0,-1.0,-1.0,-1.0,-1.0,1.4407616961175748e-07,4.5448412591688623e-07,3.0450696380139276e-07,6.01499017158136e-07,5.544768902708915e-07,5.075991642807047e-07,6.159744610895182e-07,3.6622465189792527e-07,6.190884475313013e-07,5.620789293341796e-07,1.285652338676716e-07,4.497320281373453e-07,3.0057217865427494e-07,5.6549195215400986e-08,5.675577303541321e-07,1.7011648123170974e-07,4.780298887024519e-07,2.982535662087602e-07,5.328794085099712e-08,6.629940989320374e-08,5.763194847722065e-07,8.698310685794294e-08,1.9904613527124246e-07,-1.0,-1.0,-1.0,-1.0
1.24,5.035010546008752e-07,6.133294486661187e-07,3.624256409771631e-07,-1.0,-1.0,-1.0,-1.0,-1.0,-1.0,-1.0,-1.0,-1.0,6.069123630013842e-07,-1.0,-1.0,3.4967365404253794e-07,-1.0,-1.0,-1.0,4.856225095173158e-07,6.128125789700921e-07,3.6329370776766953e-07,3.059382562541525e-07,1.781023703623867e-07,4.6296933266834487e-07,4.6315745979262315e-09,4.474954361890267e-09,4.81645437372322e-07,3.2579075929047434e-07,9.890274483355142e-08,5.050751918081901e-07,5.381308795363475e-07,6.083111764094874e-07,3.5972171377148143e-07,-1.0,-1.0,-1.0,3.7644478792754073e-07,5.292037972050551e-08,2.1783235352936115e-07,4.911648679870634e-09,1.1717052688014378e-08,4.3877998408172965e-08,9.017864159957022e-08,1.5147434083165955e-07,2.0825664353667217e-07,4.900643660044388e-07,-1.0,-1.0,-1.0,2.2035447744066354e-07,-1.0,-1.0,-1.0,-1.0,-1.0,-1.0,-1.0,-1.0,-1.0,1.3947527092200256e-07,4.466476309961445e-07,2.975032825192749e-07,5.945341111796819e-07,5.469180274156019e-07,5.051736754545316e-07,6.115037100649275e-07,3.650383568840019e-07,6.124966274234765e-07,5.545892352212217e-07,1.242922698605419e-07,4.4190304222717877e-07,2.9359503194511614e-07,5.411528425383459e-08,5.60152879492662e-07,1.6504462307911737e-07,4.701915527942895e-07,2.9133253593247066e-07,5.095028884149034e-08,6.357589345247694e-08,5.690103880727765e-07,8.368513743827707e-08,1.9344056159831492e-07,-1.0,-1.0,-1.0,-1.0
1.25,5.011100109010953e-07,6.08798283206098e-07,3.6126040732888075e-07,-1.0,-1.0,-1.0,-1.0,-1.0,-1.0,-1.0,-1.0,-1.0,6.025456980453171e-07,-1.0,-1.0,3.485861700552774e-07,-1.0,-1.0,-1.0,4.779279540790482e-07,6.082321298902133e-07,3.6212193406214373e-07,2.9972629075968557e-07,1.7313168466823044e-07,4.5550493478179635e-07,4.304544566888046e-09,4.198244708600312e-09,4.7393388680637666e-07,3.1872797505657064e-07,9.53646019383069e-08,5.026616912880544e-07,5.307507794656e-07,6.037062314057047e-07,3.585582490701904e-07,-1.0,-1.0,-1.0,3.69145784793595e-07,5.063138125606731e-08,2.1195132674339712e-07,4.592863267258642e-09,1.1051198430367181e-08,4.1880779712414274e-08,8.682316254601802e-08,1.4671808602842079e-07,2.0260649213070308e-07,4.824708351242245e-07,-1.0,-1.0,-1.0,2.148318656292411e-07,-1.0,-1.0,-1.0,-1.0,-1.0,-1.0,-1.0,-1.0,-1.0,1.3502282405971932e-07,4.389471681465366e-07,2.9066206043144337e-07,5.876500290094304e-07,5.394625716919996e-07,5.027598448759622e-07,6.070655485078334e-07,3.6385591713381357e-07,6.059751518021787e-07,5.471996490465866e-07,1.2016263022695358e-07,4.342112741774764e-07,2.867808405904332e-07,5.1786308419507146e-08,5.528453786087989e-07,1.601264957017697e-07,4.624826946248308e-07,2.8457404124505236e-07,4.8715309254764554e-08,6.096431370480018e-08,5.617946624387937e-07,8.051262853305479e-08,1.8799498688623944e-07,-1.0,-1.0,-1.0,-1.0
1.26,4.987303779392444e-07,6.043008535294785e-07,3.6009893157610257e-07,-1.0,-1.0,-1.0,-1.0,-1.0,-1.0,-1.0,-1.0,-1.0,5.98210914425648e-07,-1.0,-1.0,3.475020845958402e-07,-1.0,-1.0,-1.0,4.703562870005536e-07,6.036862583994837e-07,3.609539539237878e-07,2.9365307663828165e-07,1.6830524631918916e-07,4.4816545223824743e-07,4.000633755257045e-09,3.938925152057258e-09,4.6634661530755406e-07,3.118202238068829e-07,9.195410001278624e-08,5.002597939506107e-07,5.234740047487371e-07,5.991370438339555e-07,3.573985962257676e-07,-1.0,-1.0,-1.0,3.6199220793402195e-07,4.844161916886532e-08,2.0623063497656148e-07,4.295355340739499e-09,1.0423455857119336e-08,3.997460150871077e-08,8.35927793615425e-08,1.4211117759689843e-07,1.971123714968599e-07,4.749972646928027e-07,-1.0,-1.0,-1.0,2.0945608510395287e-07,-1.0,-1.0,-1.0,-1.0,-1.0,-1.0,-1.0,-1.0,-1.0,1.3071398822083613e-07,4.3138036019461077e-07,2.839794965710841e-07,5.808458307575976e-07,5.321091035251164e-07,5.003576161799548e-07,6.026597378124945e-07,3.626773200774953e-07,5.995232683723483e-07,5.399088286149122e-07,1.1617146271833917e-07,4.2665430285694505e-07,2.801257750486843e-07,4.955773566911022e-08,5.456339385596829e-07,1.5535736271331455e-07,4.5490115968729455e-07,2.779742184282784e-07,4.6578487084220613e-08,5.846006770549534e-08,5.546711068610567e-07,7.746079168561218e-08,1.8270478531429542e-07,-1.0,-1.0,-1.0,-1.0
1.27,4.963621009916615e-07,5.998369064440579e-07,3.5894120156206875e-07,-1.0,-1.0,-1.0,-1.0,-1.0,-1.0,-1.0,-1.0,-1.0,5.939077759601084e-07,-1.0,-1.0,3.464213869920236e-07,-1.0,-1.0,-1.0,4.6290553027089495e-07,5.991747007463327e-07,3.597897550253013e-07,2.8771519762400677e-07,1.6361869426890565e-07,4.4094871898262566e-07,3.7182057099199358e-09,3.6958831705778917e-09,4.5888160723919866e-07,3.0506406126923167e-07,8.866659748587749e-08,4.97869443674448e-07,5.162990791365006e-07,5.946033290242007e-07,3.562427425911594e-07,-1.0,-1.0,-1.0,3.54981082671816e-07,4.634678103923447e-08,2.0066586602346778e-07,4.017677156831265e-09,9.83162700935573e-09,3.815530779440593e-08,8.048281938554774e-08,1.3764892602387708e-07,1.9176989566199878e-07,4.676417251199655e-07,-1.0,-1.0,-1.0,2.0422301293438876e-07,-1.0,-1.0,-1.0,-1.0,-1.0,-1.0,-1.0,-1.0,-1.0,1.2654408214598822e-07,4.2394487178283967e-07,2.7745187966961096e-07,5.741205874865325e-07,5.248562228954102e-07,4.979669332755615e-07,5.982860411278991e-07,3.6150255318629854e-07,5.931402329009048e-07,5.327154497820461e-07,1.1231408089435966e-07,4.1922975013331586e-07,2.7362609633521945e-07,4.742523004355134e-08,5.385172873911365e-07,1.5073263599513616e-07,4.474448295857058e-07,2.715292967393366e-07,4.453550611616409e-08,5.6058741883083e-08,5.476385358792257e-07,7.4525021793152e-08,1.7756546643809668e-07,-1.0,-1.0,-1.0,-1.0
1.28,4.940051255984136e-07,5.95406190673569e-07,3.5778720516946805e-07,-1.0,-1.0,-1.0,-1.0,-1.0,-1.0,-1.0,-1.0,-1.0,5.896360482412646e-07,-1.0,-1.0,3.4534406660529835e-07,-1.0,-1.0,-1.0,4.555737379613217e-07,5.946971952128623e-07,3.5862932507959057e-07,2.8190932967809764e-07,1.5906780484219616e-07,4.3385260777036134e-07,3.455739961563896e-09,3.468078792149181e-09,4.5153687985658106e-07,2.984561205758239e-07,8.549762284812637e-08,4.954905846112222e-07,5.092245478914796e-07,5.901048046277571e-07,3.550906755617859e-07,-1.0,-1.0,-1.0,3.481094967228084e-07,4.434274229963426e-08,1.9525273018335932e-07,3.758480800082498e-09,9.273641703077298e-09,3.6418932565575e-08,7.748878482611592e-08,1.3332678904921845e-07,1.8657480412716698e-07,4.604023183702445e-07,-1.0,-1.0,-1.0,1.9912864778204064e-07,-1.0,-1.0,-1.0,-1.0,-1.0,-1.0,-1.0,-1.0,-1.0,1.2250857880593748e-07,4.1663840862929355e-07,2.7107558602172226e-07,5.67473381082845e-07,5.177025490684572e-07,4.955877403445883e-07,5.939442233448046e-07,3.6033160397245655e-07,5.868253091301787e-07,5.25618206211526e-07,1.0858595840446696e-07,4.119352801048418e-07,2.672781538675888e-07,4.538464316862854e-08,5.314941701069933e-07,1.4624787098343056e-07,4.40111621425365e-07,2.6523559614617234e-07,4.25822401660911e-08,5.375610424422354e-08,5.406957793792869e-07,7.170089006358967e-08,1.72572671182192e-07,-1.0,-1.0,-1.0,-1.0
1.29,4.916593975620201e-07,5.910084568430603e-07,3.5663693032030946e-07,-1.0,-1.0,-1.0,-1.0,-1.0,-1.0,-1.0,-1.0,-1.0,5.853954986229939e-07,-1.0,-1.0,3.442701128307022e-07,-1.0,-1.0,-1.0,4.483589957010376e-07,5.902534820989892e-07,3.5747265183963673e-07,2.7623223828947695e-07,1.5464848723470485e-07,4.2687502945130915e-07,3.211823793288155e-09,3.2545397669568888e-09,4.443104827669825e-07,2.9199311050466717e-07,8.244286837666393e-08,4.931231611843206e-07,5.022489774686335e-07,5.856411905979369e-07,3.539423825753967e-07,-1.0,-1.0,-1.0,3.413745988556398e-07,4.242555803161294e-08,1.899870568297166e-07,3.5165112333758426e-09,8.747550038264543e-09,3.4761691118212204e-08,7.460634620340972e-08,1.2914036704200305e-07,1.8152295821578218e-07,4.532771774391456e-07,-1.0,-1.0,-1.0,1.94169106156302e-07,-1.0,-1.0,-1.0,-1.0,-1.0,-1.0,-1.0,-1.0,-1.0,1.1860310026589268e-07,4.0945871680050195e-07,2.6484707740170054e-07,5.6090330413103e-07,5.10646720328392e-07,4.932199818402615e-07,5.8963405108287e-07,3.591644599890497e-07,5.805777686922782e-07,5.186158091343527e-07,1.0498272346848156e-07,4.047685983456161e-07,2.6107838336243366e-07,4.343200612479845e-08,5.245633484415424e-07,1.4189876210827924e-07,4.3289948721367667e-07,2.5908952511865433e-07,4.0714744701810044e-08,5.154809689968192e-08,5.338416823936698e-07,6.898413724379462e-08,1.6772216795256634e-07,-1.0,-1.0,-1.0,-1.0
1.3,4.893248629461796e-07,5.866434574643875e-07,3.5549036497579436e-07,-1.0,-1.0,-1.0,-1.0,-1.0,-1.0,-1.0,-1.0,-1.0,5.811858962070672e-07,-1.0,-1.0,3.431995150967332e-07,-1.0,-1.0,-1.0,4.412594201615961e-07,5.858433037067152e-07,3.563197230983648e-07,2.706807758597497e-07,1.5035677916539736e-07,4.200139322672242e-07,2.985144594207003e-09,3.054357067852869e-09,4.3720049739869314e-07,2.856718137613479e-07,7.949818409321605e-08,4.907671180875318e-07,4.953709552006468e-07,5.812122091708446e-07,3.527978511119271e-07,-1.0,-1.0,-1.0,3.3477359758115687e-07,4.059145512186969e-08,1.848647910767073e-07,3.2905998355612813e-09,8.251515351047553e-09,3.3179971748262286e-08,7.183133603936884e-08,1.2508539852186555e-07,1.7661033752987337e-07,4.4626446583819413e-07,-1.0,-1.0,-1.0,1.8934061879013596e-07,-1.0,-1.0,-1.0,-1.0,-1.0,-1.0,-1.0,-1.0,-1.0,1.1482341272264613e-07,4.024035819972686e-07,2.587628990297157e-07,5.544094597885688e-07,5.036873937150463e-07,4.908636024858997e-07,5.853552926778864e-07,3.5800110882987137e-07,5.743968910243712e-07,5.117069871120155e-07,1.0150015354919775e-07,3.977274511644575e-07,2.5502330478271936e-07,4.156352166997904e-08,5.17723600635044e-07,1.3768113837975044e-07,4.2580641327115985e-07,2.5308757847417084e-07,3.892924883630226e-08,4.943082889808861e-08,5.270751049039832e-07,6.637066710873657e-08,1.6300984886541783e-07,-1.0,-1.0,-1.0,-1.0
1.31,4.870014680745073e-07,5.82310946921819e-07,3.543474971361887e-07,-1.0,-1.0,-1.0,-1.0,-1.0,-1.0,-1.0,-1.0,-1.0,5.770070118298324e-07,-1.0,-1.0,3.4213226286524395e-07,-1.0,-1.0,-1.0,4.342731585497801e-07,5.814664043245226e-07,3.551705266885125e-07,2.6525187916989523e-07,1.4618884267653474e-07,4.1326730116253186e-07,2.774482756410579e-09,2.8666806960179617e-09,4.302050364787751e-07,2.794890853002404e-07,7.665957194648347e-08,4.884224002837218e-07,4.885890889880399e-07,5.768175848463435e-07,3.516570686933547e-07,-1.0,-1.0,-1.0,3.2830375987057403e-07,3.8836824761655225e-08,1.7988199053972229e-07,3.0796583920455033e-09,7.783807582522313e-09,3.167032783218304e-08,6.915974278443238e-08,1.2115775582096523e-07,1.7183303651113724e-07,4.3936237708864145e-07,-1.0,-1.0,-1.0,1.846395271314626e-07,-1.0,-1.0,-1.0,-1.0,-1.0,-1.0,-1.0,-1.0,-1.0,1.1116542170865227e-07,3.954708288532084e-07,2.528196775869232e-07,5.479909616624922e-07,4.968232447647304e-07,4.885185472735937e-07,5.811077181691011e-07,3.568415381292946e-07,5.682819632848856e-07,5.048904858027242e-07,9.813417021027768e-08,3.9080962487712136e-07,2.491095203340983e-07,3.977555680002866e-08,5.109737212122757e-07,1.3359095911622333e-07,4.188304196524676e-07,2.4722633527630317e-07,3.722214767398119e-08,4.740056935481543e-08,5.203949216463364e-07,6.385654020145452e-08,1.584317260887005e-07,-1.0,-1.0,-1.0,-1.0
1.32,4.846891595292753e-07,5.780106814577484e-07,3.532083148406961e-07,-1.0,-1.0,-1.0,-1.0,-1.0,-1.0,-1.0,-1.0,-1.0,5.728586180490041e-07,-1.0,-1.0,3.410683456313357e-07,-1.0,-1.0,-1.0,4.2739838810882606e-07,5.771225302118881e-07,3.5402505048250066e-07,2.5994256692595696e-07,1.4214096007596077e-07,4.0663315710813185e-07,2.578705076617029e-09,2.6907157706866434e-09,4.2332224351944374e-07,2.7344185068422975e-07,7.392318021050807e-08,4.860889530035183e-07,4.819020069939638e-07,5.72457044369179e-07,3.5052002288355655e-07,-1.0,-1.0,-1.0,3.219624099017537e-07,3.7158215274444035e-08,1.7503482218732123e-07,2.882673506400594e-09,7.3427970393488814e-09,3.0229470270566454e-08,6.65877049723668e-08,1.1735344088217367e-07,1.671872611036571e-07,4.3256913422368155e-07,-1.0,-1.0,-1.0,1.800622799464484e-07,-1.0,-1.0,-1.0,-1.0,-1.0,-1.0,-1.0,-1.0,-1.0,1.076251674573731e-07,3.886583202457753e-07,2.4701411927817356e-07,5.41646933687388e-07,4.900529672546113e-07,4.861847614628912e-07,5.768910992866356e-07,3.556857355621387e-07,5.622322802706047e-07,4.981650677308025e-07,9.488083415293024e-08,3.840129450915915e-07,2.433337125092174e-07,3.806463563221121e-08,5.043125207640678e-07,1.2962430981028975e-07,4.119695595772416e-07,2.415024567852476e-07,3.558999499473227e-08,4.545374086380596e-08,5.138000219192071e-07,6.143796781415496e-08,1.5398392829302407e-07,-1.0,-1.0,-1.0,-1.0
1.33,4.823878841501599e-07,5.737424191585225e-07,3.5207280616733095e-07,-1.0,-1.0,-1.0,-1.0,-1.0,-1.0,-1.0,-1.0,-1.0,5.687404891305532e-07,-1.0,-1.0,3.400077529232527e-07,-1.0,-1.0,-1.0,4.206333156278557e-07,5.728114295839229e-07,3.5288328239230227e-07,2.547499373811366e-07,1.3820953001672465e-07,4.0010955643798727e-07,2.3967586266054437e-09,2.5257188832930294e-09,4.16550292312927e-07,2.6752710448206195e-07,7.128529809095715e-08,4.837667217439988e-07,4.7530835734360787e-07,5.681303167102685e-07,3.493867012881671e-07,-1.0,-1.0,-1.0,3.1574692783297853e-07,3.555232525747609e-08,1.7031955928198944e-07,2.6987014033187965e-09,6.926948522766138e-09,2.885426027815082e-08,6.411150559461715e-08,1.1366858118920523e-07,1.626693255152341e-07,4.258829892990392e-07,-1.0,-1.0,-1.0,1.756054300310144e-07,-1.0,-1.0,-1.0,-1.0,-1.0,-1.0,-1.0,-1.0,-1.0,1.0419882042441436e-07,3.8196395661956216e-07,2.41343007941186e-07,5.353765100048336e-07,4.833752729506345e-07,4.838621905794903e-07,5.727052094389979e-07,3.545336888435366e-07,5.562471443346588e-07,4.915295120592035e-07,9.173634042510602e-08,3.773352760062206e-07,2.3769264217881872e-07,3.642743259759937e-08,4.977388257317893e-07,1.2577739812774246e-07,4.052219188706376e-07,2.359126844587024e-07,3.402949626080803e-08,4.358691318070397e-08,5.072893093938295e-07,5.911130620112403e-08,1.496626972086125e-07,-1.0,-1.0,-1.0,-1.0
1.34,4.800975890329965e-07,5.695059199403719e-07,3.5094095923279205e-07,-1.0,-1.0,-1.0,-1.0,-1.0,-1.0,-1.0,-1.0,-1.0,5.646524010356976e-07,-1.0,-1.0,3.389504743022776e-07,-1.0,-1.0,-1.0,4.1397617695937456e-07,5.685328525961325e-07,3.517452103693139e-07,2.4967116603177446e-07,1.3439106370923526e-07,3.936945901982485e-07,2.2276650590776617e-09,2.3709946977833265e-09,4.0988738643465826e-07,2.617419087024419e-07,6.874235053155919e-08,4.814556522673881e-07,4.6880680782814563e-07,5.638371330481436e-07,3.48257091554436e-07,-1.0,-1.0,-1.0,3.0965474860359614e-07,3.401599702339666e-08,1.6573257840717908e-07,2.5268630953419535e-09,6.534815804064699e-09,2.7541702504320764e-08,6.172756668592073e-08,1.100994258245438e-07,1.582756490743668e-07,4.1930222291178006e-07,-1.0,-1.0,-1.0,1.7126563102699868e-07,-1.0,-1.0,-1.0,-1.0,-1.0,-1.0,-1.0,-1.0,-1.0,1.0088267695915873e-07,3.7538567532164627e-07,2.3580320320105852e-07,5.291788348442405e-07,4.7678889135894193e-07,4.81550780413937e-07,5.685498237006861e-07,3.5338538572880256e-07,5.503258653053963e-07,4.849826143651004e-07,8.86970137971558e-08,3.7077451972048115e-07,2.3218314672850515e-07,3.4860765928978036e-08,4.912514781947388e-07,1.2204655003530427e-07,3.985856154133512e-07,2.3045383800195824e-07,3.25375019323112e-08,4.179679716610077e-08,5.008617019270621e-07,5.687305101449639e-08,1.454643842851166e-07,-1.0,-1.0,-1.0,-1.0
1.35,4.77818221528538e-07,5.65300945535455e-07,3.498127621923371e-07,-1.0,-1.0,-1.0,-1.0,-1.0,-1.0,-1.0,-1.0,-1.0,5.605941314079945e-07,-1.0,-1.0,3.3789649936262654e-07,-1.0,-1.0,-1.0,4.074252365447095e-07,5.642865513292959e-07,3.5061082240422636e-07,2.4470350338479824e-07,1.306821812613229e-07,3.8738638350867345e-07,2.070515317973592e-09,2.2258927801261434e-09,4.033317587546692e-07,2.5608339126403787e-07,6.629089321321874e-08,4.791556905997605e-07,4.6239604561315504e-07,5.59577226750558e-07,3.471311813710869e-07,-1.0,-1.0,-1.0,3.036833607609409e-07,3.254621032883157e-08,1.6127035657818533e-07,2.3663398877471377e-09,6.165036425882077e-09,2.628893846892557e-08,5.943244411323652e-08,1.0664234165115563e-07,1.540027531800128e-07,4.128251437272097e-07,-1.0,-1.0,-1.0,1.670396343395362e-07,-1.0,-1.0,-1.0,-1.0,-1.0,-1.0,-1.0,-1.0,-1.0,9.76731551217897e-08,3.6892144994877247e-07,2.3039163866902188e-07,5.230530624050928e-07,4.702925694807354e-07,4.792504770203307e-07,5.644247187998855e-07,3.522408140133005e-07,5.444677604061301e-07,4.785231864185161e-07,8.575930429811997e-08,3.643286155581059e-07,2.2680213824007314e-07,3.336159143139773e-08,4.848493356604095e-07,1.184282060529008e-07,3.9205879860098805e-07,2.2512281346597004e-07,3.111100107763271e-08,4.008023897818661e-08,4.945161313767085e-07,5.471983195427411e-08,1.413854474511806e-07,-1.0,-1.0,-1.0,-1.0
1.36,4.7554972924122134e-07,5.61127259478007e-07,3.486882032396564e-07,-1.0,-1.0,-1.0,-1.0,-1.0,-1.0,-1.0,-1.0,-1.0,5.5656545956053e-07,-1.0,-1.0,3.368458177313446e-07,-1.0,-1.0,-1.0,4.009787869472505e-07,5.600722797744651e-07,3.4948010652689615e-07,2.3984427279429265e-07,1.2707960814174276e-07,3.811830949361019e-07,1.924464724471174e-09,2.08980464124547e-09,3.9688167095704105e-07,2.50548744500553e-07,6.392760773861518e-08,4.768667830297479e-07,4.560747769514378e-07,5.553503333562454e-07,3.4600895846817644e-07,-1.0,-1.0,-1.0,2.9783030531293834e-07,3.1140076377311485e-08,1.5692946843447016e-07,2.2163691977831936e-09,5.816326809924696e-09,2.509324029894093e-08,5.72228225603397e-08,1.0329380961409942e-07,1.4984725834134574e-07,4.064500880137182e-07,-1.0,-1.0,-1.0,1.6292428615232754e-07,-1.0,-1.0,-1.0,-1.0,-1.0,-1.0,-1.0,-1.0,-1.0,9.456679064076963e-08,3.62569289706154e-07,2.251053201843652e-07,5.169983567405596e-07,4.6388507157053976e-07,4.769612267150356e-07,5.603296731062555e-07,3.510999615323122e-07,5.386721541757442e-07,4.7215005596394445e-07,8.291978290701694e-08,3.579955394023875e-07,2.2154660171633817e-07,3.192699652308567e-08,4.78531270857579e-07,1.1491891762641353e-07,3.8563964881261117e-07,2.19916581392213e-07,2.9747115265811504e-08,3.843421450452947e-08,4.882515434192546e-07,5.2648407624318554e-08,1.374224479707506e-07,-1.0,-1.0,-1.0,-1.0
1.37,4.732920600279388e-07,5.569846270905952e-07,3.475672706067487e-07,-1.0,-1.0,-1.0,-1.0,-1.0,-1.0,-1.0,-1.0,-1.0,5.525661664632115e-07,-1.0,-1.0,3.3579841906820173e-07,-1.0,-1.0,-1.0,3.946351483933673e-07,5.558897938180821e-07,3.4835305080621683e-07,2.3509086836493268e-07,1.2358017176282068e-07,3.750829158797558e-07,1.7887284119516295e-09,1.9621609787094427e-09,3.9053541306728585e-07,2.4513522370005676e-07,6.164929699536435e-08,4.7458887610725604e-07,4.498417269001759e-07,5.511561905568364e-07,3.4489041061695425e-07,-1.0,-1.0,-1.0,2.9209317460582416e-07,2.9794832084514048e-08,1.5270658351112487e-07,2.0762406661378604e-09,5.48747765288801e-09,2.395200475216712e-08,5.5095510700722334e-08,1.0005042115826953e-07,1.458058813048125e-07,4.0017541918543995e-07,-1.0,-1.0,-1.0,1.589165245375877e-07,-1.0,-1.0,-1.0,-1.0,-1.0,-1.0,-1.0,-1.0,-1.0,9.156023300600884e-08,3.563272387776891e-07,2.1994132409849183e-07,5.110138916424741e-07,4.575651788978169e-07,4.746829760753976e-07,5.562644666188075e-07,3.4996281616090676e-07,5.329383783901561e-07,4.65862066504928e-07,8.01751373937017e-08,3.517733030434222e-07,2.1641359334840927e-07,3.055419453495974e-08,4.722961715321964e-07,1.1151534361698775e-07,3.7932637688831514e-07,2.148321850031609e-07,2.8443092728362336e-08,3.685582402313109e-08,4.820668973699931e-07,5.065566058636248e-08,1.3357204739320994e-07,-1.0,-1.0,-1.0,-1.0
1.3800000000000001,4.7104516199681574e-07,5.528728154704817e-07,3.4644995256379574e-07,-1.0,-1.0,-1.0,-1.0,-1.0,-1.0,-1.0,-1.0,-1.0,5.48596034730153e-07,-1.0,-1.0,3.3475429306558964e-07,-1.0,-1.0,-1.0,3.883926683208759e-07,5.517388512272134e-07,3.472296433499918e-07,2.3044075292009393e-07,1.2018079817809349e-07,3.690840699681357e-07,1.662577085113602e-09,1.84242910353658e-09,3.842913029875235e-07,2.3984014567778386e-07,5.945288069107883e-08,4.7232191664218597e-07,4.436956390423559e-07,5.469945381789285e-07,3.4377552562972256e-07,-1.0,-1.0,-1.0,2.864696112264129e-07,2.850783459432112e-08,1.4859846358721994e-07,1.945292540079746e-09,5.177349593440631e-09,2.2862747514789448e-08,5.304743655171677e-08,9.690887475862585e-08,1.418754322658735e-07,3.9399952735259296e-07,-1.0,-1.0,-1.0,1.5501337665756984e-07,-1.0,-1.0,-1.0,-1.0,-1.0,-1.0,-1.0,-1.0,-1.0,8.865024169312317e-08,3.501933757073864e-07,2.1489679560008737e-07,5.050988505276538e-07,4.513316895118856e-07,4.7241567193846964e-07,5.522288809538739e-07,3.488293658138096e-07,5.272657719846248e-07,4.596580770915487e-07,7.75221683040561e-08,3.4565995353707884e-07,2.1140023882438955e-07,2.9240519257500996e-08,4.661429402460202e-07,1.0821424690309769e-07,3.7311722361566995e-07,2.0986673843725078e-07,2.719630277866707e-08,3.5342287083314394e-08,4.7596116600550357e-07,4.8738592604395317e-08,1.2983100459451128e-07,-1.0,-1.0,-1.0,-1.0
1.3900000000000001,4.6880898350599487e-07,5.487915934760889e-07,3.453362374190385e-07,-1.0,-1.0,-1.0,-1.0,-1.0,-1.0,-1.0,-1.0,-1.0,5.446548486071629e-07,-1.0,-1.0,3.337134294484176e-07,-1.0,-1.0,-1.0,3.8224972093492756e-07,5.476192116349012e-07,3.461098723048069e-07,2.2589145603252996e-07,1.1687850889094329e-07,3.631848124672864e-07,1.545333080187143e-09,1.7301105394362858e-09,3.781476860393244e-07,2.3466088738162238e-07,5.733539105391346e-08,4.700658517031611e-07,4.3763527521239384e-07,5.428651181663082e-07,3.4266429135969707e-07,-1.0,-1.0,-1.0,2.8095730692836904e-07,2.7276556034693094e-08,1.4460196010885872e-07,1.8229083091730659e-09,4.884869134166994e-09,2.1823097760233005e-08,5.1075643003024664e-08,9.386597255937698e-08,1.3805281216288913e-07,3.8792082887936693e-07,-1.0,-1.0,-1.0,1.5121195605466355e-07,-1.0,-1.0,-1.0,-1.0,-1.0,-1.0,-1.0,-1.0,-1.0,8.583368251433569e-08,3.4416581279179654e-07,2.099689470804046e-07,4.992524263255506e-07,4.451834180100987e-07,4.7015926139974094e-07,5.482226993331649e-07,3.476995984452727e-07,5.216536809768919e-07,4.5353696211079267e-07,7.495778508445631e-08,3.3965357257548243e-07,2.0650373167850546e-07,2.7983419724231223e-08,4.600704941779724e-07,1.0501249109169569e-07,3.6701045922488076e-07,2.050174250272255e-07,2.6004230477551633e-08,3.389093759738574e-08,4.69933335388454e-07,4.689432007207089e-08,1.2619617290656254e-07,-1.0,-1.0,-1.0,-1.0
1.4000000000000001,4.665834731624248e-07,5.447407317135706e-07,3.44226113518653e-07,-1.0,-1.0,-1.0,-1.0,-1.0,-1.0,-1.0,-1.0,-1.0,5.407423939593233e-07,-1.0,-1.0,3.326758179740094e-07,-1.0,-1.0,-1.0,3.7620470677119837e-07,5.435306365256287e-07,3.449937258559029e-07,2.214405721155803e-07,1.1367041777037193e-07,3.573834297002185e-07,1.4363667048398839e-09,1.6247387826874567e-09,3.721029345140924e-07,2.2959488452954024e-07,5.529396869242495e-08,4.6782062861626233e-07,4.3165941522590113e-07,5.387676745623237e-07,3.4155669570086785e-07,-1.0,-1.0,-1.0,2.755540015819455e-07,2.6098578502847765e-08,1.407140116848154e-07,1.708513575813456e-09,4.609024803329577e-09,2.0830792957321643e-08,4.917728351309366e-08,9.091861711869673e-08,1.343350100506942e-07,3.8193776594923444e-07,-1.0,-1.0,-1.0,1.4750946002717258e-07,-1.0,-1.0,-1.0,-1.0,-1.0,-1.0,-1.0,-1.0,-1.0,8.310752409173168e-08,3.382426954832576e-07,2.0515505653769948e-07,4.934738213672171e-07,4.391191953092346e-07,4.6791369181187357e-07,5.442457065719141e-07,3.465735020489447e-07,5.161014583911517e-07,4.474976110797513e-07,7.247900234064363e-08,3.3375227586880437e-07,2.0172133167969518e-07,2.678045522151013e-08,4.540777649281745e-07,1.0190703733489646e-07,3.6100438289251965e-07,2.0028149562077924e-07,2.4864471534175086e-08,3.249921913439015e-08,4.639824046946986e-07,4.5120069616073164e-08,1.2266449733220926e-07,-1.0,-1.0,-1.0,-1.0
1.4100000000000001,4.643685798206565e-07,5.407200025234866e-07,3.43119569246627e-07,-1.0,-1.0,-1.0,-1.0,-1.0,-1.0,-1.0,-1.0,-1.0,5.3685845825867e-07,-1.0,-1.0,3.316414484320016e-07,-1.0,-1.0,-1.0,3.702560522662606e-07,5.394728892209011e-07,3.4388119222704974e-07,2.170857585729403e-07,1.1055372807019655e-07,3.5167823847726653e-07,1.3350928378918897e-09,1.5258772116825667e-09,3.6615544723086454e-07,2.2463963027820836e-07,5.3325858608803996e-08,4.6558619496376805e-07,4.2576685661352413e-07,5.347019534924097e-07,3.4045272658786103e-07,-1.0,-1.0,-1.0,2.702574821466652e-07,2.497158926969136e-08,1.3693164165269624e-07,1.6015731440874706e-09,4.348863542219122e-09,1.988367391630164e-08,4.734961796702891e-08,8.806380825565963e-08,1.3071910055147587e-07,3.7604880613755703e-07,-1.0,-1.0,-1.0,1.4390316708796902e-07,-1.0,-1.0,-1.0,-1.0,-1.0,-1.0,-1.0,-1.0,-1.0,8.04688344487212e-08,3.3242220180375676e-07,2.0045246601987126e-07,4.877622472755693e-07,4.3313786842005896e-07,4.6567891078344585e-07,5.40297689067113e-07,3.4545106465774184e-07,5.106084641828377e-07,4.415389284416198e-07,7.008293622629614e-08,3.2795421253815587e-07,1.970503632587051e-07,2.5629290514814896e-08,4.481636983246265e-07,9.889494124876164e-08,3.5509732225367924e-07,1.956562669424519e-07,2.377472743183706e-08,3.116468040763395e-08,4.581073860426379e-07,4.341317386864738e-08,1.192330118432338e-07,-1.0,-1.0,-1.0,-1.0
1.42,4.621642525816441e-07,5.367291799675771e-07,3.4201659302463714e-07,-1.0,-1.0,-1.0,-1.0,-1.0,-1.0,-1.0,-1.0,-1.0,5.330028305719632e-07,-1.0,-1.0,3.3061031064423985e-07,-1.0,-1.0,-1.0,3.644022093350117e-07,5.35445734864941e-07,3.427722596804197e-07,2.1282473400508912e-07,1.075257295480805e-07,3.460675855371731e-07,1.2409677703712462e-09,1.4331171359296313e-09,3.603036491013986e-07,2.1979267392209872e-07,5.14284063597615e-08,4.633624985829006e-07,4.1995641435879434e-07,5.306677031467588e-07,3.393523719958007e-07,-1.0,-1.0,-1.0,2.6506558166643307e-07,2.389337619389173e-08,1.3325195571362073e-07,1.501588311623711e-09,4.103487304713919e-09,1.8979680061816113e-08,4.559000868996453e-08,8.529863999618485e-08,1.2720224138064134e-07,3.702524419913619e-07,-1.0,-1.0,-1.0,1.4039043450331816e-07,-1.0,-1.0,-1.0,-1.0,-1.0,-1.0,-1.0,-1.0,-1.0,7.791477771570555e-08,3.26702541769219e-07,1.9585858010438325e-07,4.821169248569333e-07,4.272383002250082e-07,4.634548661777006e-07,5.363784347858311e-07,3.443322743437188e-07,5.051740651642186e-07,4.356598333644525e-07,6.77668009567623e-08,3.222575645193802e-07,1.92488213972769e-07,2.4527691282092564e-08,4.4232725423249123e-07,9.5973349930863e-08,3.49287632922404e-07,1.911391199957465e-07,2.273280076876969e-08,2.988497094799284e-08,4.5230730432481037e-07,4.17710674027674e-08,1.158988367588713e-07,-1.0,-1.0,-1.0,-1.0
1.43,4.59970440791552e-07,5.327680398156432e-07,3.409171733119255e-07,-1.0,-1.0,-1.0,-1.0,-1.0,-1.0,-1.0,-1.0,-1.0,5.29175301548556e-07,-1.0,-1.0,3.2958239446467753e-07,-1.0,-1.0,-1.0,3.5864165495505083e-07,5.314489404104929e-07,3.416669165164624e-07,2.0865527647054216e-07,1.0458379568094378e-07,3.4054984699869434e-07,1.153486270757149e-09,1.3460759750151255e-09,3.5454599070243417e-07,2.1505161962235574e-07,4.959905435956677e-08,4.6114948756457887e-07,4.142269206399316e-07,5.266646737631407e-07,3.382556199401711e-07,-1.0,-1.0,-1.0,2.599761782865805e-07,2.286182333640665e-08,1.2967213963348117e-07,1.4080943501862352e-09,3.8720498564706105e-09,1.8116844922418343e-08,4.389591661005056e-08,8.262029761488103e-08,1.2378167094543574e-07,3.6454719061616924e-07,-1.0,-1.0,-1.0,1.3696869590925945e-07,-1.0,-1.0,-1.0,-1.0,-1.0,-1.0,-1.0,-1.0,-1.0,7.544261094608298e-08,3.2108195682403776e-07,1.9137086441456702e-07,4.765370839938603e-07,4.214193692589571e-07,4.612415061113004e-07,5.324877332536248e-07,3.4321711921794063e-07,4.997976349307945e-07,4.2985925954264226e-07,6.552790544358245e-08,3.1666054597755225e-07,1.880323330069669e-07,2.3473519745186696e-08,4.365674063659531e-07,9.313949907341553e-08,3.435736980202612e-07,1.867274985044734e-07,2.1736590804420327e-08,2.865783695535303e-08,4.4658119704169093e-07,4.019128282366366e-08,1.1265917620241969e-07,-1.0,-1.0,-1.0,-1.0
1.44,4.57787094040568e-07,5.288363595325239e-07,3.398212986051786e-07,-1.0,-1.0,-1.0,-1.0,-1.0,-1.0,-1.0,-1.0,-1.0,5.253756634083527e-07,-1.0,-1.0,3.2855768977927413e-07,-1.0,-1.0,-1.0,3.529728907578822e-07,5.274822746047448e-07,3.4056515107377903e-07,2.0457522180015113e-07,1.017253809734177e-07,3.3512342782252346e-07,1.0721788584780756e-09,1.2643955586909736e-09,3.4888094785500636e-07,2.1041412516475042e-07,4.7835338319939227e-08,4.589471102521776e-07,4.085772245755357e-07,5.226926176098676e-07,3.3716245847668045e-07,-1.0,-1.0,-1.0,2.5498719429235154e-07,2.187490676668274e-08,1.2618945700888994e-07,1.3206581617666025e-09,3.6537537619212386e-09,1.7293291826689944e-08,4.226489756542926e-08,8.002605476977942e-08,1.2045470601413496e-07,3.589315932697494e-07,-1.0,-1.0,-1.0,1.3363545900301524e-07,-1.0,-1.0,-1.0,-1.0,-1.0,-1.0,-1.0,-1.0,-1.0,7.304968103885805e-08,3.155587192856628e-07,1.8698684417142964e-07,4.710219635391951e-07,4.1567996949302333e-07,4.590387789530888e-07,5.286253755430299e-07,3.421055874303544e-07,4.944785537884845e-07,4.2413615500108353e-07,6.336365004557381e-08,3.1116140273198877e-07,1.8368022971138165e-07,2.2464730490730427e-08,4.308831421026138e-07,9.039071016887279e-08,3.379539277129083e-07,1.824189073923442e-07,2.0784089202149883e-08,2.748111732084757e-08,4.4092811413766234e-07,3.867144701067802e-08,1.0951131563359244e-07,-1.0,-1.0,-1.0,-1.0
1.45,4.5561416216172225e-07,5.249339182651763e-07,3.387289574384041e-07,-1.0,-1.0,-1.0,-1.0,-1.0,-1.0,-1.0,-1.0,-1.0,5.216037099298648e-07,-1.0,-1.0,3.275361865058929e-07,-1.0,-1.0,-1.0,3.4739444262683573e-07,5.235455079753551e-07,3.3946695172899765e-07,2.0058246196273717e-07,9.894801835612932e-08,3.297867612833321e-07,9.966092708665592e-10,1.1877405398621224e-09,3.43307021210692e-07,2.0587790074604642e-07,4.6134883821695705e-08,4.567553152402923e-07,4.030061919741091e-07,5.187512889689052e-07,3.3607287570112323e-07,-1.0,-1.0,-1.0,2.500965951683546e-07,2.0930690552127264e-08,1.2280124709598028e-07,1.238876097865402e-09,3.4478475479585665e-09,1.650722979648639e-08,4.069459874978756e-08,7.75132707270389e-08,1.1721873945370574e-07,3.5340421496269213e-07,-1.0,-1.0,-1.0,1.3038830330698444e-07,-1.0,-1.0,-1.0,-1.0,-1.0,-1.0,-1.0,-1.0,-1.0,7.073342176424914e-08,3.1013113179906495e-07,1.8270410278010873e-07,4.655708112113829e-07,4.1001901012136883e-07,4.568466333228575e-07,5.247911542621414e-07,3.4099766716966197e-07,4.892162086815971e-07,4.184894819019836e-07,6.127152343240632e-08,3.057584116915787e-07,1.7942947217319304e-07,2.1499366472273338e-08,4.252734623003898e-07,8.772438780498227e-08,3.3242675875452325e-07,1.782109112998666e-07,1.9873375959673777e-08,2.635273981285279e-08,4.35347117839134e-07,3.7209277503645617e-08,1.0645261945433565e-07,-1.0,-1.0,-1.0,-1.0
1.46,4.5345159522971125e-07,5.210604968298536e-07,3.376401383828107e-07,-1.0,-1.0,-1.0,-1.0,-1.0,-1.0,-1.0,-1.0,-1.0,5.178592364383536e-07,-1.0,-1.0,3.2651787459420103e-07,-1.0,-1.0,-1.0,3.419048603015933e-07,5.196384128165943e-07,3.383723068966485e-07,1.966749434804019e-07,9.624931667071469e-08,3.245383084517378e-07,9.263721098251493e-10,1.1157969128211014e-09,3.3782273584467805e-07,2.0144070778812213e-07,4.449540301324598e-08,4.545740513735097e-07,3.9751270508735174e-07,5.148404441191256e-07,3.3498685974924495e-07,-1.0,-1.0,-1.0,2.453023886785122e-07,2.00273229228234e-08,1.1950492270027876e-07,1.1623719305223355e-09,3.2536230338561438e-09,1.5756949628268064e-08,3.918275529127641e-08,7.507938767279824e-08,1.1407123803388987e-07,3.479636440656731e-07,-1.0,-1.0,-1.0,1.2722487800296103e-07,-1.0,-1.0,-1.0,-1.0,-1.0,-1.0,-1.0,-1.0,-1.0,6.849135088881089e-08,3.047975268009037e-07,1.7852028045013924e-07,4.6018288349100166e-07,4.0443541535095596e-07,4.5466501809012003e-07,5.209848635432769e-07,3.398933466631927e-07,4.840099931215765e-07,4.1291821635428673e-07,5.924909955673958e-08,3.0044988030025164e-07,1.7527768582287029e-07,2.0575555185768092e-08,4.197373811168805e-07,8.513801704639648e-08,3.269906540399633e-07,1.741011331376151e-07,1.900261551895586e-08,2.5270717419999968e-08,4.298372824947791e-07,3.580257902822897e-08,1.0348052868590041e-07,-1.0,-1.0,-1.0,-1.0
1.47,4.5129934355972834e-07,5.172158776993817e-07,3.365548300466859e-07,-1.0,-1.0,-1.0,-1.0,-1.0,-1.0,-1.0,-1.0,-1.0,5.141420397940688e-07,-1.0,-1.0,3.2550274402556753e-07,-1.0,-1.0,-1.0,3.365027169892086e-07,5.157607631755911e-07,3.372812050290407e-07,1.9285066589191337e-07,9.362695823856943e-08,3.1937655768600293e-07,8.610906554361195e-10,1.0482706296055455e-09,3.3242664085553616e-07,1.9710035777920563e-07,4.2914691431212014e-08,4.524032677451858e-07,3.920956623671682e-07,5.109598413197035e-07,3.3390439879660586e-07,-1.0,-1.0,-1.0,2.40602623966052e-07,1.9163032603812483e-08,1.1629796812591655e-07,1.0907949644605192e-09,3.070412817593696e-09,1.5040820153889708e-08,3.772718695978282e-08,7.272192810943761e-08,1.1100974029572903e-07,3.42608491923302e-07,-1.0,-1.0,-1.0,1.241428998342939e-07,-1.0,-1.0,-1.0,-1.0,-1.0,-1.0,-1.0,-1.0,-1.0,6.632106739670662e-08,2.995562659932192e-07,1.744330728487149e-07,4.5485744551850183e-07,3.989281241942156e-07,4.524938823728904e-07,5.172062990317243e-07,3.3879261417677655e-07,4.788593071165134e-07,4.074213482256742e-07,5.7294034731128354e-08,2.9523414599239447e-07,1.7122255207364185e-07,1.969150501088494e-08,4.142739258311689e-07,8.262916090002991e-08,3.216441021645164e-07,1.700872526749727e-07,1.8170053047631465e-08,2.423314484473436e-08,4.2439769441786027e-07,3.4449240154843754e-08,1.0059255871502606e-07,-1.0,-1.0,-1.0,-1.0
1.48,4.4915735770629956e-07,5.133998449905344e-07,3.354730210752762e-07,-1.0,-1.0,-1.0,-1.0,-1.0,-1.0,-1.0,-1.0,-1.0,5.104519183805755e-07,-1.0,-1.0,3.244907848129639e-07,-1.0,-1.0,-1.0,3.3118660898151914e-07,5.119123348386928e-07,3.361936346161374e-07,1.8910768026262355e-07,9.107869651045447e-08,3.143000241332826e-07,8.004148346559043e-10,9.848863078469645e-10,3.271173089715938e-07,1.9285471114160043e-07,4.139062493862576e-08,4.5024291369622796e-07,3.867539782263346e-07,5.071092407936535e-07,3.328254810584466e-07,-1.0,-1.0,-1.0,2.3599539067309487e-07,1.8336125307604074e-08,1.1317793718249985e-07,1.0238182804602841e-09,2.897587909345403e-09,1.4357284672618368e-08,3.632579499773138e-08,7.043849233360088e-08,1.0803185448261039e-07,3.3733739247444464e-07,-1.0,-1.0,-1.0,1.2114015107378483e-07,-1.0,-1.0,-1.0,-1.0,-1.0,-1.0,-1.0,-1.0,-1.0,6.422024880388291e-08,2.9440573982648446e-07,1.7044022978615242e-07,4.4959377099314476e-07,3.934960902645912e-07,4.503331755364691e-07,5.134552578745732e-07,3.3769545801461815e-07,4.7376355710141527e-07,4.019978809571083e-07,5.540406480604068e-08,2.9010957565804474e-07,1.6726180699344682e-07,1.8845501710951038e-08,4.088821366680285e-07,8.019545786144725e-08,3.163856169911221e-07,1.6616700516346696e-07,1.737401088438744e-08,2.3238195141221825e-08,4.1902745173062106e-07,3.314723008602508e-08,9.778629710715996e-08,-1.0,-1.0,-1.0,-1.0
1.49,4.470255884621253e-07,5.096121844515049e-07,3.343947001506665e-07,-1.0,-1.0,-1.0,-1.0,-1.0,-1.0,-1.0,-1.0,-1.0,5.067886720931705e-07,-1.0,-1.0,3.234819870008632e-07,-1.0,-1.0,-1.0,3.2595515527883635e-07,5.080929053179263e-07,3.351095841854337e-07,1.8544408773941919e-07,8.860235379417208e-08,3.093072492402326e-07,7.440193340787438e-10,9.253860239364458e-10,3.2189333616379146e-07,1.8870167612528582e-07,3.992115677632759e-08,4.4809293881388516e-07,3.8148658280276335e-07,5.03288404711507e-07,3.317500947895526e-07,-1.0,-1.0,-1.0,2.3147881807940312e-07,1.7544980379896255e-08,1.1014245124800318e-07,9.611371007740332e-10,2.7345555034395306e-09,1.3704857546526807e-08,3.497655906977099e-08,6.8226755993409e-08,1.0513525653196693e-07,3.321490018789038e-07,-1.0,-1.0,-1.0,1.182144775551901e-07,-1.0,-1.0,-1.0,-1.0,-1.0,-1.0,-1.0,-1.0,-1.0,6.218664856200627e-08,2.893443669918434e-07,1.6653955393277733e-07,4.443911420731201e-07,3.8813828157491206e-07,4.481828471922343e-07,5.097315387096286e-07,3.366018665191704e-07,4.6872215586922544e-07,3.966468313798808e-07,5.357700244545749e-08,2.8507456511767626e-07,1.6339324000858344e-07,1.8035905084623892e-08,4.035610666244965e-07,7.783461953965304e-08,3.112137372249282e-07,1.623381799938382e-07,1.6612885141059988e-08,2.228411649165682e-08,4.1372566421070964e-07,3.18945955672804e-08,9.505940148469575e-08,-1.0,-1.0,-1.0,-1.0
1.5,4.4490398685692706e-07,5.058526834494742e-07,3.3331985599166e-07,-1.0,-1.0,-1.0,-1.0,-1.0,-1.0,-1.0,-1.0,-1.0,5.031521023273898e-07,-1.0,-1.0,3.2247634066514075e-07,-1.0,-1.0,-1.0,3.2080699721981906e-07,5.043022538375704e-07,3.3402904230183315e-07,1.81858038149265e-07,8.619581905763136e-08,3.043968002728029e-07,6.916018465376419e-10,8.695281857584088e-10,3.1675334126491916e-07,1.8463920772679842e-07,3.850431472335411e-08,4.459532929305418e-07,3.762924217273167e-07,4.994970971751274e-07,3.306782282841202e-07,-1.0,-1.0,-1.0,2.2705107425986268e-07,1.6788047591797518e-08,1.0718919738609993e-07,9.024672680409456e-10,2.5807568806163197e-09,1.3082120951771085e-08,3.3677534326879784e-08,6.608446772237984e-08,1.0231768812582743e-07,3.2704199815035543e-07,-1.0,-1.0,-1.0,1.1536378676626787e-07,-1.0,-1.0,-1.0,-1.0,-1.0,-1.0,-1.0,-1.0,-1.0,6.021809354913208e-08,2.8437059392237735e-07,1.6272889956647793e-07,4.3924884927683284e-07,3.8285368033856354e-07,4.4604284719643863e-07,5.060349416544073e-07,3.3551182807100934e-07,4.6373452250258465e-07,3.9136722953513837e-07,5.1810734496650563e-08,2.8012753860641023e-07,1.5961469263829675e-07,1.7261145762708916e-08,3.983097812987867e-07,7.554442835774463e-08,3.061270259950624e-07,1.5859861938600765e-07,1.588514245453279e-08,2.13692291152724e-08,4.084914531396141e-07,3.068945791666828e-08,9.240959746827968e-08,-1.0,-1.0,-1.0,-1.0
1.5100000000000002,4.427925041563007e-07,5.021211309582741e-07,3.3224847735365903e-07,-1.0,-1.0,-1.0,-1.0,-1.0,-1.0,-1.0,-1.0,-1.0,4.995420119676034e-07,-1.0,-1.0,3.214738359129739e-07,-1.0,-1.0,-1.0,3.157407981174208e-07,5.005401613208334e-07,3.329519975675255e-07,1.7834772863994225e-07,8.385704580471353e-08,2.995672698450366e-07,6.42881442038373e-10,8.170864796388676e-10,3.1169596559512725e-07,1.8066530663280983e-07,3.713819836226004e-08,4.438239261225198e-07,3.7117045589511013e-07,4.957350842016632e-07,3.29609869875623e-07,-1.0,-1.0,-1.0,2.2271036526028509e-07,1.606384407213559e-08,1.0431592651638783e-07,8.475438297615483e-10,2.435665432897689e-09,1.2487721778604257e-08,3.242684858058814e-08,6.400944684764471e-08,9.957695479846187e-08,3.220150807954329e-07,-1.0,-1.0,-1.0,1.1258604600137746e-07,-1.0,-1.0,-1.0,-1.0,-1.0,-1.0,-1.0,-1.0,-1.0,5.831248164417697e-08,2.794828943032336e-07,1.5900617135018682e-07,4.3416619138534443e-07,3.7764128277341073e-07,4.43913125649013e-07,5.023652682952157e-07,3.3442533108870903e-07,4.588000823063269e-07,3.861581184958456e-07,5.010321945085311e-08,2.752669482674784e-07,1.5592405725956156e-07,1.651972214381784e-08,3.931273587215083e-07,7.332273532696871e-08,3.011240704434927e-07,1.5494621711112748e-07,1.5189316881822664e-08,2.0491922304586514e-08,4.033239511530792e-07,2.95300101685257e-08,8.983467667928976e-08,-1.0,-1.0,-1.0,-1.0
1.52,4.4069109186057483e-07,4.984173175461467e-07,3.3118055302854594e-07,-1.0,-1.0,-1.0,-1.0,-1.0,-1.0,-1.0,-1.0,-1.0,4.959582053756984e-07,-1.0,-1.0,3.2047446288274385e-07,-1.0,-1.0,-1.0,3.1075524290081426e-07,4.968064103766318e-07,3.3187843862186467e-07,1.7491140236163293e-07,8.158405002144054e-08,2.948172754567031e-07,5.975970541981689e-10,7.678488865223569e-10,3.067198725936054e-07,1.7677801818783086e-07,3.5820976445470985e-08,4.417047887088849e-07,3.6611966124025527e-07,4.920021337076374e-07,3.2854500793667837e-07,-1.0,-1.0,-1.0,2.1845493429111962e-07,1.537095137372009e-08,1.0152045163601067e-07,7.961197209509392e-10,2.298784803840007e-09,1.192036867330673e-08,3.122269958318145e-08,6.199958117012861e-08,9.691092409942351e-08,3.1706697045885314e-07,-1.0,-1.0,-1.0,1.0987928057170594e-07,-1.0,-1.0,-1.0,-1.0,-1.0,-1.0,-1.0,-1.0,-1.0,5.646777938236715e-08,2.7467976859045934e-07,1.5536932313856805e-07,4.291424753459535e-07,3.7250009890843825e-07,4.4179363289237534e-07,4.987223216763089e-07,3.333423640287169e-07,4.539182667406993e-07,3.81018554191155e-07,4.8452484991653736e-08,2.7049127365477144e-07,1.5231927590133506e-07,1.581019746283819e-08,3.880128891891586e-07,7.116745789180598e-08,2.962034813208583e-07,1.513789172449186e-07,1.4524006932032363e-08,1.9650651583644386e-08,3.9822230209347905e-07,2.8414514326943363e-08,8.733249480165059e-08,-1.0,-1.0,-1.0,-1.0
1.5300000000000002,4.38599701703674e-07,4.947410353635947e-07,3.3011607184456404e-07,-1.0,-1.0,-1.0,-1.0,-1.0,-1.0,-1.0,-1.0,-1.0,4.924004883798487e-07,-1.0,-1.0,3.1947821174393567e-07,-1.0,-1.0,-1.0,3.058490377631929e-07,4.931007852864778e-07,3.3080835414124713e-07,1.7154734718804773e-07,7.937490819003815e-08,2.901454590395947e-07,5.55506073988467e-10,7.216167627335762e-10,3.018237474563297e-07,1.7297543138548557e-07,3.455088435891055e-08,4.395958312502593e-07,3.6113902851398656e-07,4.882980154931712e-07,3.274836308789146e-07,-1.0,-1.0,-1.0,2.1428306093867955e-07,1.4708012667695428e-08,9.880064609122168e-08,7.4796453810871e-10,2.169647137371274e-09,1.1378829215526804e-08,3.0063352409900964e-08,6.005282481443447e-08,9.43175238103385e-08,3.121964085744847e-07,-1.0,-1.0,-1.0,1.0724157207126028e-07,-1.0,-1.0,-1.0,-1.0,-1.0,-1.0,-1.0,-1.0,-1.0,5.4682019688930366e-08,2.69959743538385e-07,1.5181635681320775e-07,4.2417701617690416e-07,3.6742915239306897e-07,4.3968431951024563e-07,4.951059062891287e-07,3.322629153852292e-07,4.490885133553019e-07,3.7594760523315267e-07,4.6856625628055704e-08,2.6579902124430977e-07,1.48798339067572e-07,1.5131196986447405e-08,3.8296547509985946e-07,6.907657784378412e-08,2.913638925891486e-07,1.478947129515202e-07,1.3887872729129906e-08,1.884393598323297e-08,3.9318566086412054e-07,2.7341298724759204e-08,8.490096970120362e-08,-1.0,-1.0,-1.0,-1.0
1.54,4.3651828565198944e-07,4.910920781313303e-07,3.2905502266619983e-07,-1.0,-1.0,-1.0,-1.0,-1.0,-1.0,-1.0,-1.0,-1.0,4.888686682633732e-07,-1.0,-1.0,3.184850726970409e-07,-1.0,-1.0,-1.0,3.0102090981535327e-07,4.894230719914676e-07,3.2974173283899087e-07,1.6825389447583733e-07,7.722775536857154e-08,2.8555048651232325e-07,5.16383043164146e-10,6.782039809978e-10,2.9700629677977747e-07,1.6925567788281316e-07,3.332622167928547e-08,4.3749700454764087e-07,3.5622756306612464e-07,4.846225012263425e-07,3.264257271528384e-07,-1.0,-1.0,-1.0,2.1019306039349587e-07,1.4073730060377543e-08,9.615444189747573e-08,7.028633981261342e-10,2.047811428818371e-09,1.0861927224824052e-08,2.894713693931056e-08,5.816719614624365e-08,9.179474021384647e-08,3.0740215702225664e-07,-1.0,-1.0,-1.0,1.0467105669682713e-07,-1.0,-1.0,-1.0,-1.0,-1.0,-1.0,-1.0,-1.0,-1.0,5.295329968839422e-08,2.6532137173540564e-07,1.4834532114562148e-07,4.192691368732102e-07,3.6242748030912596e-07,4.3758513632646643e-07,4.915158280616245e-07,3.3118697369006755e-07,4.4431026572373734e-07,3.709443527459455e-07,4.5313800409252115e-08,2.611887239544755e-07,1.4535928458831374e-07,1.4481405330155628e-08,3.7798423079130897e-07,6.704813930179704e-08,2.86603961031118e-07,1.4449164529709819e-07,1.3279633299780558e-08,1.8070355428250428e-08,3.8821319328545354e-07,2.6308755484003866e-08,8.253807960090633e-08,-1.0,-1.0,-1.0,-1.0
1.5499999999999998,4.344467959032525e-07,4.874702411283105e-07,3.2799739439406434e-07,-1.0,-1.0,-1.0,-1.0,-1.0,-1.0,-1.0,-1.0,-1.0,4.853625537536752e-07,-1.0,-1.0,3.174950359734578e-07,-1.0,-1.0,-1.0,2.962696067449616e-07,4.857730580793709e-07,3.2867856346521414e-07,1.650294178610676e-07,7.514078333390955e-08,2.810310473434491e-07,4.800184403031634e-10,6.374361276897948e-10,2.922662482105074e-07,1.6561693103706403e-07,3.214534982154685e-08,4.3540825964122664e-07,3.513842846298193e-07,4.809753644276767e-07,3.2537128524770326e-07,-1.0,-1.0,-1.0,2.0618328269541342e-07,1.3466862027213708e-08,9.357982810667463e-08,6.606158761995506e-10,1.932861972109837e-09,1.0368540190492248e-08,2.7872445428140667e-08,5.6340775755110416e-08,8.934061641313905e-08,3.026829977908066e-07,-1.0,-1.0,-1.0,1.0216592362015773e-07,-1.0,-1.0,-1.0,-1.0,-1.0,-1.0,-1.0,-1.0,-1.0,5.127977858694035e-08,2.6076323114800655e-07,1.4495431068740726e-07,4.144181683135766e-07,3.5749413298539574e-07,4.3549603440382943e-07,4.879518943476491e-07,3.301145275125553e-07,4.39582973378962e-07,3.660078901970561e-07,4.3822230718268674e-08,2.566589406748465e-07,1.4200019649817427e-07,1.3859563891600512e-08,3.730682823809138e-07,6.508024675677799e-08,2.819223658663163e-07,1.411678020924711e-07,1.2698063980712267e-08,1.7328548232611335e-08,3.833040759531587e-07,2.5315338073887846e-08,8.024186131018379e-08,-1.0,-1.0,-1.0,-1.0
1.56,4.3238518488541627e-07,4.838753211798695e-07,3.2694317596477626e-07,-1.0,-1.0,-1.0,-1.0,-1.0,-1.0,-1.0,-1.0,-1.0,4.818819550112734e-07,-1.0,-1.0,3.165080918353952e-07,-1.0,-1.0,-1.0,2.915938964814119e-07,4.821505327718247e-07,3.276188348067151e-07,1.6187233209158466e-07,7.311223878585757e-08,2.7658585412278856e-07,4.4621755288355837e-10,5.991497525562038e-10,2.8760235010051444e-07,1.6205740496447522e-07,3.100668977317788e-08,4.333295478092441e-07,3.466082271095282e-07,4.77356380454768e-07,3.2432029369137745e-07,-1.0,-1.0,-1.0,2.022521119950649e-07,1.2886220958740648e-08,9.10748492202341e-08,6.210350172357034e-10,1.824406897497096e-09,9.897596819011808e-09,2.683773017706126e-08,5.457170450059961e-08,8.695325070059623e-08,2.980377326457764e-07,-1.0,-1.0,-1.0,9.972441341070027e-08,-1.0,-1.0,-1.0,-1.0,-1.0,-1.0,-1.0,-1.0,-1.0,4.9659675625354686e-08,2.562839246728909e-07,1.416414646868927e-07,4.0962344916841334e-07,3.526281738147637e-07,4.33416965042908e-07,4.844139139164371e-07,3.2904556545939457e-07,4.349060917493343e-07,3.6113732323110155e-07,4.238019814172936e-08,2.5220825580347907e-07,1.3871920394156935e-07,1.3264468395048352e-08,3.6821676760807857e-07,6.317106317864826e-08,2.773178083736275e-07,1.379213167640406e-07,1.2141993940340297e-08,1.6617208697260035e-08,3.7845749609809323e-07,2.435955896257338e-08,7.801040850681119e-08,-1.0,-1.0,-1.0,-1.0
1.5699999999999998,4.303334052555407e-07,4.803071166459397e-07,3.258923563508444e-07,-1.0,-1.0,-1.0,-1.0,-1.0,-1.0,-1.0,-1.0,-1.0,4.784266836189115e-07,-1.0,-1.0,3.155242305757733e-07,-1.0,-1.0,-1.0,2.86992566866182e-07,4.785552869116273e-07,3.265625356868526e-07,1.5878109189412926e-07,7.11404216103714e-08,2.722136421407383e-07,4.147994292918821e-10,5.631916674122218e-10,2.8301337116825684e-07,1.5857535362051539e-07,2.9908719912081246e-08,4.3126082056678645e-07,3.41898438372177e-07,4.737653264870341e-07,3.232727410502132e-07,-1.0,-1.0,-1.0,1.983979658313548e-07,1.2330670813640179e-08,8.86376036466745e-08,5.839464156220025e-10,1.7220767944725636e-09,9.448074693739782e-09,2.5841501283967392e-08,5.285818161977638e-08,8.463079497406002e-08,2.9346518280365283e-07,-1.0,-1.0,-1.0,9.734481650725022e-08,-1.0,-1.0,-1.0,-1.0,-1.0,-1.0,-1.0,-1.0,-1.0,4.809126810019403e-08,2.5188207969706e-07,1.3840496603163717e-07,4.048843258089222e-07,3.4782867907388074e-07,4.313478797808953e-07,4.809016969421593e-07,3.279800761745436e-07,4.302790820953493e-07,3.563317695057162e-07,4.098604241309356e-08,2.4783527879248593e-07,1.3551448010404497e-07,1.2694966542273755e-08,3.634288356786175e-07,6.131880818352856e-08,2.7278901152020085e-07,1.3475036725232237e-07,1.161030380960875e-08,1.5935084807045545e-08,3.736726514480667e-07,2.3439987359117005e-08,7.584187006975039e-08,-1.0,-1.0,-1.0,-1.0
1.58,4.2829140989868444e-07,4.7676542740936264e-07,3.24844924560551e-07,-1.0,-1.0,-1.0,-1.0,-1.0,-1.0,-1.0,-1.0,-1.0,4.749965525707548e-07,-1.0,-1.0,3.1454344251812725e-07,-1.0,-1.0,-1.0,2.824644253285962e-07,4.749871129501284e-07,3.255096549654251e-07,1.5575419087510064e-07,6.922368319983886e-08,2.6791316897546466e-07,3.855959050910842e-10,5.294182905515767e-10,2.784981001652656e-07,1.5516906990110567e-07,2.8849973904961482e-08,4.29202029664654e-07,3.3725398004145476e-07,4.702019815105966e-07,3.222286159289162e-07,-1.0,-1.0,-1.0,1.9461929442460008e-07,1.179912487420691e-08,8.626624220247587e-08,5.491873585946717e-10,1.6255234148788627e-09,9.018998041693634e-09,2.4882324481490434e-08,5.119846289412218e-08,8.237145319933232e-08,2.889641886110645e-07,-1.0,-1.0,-1.0,9.502547173694792e-08,-1.0,-1.0,-1.0,-1.0,-1.0,-1.0,-1.0,-1.0,-1.0,4.657288945087231e-08,2.4755634766570613e-07,1.3524304021616628e-07,4.00200152217246e-07,3.430947377453272e-07,4.292887303904474e-07,4.774150549935542e-07,3.269180483390944e-07,4.2570141144705344e-07,3.5159035852969323e-07,3.963815942680775e-08,2.435386437017578e-07,1.3238424116907892e-07,1.2149955765200874e-08,3.587036471112629e-07,5.9521756259266757e-08,2.683347195966682e-07,1.3165317493739515e-07,1.110192341722995e-08,1.5280976022387076e-08,3.68948750091423e-07,2.2555247042109815e-08,7.373444846141417e-08,-1.0,-1.0,-1.0,-1.0
1.5899999999999999,4.262591519268011e-07,4.732500548642926e-07,3.2380086963783545e-07,-1.0,-1.0,-1.0,-1.0,-1.0,-1.0,-1.0,-1.0,-1.0,4.715913762616709e-07,-1.0,-1.0,3.135657180165098e-07,-1.0,-1.0,-1.0,2.7800829856690894e-07,4.7144580493472497e-07,3.2446018153855266e-07,1.527901604539086e-07,6.736042482848857e-08,2.636832140878096e-07,3.5845069827892816e-10,4.976950338304631e-10,2.7405534554824357e-07,1.5183688476433544e-07,2.7829038683213724e-08,4.271531270882025e-07,3.326739272951964e-07,4.6666612630329223e-07,3.211879069704156e-07,-1.0,-1.0,-1.0,1.909145799849835e-07,1.1290543599748446e-08,8.395896665497606e-08,5.166060287723139e-10,1.5344184515001478e-09,8.609435602521226e-09,2.39588190555721e-08,4.9590858874011574e-08,8.017347991752625e-08,2.845336092294412e-07,-1.0,-1.0,-1.0,9.276476488010486e-08,-1.0,-1.0,-1.0,-1.0,-1.0,-1.0,-1.0,-1.0,-1.0,4.5102927410448373e-08,2.433054036577791e-07,1.3215395433433393e-07,3.9557028989767067e-07,3.3842545134224113e-07,4.272394688785334e-07,4.739538010236382e-07,3.258594706711514e-07,4.2117255254213295e-07,3.4691223150331504e-07,3.8334999320905554e-08,2.393170087606878e-07,1.2932674529974697e-07,1.1628381075890146e-08,3.540403735862415e-07,5.777823504740101e-08,2.6395369785854004e-07,1.2862800359060504e-07,1.0615829624715933e-08,1.4653731161827385e-08,3.642850103424076e-07,2.1704014271676578e-08,7.168639815787818e-08,-1.0,-1.0,-1.0,-1.0
1.6,4.24236584677641e-07,4.6976080190468507e-07,3.2276018066217767e-07,-1.0,-1.0,-1.0,-1.0,-1.0,-1.0,-1.0,-1.0,-1.0,4.6821097047658807e-07,-1.0,-1.0,3.1259104745539467e-07,-1.0,-1.0,-1.0,2.7362303223461545e-07,4.6793115849644866e-07,3.234141043385576e-07,1.4988756882788264e-07,6.55490960810497e-08,2.5952257842376017e-07,3.3321856864232804e-10,4.678957295922413e-10,2.6968393515656064e-07,1.485771663721964e-07,2.6844552493440545e-08,4.251140650561949e-07,3.2815736866580324e-07,4.6315754341980965e-07,3.201506028557334e-07,-1.0,-1.0,-1.0,1.872823360359758e-07,1.0803932573633959e-08,8.171402830612019e-08,4.860607617333062e-10,1.4484523877053687e-09,8.218498594973934e-09,2.3069655842055993e-08,4.803373315894091e-08,7.803517879593919e-08,2.801723223249425e-07,-1.0,-1.0,-1.0,9.056112727938597e-08,-1.0,-1.0,-1.0,-1.0,-1.0,-1.0,-1.0,-1.0,-1.0,4.3679822217969934e-08,2.391279459690864e-07,1.2913601609571592e-07,3.909941077888613e-07,3.3381993373537355e-07,4.252000474852899e-07,4.7051774935948893e-07,3.2480433192570927e-07,4.1669198376466656e-07,3.422965411608382e-07,3.7075064625673704e-08,2.3516905593774567e-07,1.263402916446537e-07,1.1129233009645576e-08,3.494381977958883e-07,5.608662367973531e-08,2.5964473217367286e-07,1.256731583518714e-07,1.0151044256798713e-08,1.4052246371730581e-08,3.596806606082922e-07,2.0885015781622704e-08,6.969602412560233e-08,-1.0,-1.0,-1.0,-1.0
1.6099999999999999,4.222236617136598e-07,4.662974729128788e-07,3.217228467484835e-07,-1.0,-1.0,-1.0,-1.0,-1.0,-1.0,-1.0,-1.0,-1.0,4.648551523799426e-07,-1.0,-1.0,3.1161942124958037e-07,-1.0,-1.0,-1.0,2.693074906319098e-07,4.644429708376568e-07,3.223714123338459e-07,1.4704501996774787e-07,6.378819333285733e-08,2.5543008402434584e-07,3.097645366607947e-10,4.399020947917705e-10,2.6538271589506084e-07,1.453883192518804e-07,2.589520301982845e-08,4.2308479601966173e-07,3.2370340584366095e-07,4.59676017176953e-07,3.191166923038564e-07,-1.0,-1.0,-1.0,1.8372110675240224e-07,1.0338340539896321e-08,7.95297266159109e-08,4.574193548045413e-10,1.3673334139758777e-09,7.845338776415882e-09,2.2213555298368153e-08,4.65255007317606e-08,7.595490122116035e-08,2.7587922376357267e-07,-1.0,-1.0,-1.0,8.841303449193101e-08,-1.0,-1.0,-1.0,-1.0,-1.0,-1.0,-1.0,-1.0,-1.0,4.230206489030577e-08,2.350226957027982e-07,1.2618757286546182e-07,3.8647098217713006e-07,3.2927731098254147e-07,4.231704186828825e-07,4.6710671569210877e-07,3.237526208945326e-07,4.1225918908453943e-07,3.3774245161511226e-07,3.585690847608927e-08,2.3109349051777027e-07,1.2342321936755092e-07,1.0651545657202683e-08,3.4489631329727653e-07,5.444535116776916e-08,2.554066286757091e-07,1.2278698473196714e-07,9.706632123032031e-09,1.3475463179537225e-08,3.5513493925823954e-07,2.0097026848644215e-08,6.776168034327205e-08,-1.0,-1.0,-1.0,-1.0
1.62,4.202203368209293e-07,4.6285987374825966e-07,3.206888570469684e-07,-1.0,-1.0,-1.0,-1.0,-1.0,-1.0,-1.0,-1.0,-1.0,4.6152374050519986e-07,-1.0,-1.0,3.106508298440935e-07,-1.0,-1.0,-1.0,2.6506055640219816e-07,4.609810407198153e-07,3.213320945287894e-07,1.442611526427013e-07,6.207625827965464e-08,2.514045736428091e-07,2.879631577350673e-10,4.136032298568019e-10,2.611505534220861e-07,1.4226878347618336e-07,2.497972557571558e-08,4.210652726607635e-07,3.1931115348349865e-07,4.5622133363903015e-07,3.180861640716066e-07,-1.0,-1.0,-1.0,1.8022946631282188e-07,9.89285752547062e-09,7.740440786443283e-08,4.3055842349754974e-10,1.2907864073960515e-09,7.489146591105726e-09,2.1389285647465303e-08,4.5064626345211725e-08,7.393104493315759e-08,2.7165322731138417e-07,-1.0,-1.0,-1.0,8.6319004983036e-08,-1.0,-1.0,-1.0,-1.0,-1.0,-1.0,-1.0,-1.0,-1.0,4.096819555146212e-08,2.3098839636721585e-07,1.2330701072703513e-07,3.8200029661071046e-07,3.2479672116043864e-07,4.211505351743713e-07,4.6372051706635857e-07,3.2270432640603474e-07,4.078736579975044e-07,3.3324913820429195e-07,3.467913288580837e-08,2.2708904068683055e-07,1.2057390670007033e-07,1.0194394782131124e-08,3.404139243668265e-07,5.285289484327403e-08,2.5123821342338e-07,1.199678676391504e-07,9.281699126551166e-09,1.2922366627134918e-08,3.506470944938769e-07,1.9338869435632023e-08,6.58817683674051e-08,-1.0,-1.0,-1.0,-1.0
1.63,4.182265640080573e-07,4.594478117360172e-07,3.1965820074304327e-07,-1.0,-1.0,-1.0,-1.0,-1.0,-1.0,-1.0,-1.0,-1.0,4.582165547444622e-07,-1.0,-1.0,3.096852637140938e-07,-1.0,-1.0,-1.0,2.608811302335921e-07,4.575451684513807e-07,3.202961399636079e-07,1.4153463947416578e-07,6.041187651541241e-08,2.4744491036892353e-07,2.676978478171362e-10,3.888951499903447e-10,2.5698633184263897e-07,1.3921703386258255e-07,2.409690136178607e-08,4.190554478916618e-07,3.1497973901365723e-07,4.527932806033644e-07,3.1705900695351293e-07,-1.0,-1.0,-1.0,1.7680601826591198e-07,9.46661304432581e-09,7.533646385136666e-08,4.0536280227788004e-10,1.2185519704179303e-09,7.149149403184852e-09,2.059566109133924e-08,4.3649622959128694e-08,7.196205269913472e-08,2.6749326433969547e-07,-1.0,-1.0,-1.0,8.427759886007156e-08,-1.0,-1.0,-1.0,-1.0,-1.0,-1.0,-1.0,-1.0,-1.0,3.9676801817455183e-08,2.2702381348068476e-07,1.204927535672979e-07,3.7758144181504105e-07,3.203773141987797e-07,4.191403498925831e-07,4.6035897187097026e-07,3.2165943732515827e-07,4.0353488546589147e-07,3.288157873406267e-07,3.354038708057113e-08,2.2315445712452864e-07,1.177907700170217e-07,9.756896019755972e-09,3.359902458568777e-07,5.130777884837244e-08,2.471383320655813e-07,1.1721423042955163e-07,8.87539045614741e-09,1.2391983481046972e-08,3.462163842215672e-07,1.860941040622002e-08,6.405473594041824e-08,-1.0,-1.0,-1.0,-1.0
1.6400000000000001,4.162422975051092e-07,4.5606109565598305e-07,3.1863086705719935e-07,-1.0,-1.0,-1.0,-1.0,-1.0,-1.0,-1.0,-1.0,-1.0,4.549334163381533e-07,-1.0,-1.0,3.0872271336477815e-07,-1.0,-1.0,-1.0,2.5676813056529145e-07,4.541351558757761e-07,3.192635377142522e-07,1.388641860173167e-07,5.879367615653733e-08,2.4354997726031303e-07,2.4886025679641854e-10,3.656803467726578e-10,2.5288895340659074e-07,1.3623157919055185e-07,2.324555578841795e-08,4.1705527485339444e-07,3.107083024482109e-07,4.493916475859294e-07,3.160352097816834e-07,-1.0,-1.0,-1.0,1.7344939491054004e-07,9.05877437990817e-09,7.332433063192939e-08,3.817249865855908e-10,1.1503855254285067e-09,6.82460981049069e-09,1.9831540091464134e-08,4.22790502267132e-08,7.004641102597806e-08,2.6339828353522774e-07,-1.0,-1.0,-1.0,8.228741664534792e-08,-1.0,-1.0,-1.0,-1.0,-1.0,-1.0,-1.0,-1.0,-1.0,3.8426517234869166e-08,2.2312773418351474e-07,1.1774326218339695e-07,3.732138156090339e-07,3.160182517167373e-07,4.1713981599898897e-07,4.5702189982863037e-07,3.2061794255325425e-07,3.992423718599521e-07,3.244415963612886e-07,3.243936588895599e-08,2.1928851260360315e-07,1.1507226293371182e-07,9.338203154060514e-09,3.316245030541874e-07,4.980857267352229e-08,2.431058495121135e-07,1.1452453398072504e-07,8.486888857981282e-09,1.1883380516275194e-08,3.4184207592634367e-07,1.790755980783312e-08,6.227907563987985e-08,-1.0,-1.0,-1.0,-1.0
1.65,4.1426749176253783e-07,4.526995357315583e-07,3.176068452448948e-07,-1.0,-1.0,-1.0,-1.0,-1.0,-1.0,-1.0,-1.0,-1.0,4.51674147864783e-07,-1.0,-1.0,3.0776316933128523e-07,-1.0,-1.0,-1.0,2.5272049329878186e-07,4.5075080635946235e-07,3.1823427689228654e-07,1.362485298695172e-07,5.72203265109031e-08,2.397186769806437e-07,2.3134968625579345e-10,3.438673780658424e-10,2.4885733821185845e-07,1.3331096143670008e-07,2.242455685980727e-08,4.150647069147565e-07,3.064959962019073e-07,4.4601622580710613e-07,3.1501476142567765e-07,-1.0,-1.0,-1.0,1.701582566892279e-07,8.668544942474016e-09,7.136648728821564e-08,3.5954461324057853e-10,1.0860564618536909e-09,6.5148240354932175e-09,1.9095823713674883e-08,4.095151302834144e-08,6.818264891015367e-08,2.59367250615085e-07,-1.0,-1.0,-1.0,8.034709808668851e-08,-1.0,-1.0,-1.0,-1.0,-1.0,-1.0,-1.0,-1.0,-1.0,3.721601977129932e-08,2.192989668567894e-07,1.1505703341093211e-07,3.688968228223249e-07,3.117187068616462e-07,4.151488868825871e-07,4.5370912198613904e-07,3.195798310279637e-07,3.9499562289983606e-07,3.201257733812196e-07,3.137480818849387e-08,2.1549000159670632e-07,1.1241687542475938e-07,8.937506469188515e-09,3.273159315403382e-07,4.835388974186646e-08,2.3913964960999867e-07,1.1189727578779625e-07,8.115412983422752e-09,1.1395662870765023e-08,3.3752344654749565e-07,1.7232269220600068e-08,6.055332356772004e-08,-1.0,-1.0,-1.0,-1.0
1.6600000000000001,4.123021014501161e-07,4.4936294361872324e-07,3.165861245964401e-07,-1.0,-1.0,-1.0,-1.0,-1.0,-1.0,-1.0,-1.0,-1.0,4.484385732307907e-07,-1.0,-1.0,3.0680662217860135e-07,-1.0,-1.0,-1.0,2.487371715137647e-07,4.473919247801019e-07,3.172083466447728e-07,1.3368643980481834e-07,5.569053679018971e-08,2.3594993144455426e-07,2.1507254845158469e-10,3.2337048435823966e-10,2.448904239124637e-07,1.3045375502731877e-07,2.16328136175774e-08,4.130836976711863e-07,3.0234198490787595e-07,4.426668081775586e-07,3.1399765079237977e-07,-1.0,-1.0,-1.0,1.669312915947077e-07,8.295162698037689e-09,6.946145473493797e-08,3.387279765669652e-10,1.02534733272556e-09,6.219120389821727e-09,1.8387454035056894e-08,3.966566005140997e-08,6.63693366239458e-08,2.5539914804649e-07,-1.0,-1.0,-1.0,7.845532100450709e-08,-1.0,-1.0,-1.0,-1.0,-1.0,-1.0,-1.0,-1.0,-1.0,3.60440303559359e-08,2.155363407479367e-07,1.1243259927289198e-07,3.646298752134894e-07,3.074778641499389e-07,4.1316751615879075e-07,4.5042046070464084e-07,3.185450917230977e-07,3.9079414959818963e-07,3.1586753714796373e-07,3.034549540521924e-08,2.1175773989022196e-07,1.09823132963888e-07,8.55403117230995e-09,3.230637770540218e-07,4.694238603845447e-08,2.3523863482527175e-07,1.0933098908164504e-07,7.76021580966055e-09,1.092797246758481e-08,3.3325978235577714e-07,1.6582530169595633e-08,5.887605807820081e-08,-1.0,-1.0,-1.0,-1.0
1.67,4.103460814558766e-07,4.460511323951339e-07,3.1556869443688534e-07,-1.0,-1.0,-1.0,-1.0,-1.0,-1.0,-1.0,-1.0,-1.0,4.4522651766046726e-07,-1.0,-1.0,3.0585306250146515e-07,-1.0,-1.0,-1.0,2.4481713518874274e-07,4.440583175148172e-07,3.161857361541539e-07,1.3117671493371375e-07,5.420305486407116e-08,2.3224268146919935e-07,1.9994186359497399e-10,3.0410922981097267e-10,2.4098716543139613e-07,1.2765856610794168e-07,2.0869274641669612e-08,4.111122009436582e-07,2.9824544523806963e-07,4.393431892842318e-07,3.1298386682587177e-07,-1.0,-1.0,-1.0,1.6376721458928426e-07,7.937898665805452e-09,6.76077945585978e-08,3.191875777572842e-10,9.68053097821006e-10,5.93685780901154e-09,1.7705412610520313e-08,3.842018241477615e-08,6.460508453696444e-08,2.514929747712009e-07,-1.0,-1.0,-1.0,7.661080017422885e-08,-1.0,-1.0,-1.0,-1.0,-1.0,-1.0,-1.0,-1.0,-1.0,3.490931146860752e-08,2.1183870560294458e-07,1.0986852614886101e-07,3.6041239138921574e-07,3.032949193102851e-07,4.111956576683231e-07,4.471557396499285e-07,3.1751371364851967e-07,3.8663746820337367e-07,3.116661168984637e-07,2.9350250064804646e-08,2.0809056420500086e-07,1.0728959568419816e-07,8.187035884755517e-09,3.188672953551789e-07,4.5572758782894106e-08,2.314017259301594e-07,1.0682424196858317e-07,7.420583129871771e-09,1.047948650203184e-08,3.2905037883222225e-07,1.5957372597976122e-08,5.724589854349019e-08,-1.0,-1.0,-1.0,-1.0
1.6800000000000002,4.0839938688505475e-07,4.427639165492999e-07,3.145545441259066e-07,-1.0,-1.0,-1.0,-1.0,-1.0,-1.0,-1.0,-1.0,-1.0,4.420378076859529e-07,-1.0,-1.0,3.049024809242737e-07,-1.0,-1.0,-1.0,2.4095937092618214e-07,4.407497924285395e-07,3.1516643463813786e-07,1.2871818388736059e-07,5.2756666054840374e-08,2.2859588643227556e-07,1.8587679271975727e-10,2.8600816638544116e-10,2.3714653467819792e-07,1.24924031829523e-07,2.0132926606391706e-08,4.0915017077757907e-07,2.942055657263904e-07,4.36045165376466e-07,3.1197339850730714e-07,-1.0,-1.0,-1.0,1.606647670367181e-07,7.596055481101987e-09,6.580410788914061e-08,3.008417051704923e-10,9.139804106502912e-10,5.667424454254416e-09,1.704871899681771e-08,3.721381233639133e-08,6.28885419718778e-08,2.476477459345237e-07,-1.0,-1.0,-1.0,7.481228624292933e-08,-1.0,-1.0,-1.0,-1.0,-1.0,-1.0,-1.0,-1.0,-1.0,3.381066577565631e-08,2.0820493130509742e-07,1.0736341396400803e-07,3.5624379672442056e-07,2.9916907912890094e-07,4.092332654761154e-07,4.4391478378281773e-07,3.164856858500262e-07,3.8252510014328905e-07,3.075207522177888e-07,2.838793439348801e-08,2.0448733182388503e-07,1.0481485755842401e-07,7.835811198459033e-09,3.1472575209096547e-07,4.424374514403571e-08,2.276278616955477e-07,1.0437563659099316e-07,7.09583210988396e-09,1.0049415990991586e-08,3.2489454054854033e-07,1.5355863398664714e-08,5.566150415571476e-08,-1.0,-1.0,-1.0,-1.0
1.69,4.064619730590391e-07,4.3950111196984795e-07,3.13543663057694e-07,-1.0,-1.0,-1.0,-1.0,-1.0,-1.0,-1.0,-1.0,-1.0,4.388722711373156e-07,-1.0,-1.0,3.039548681009889e-07,-1.0,-1.0,-1.0,2.3716288168218145e-07,4.3746615886245143e-07,3.1415043134958343e-07,1.2630970402550957e-07,5.1350191971112797e-08,2.2500852393641262e-07,1.7280220361412166e-10,2.68996519539167e-10,2.3336752027119754e-07,1.2224881965085517e-07,1.9422792889582593e-08,4.0719756144169183e-07,2.9022154659446684e-07,4.327725343522298e-07,3.1096623485478556e-07,-1.0,-1.0,-1.0,1.5762271614635865e-07,7.2689660209284275e-09,6.404903430318296e-08,2.8361404341904784e-10,8.629469467345708e-10,5.41023637808461e-09,1.6416429331850383e-08,3.6045321842772334e-08,6.121839609336227e-08,2.4386249261884984e-07,-1.0,-1.0,-1.0,7.305856467910672e-08,-1.0,-1.0,-1.0,-1.0,-1.0,-1.0,-1.0,-1.0,-1.0,3.2746934811076016e-08,2.046339075201243e-07,1.0491589539738548e-07,3.5212352328330163e-07,2.9509956129700176e-07,4.0728029387021304e-07,4.4069741934959546e-07,3.1546099740922995e-07,3.784565719698097e-07,3.0343069289977523e-07,2.7457448967067362e-08,2.0094692022590399e-07,1.0239754559870039e-07,7.499678294876285e-09,3.106384226635259e-07,4.295412099534035e-08,2.2391599858865724e-07,1.0198380830841592e-07,6.785309908398193e-09,9.637004381987893e-09,3.2079158104907817e-07,1.4777105002335489e-08,5.412157276440312e-08,-1.0,-1.0,-1.0,-1.0
1.7000000000000002,4.045337955143244e-07,4.362625359348647e-07,3.1253604066083854e-07,-1.0,-1.0,-1.0,-1.0,-1.0,-1.0,-1.0,-1.0,-1.0,4.3572973713270047e-07,-1.0,-1.0,3.0301021471504244e-07,-1.0,-1.0,-1.0,2.3342668650056263e-07,4.3420722762251746e-07,3.1313771557638345e-07,1.239501606674042e-07,4.998248937929213e-08,2.2147958947980024e-07,1.606482674730883e-10,2.530078940784456e-10,2.2964912726430676e-07,1.1963162665684842e-07,1.873793223292413e-08,4.052543274269833e-07,2.862925995800327e-07,4.295250957444692e-07,3.09962364923227e-07,-1.0,-1.0,-1.0,1.5463985442924974e-07,6.9559920894148935e-09,6.234125075791567e-08,2.6743330925004315e-10,8.147807707620887e-10,5.1647362510722955e-09,1.5807634967186914e-08,3.491352151899509e-08,5.959337082928585e-08,2.401362615816336e-07,-1.0,-1.0,-1.0,7.134845475453253e-08,-1.0,-1.0,-1.0,-1.0,-1.0,-1.0,-1.0,-1.0,-1.0,3.171699770139289e-08,2.0112454334763567e-07,1.0252463510906992e-07,3.480510097413091e-07,2.9108559426036406e-07,4.053366973606841e-07,4.3750347387253546e-07,3.144396374434414e-07,3.7443141530380827e-07,2.9939519880954453e-07,2.65577314062946e-08,1.9746822672701519e-07,1.0003631907536823e-07,7.177987623670855e-09,3.06604592099542e-07,4.170269970962255e-08,2.202651104758267e-07,9.96474248985774e-08,6.488392357969885e-09,9.241526219465883e-09,3.1674082273431846e-07,1.4220234019529213e-08,5.262483974826079e-08,-1.0,-1.0,-1.0,-1.0
1.71,4.0261481000147205e-07,4.330480071013251e-07,3.11531666398221e-07,-1.0,-1.0,-1.0,-1.0,-1.0,-1.0,-1.0,-1.0,-1.0,4.326100360685601e-07,-1.0,-1.0,3.0206851147924447e-07,-1.0,-1.0,-1.0,2.2974982025132334e-07,4.309728109681085e-07,3.1212827664135177e-07,1.2163846634494333e-07,4.865244911153358e-08,2.180080961329404e-07,1.4935008409462887e-10,2.379799988505633e-10,2.2599037687831622e-07,1.1707117889231336e-07,1.8077437451508193e-08,4.0332042344559776e-07,2.824179477678777e-07,4.263026507075726e-07,3.0896177780424727e-07,-1.0,-1.0,-1.0,1.517149991659532e-07,6.6565231605517846e-09,6.067947055482353e-08,2.522329123647615e-10,7.693197403548786e-10,4.93039214673149e-09,1.5221461151798762e-08,3.3817259297940634e-08,5.80122258231781e-08,2.364681149977443e-07,-1.0,-1.0,-1.0,6.968080855716814e-08,-1.0,-1.0,-1.0,-1.0,-1.0,-1.0,-1.0,-1.0,-1.0,3.0719769932825906e-08,1.9767576697874562e-07,1.0018832898569794e-07,3.4402570130803254e-07,2.8712641707097244e-07,4.034024306785361e-07,4.343327761404879e-07,3.134215951055526e-07,3.704491667807774e-07,2.9541353974788366e-07,2.5687755117062275e-08,1.940501681272797e-07,9.772986875436761e-08,6.870117638576351e-09,3.026235549215413e-07,4.0488330991906774e-08,2.1667418833032818e-07,9.736518577786918e-08,6.204482704069294e-09,8.862285865952391e-09,3.1274159674590484e-07,1.368441993482072e-08,5.117007692025489e-08,-1.0,-1.0,-1.0,-1.0
1.7200000000000002,4.0070497248407337e-07,4.298573454945977e-07,3.1053052976689964e-07,-1.0,-1.0,-1.0,-1.0,-1.0,-1.0,-1.0,-1.0,-1.0,4.295129996099565e-07,-1.0,-1.0,3.011297491356886e-07,-1.0,-1.0,-1.0,2.2613133337336923e-07,4.277627226007111e-07,3.11122103902108e-07,1.1937356007741387e-07,4.7358995008978e-08,2.1459307422140176e-07,1.3884733359688282e-10,2.238543890460681e-10,2.2239030623660523e-07,1.1456623071088557e-07,1.7440434190834216e-08,4.0139580442975604e-07,2.7859682542332265e-07,4.2310500200394914e-07,3.0796446262603326e-07,-1.0,-1.0,-1.0,1.488469918858236e-07,6.36997517569734e-09,5.906244233237651e-08,2.379506394504563e-10,7.264109443110344e-10,4.7066963819765744e-09,1.4657065765089621e-08,3.2755419287558516e-08,5.647375541706096e-08,2.3285713020611049e-07,-1.0,-1.0,-1.0,6.805451003415924e-08,-1.0,-1.0,-1.0,-1.0,-1.0,-1.0,-1.0,-1.0,-1.0,2.9754202159307294e-08,1.9428652535976104e-07,9.790570340395082e-08,3.4004704965098603e-07,2.832212792407178e-07,4.0147744877463627e-07,4.311851561995354e-07,3.124068595839197e-07,3.665093679970321e-07,2.914849953174534e-07,2.484652807382956e-08,1.9069168036434932e-07,9.547691615276917e-08,6.575473587955862e-09,2.986946150209337e-07,3.930989974917155e-08,2.1314223994512e-07,9.51358212407983e-08,5.933010399660456e-09,8.498616275833992e-09,3.0879324285316495e-07,1.3168863851035009e-08,4.975609146501156e-08,-1.0,-1.0,-1.0,-1.0
1.73,3.9880423913772e-07,4.266903724980347e-07,3.0953262029799976e-07,-1.0,-1.0,-1.0,-1.0,-1.0,-1.0,-1.0,-1.0,-1.0,4.264384606809394e-07,-1.0,-1.0,3.001939184556606e-07,-1.0,-1.0,-1.0,2.2257029162146046e-07,4.245767776527296e-07,3.101191867509641e-07,1.1715440666713171e-07,4.610108289907738e-08,2.11233571014466e-07,1.290839527774538e-10,2.1057622496347591e-10,2.1884796810519974e-07,1.1211556413874789e-07,1.6826079729483002e-08,3.994804255306797e-07,2.7482847782818664e-07,4.199319539907227e-07,3.0697040855321903e-07,-1.0,-1.0,-1.0,1.4603469785749048e-07,6.09578939346955e-09,5.7488949086878826e-08,2.245283598186337e-10,6.859101733133181e-10,4.493164410584636e-09,1.4113638097370067e-08,3.1726920634955675e-08,5.4976787663748e-08,2.2930239946058993e-07,-1.0,-1.0,-1.0,6.646847406395993e-08,-1.0,-1.0,-1.0,-1.0,-1.0,-1.0,-1.0,-1.0,-1.0,2.8819279049996554e-08,1.9095578386183576e-07,9.567551451156035e-08,3.361145128202866e-07,2.7936944059712204e-07,3.995617068186376e-07,4.2806044534372095e-07,3.1139542010224726e-07,3.6261156545649205e-07,2.8760885479080604e-07,2.403309164479113e-08,1.8739171817315693e-07,9.327621281201291e-08,6.293486357688008e-09,2.948170855327588e-07,3.816632499580067e-08,2.096682896504591e-07,9.295809171794299e-08,5.67342995285153e-09,8.149877819587155e-09,3.0489510934111767e-07,1.267279728158859e-08,4.8381724907564483e-08,-1.0,-1.0,-1.0,-1.0
1.7400000000000002,3.9691256634897796e-07,4.2354691084263787e-07,3.08537927556602e-07,-1.0,-1.0,-1.0,-1.0,-1.0,-1.0,-1.0,-1.0,-1.0,4.2338625345499745e-07,-1.0,-1.0,2.9926101023954484e-07,-1.0,-1.0,-1.0,2.1906577581730084e-07,4.21414792676373e-07,3.0911951461481065e-07,1.1497999601534468e-07,4.487769960586953e-08,2.0792865041955152e-07,1.2000783436903992e-10,1.9809404616502699e-10,2.1536243063710297e-07,1.0971798825280838e-07,1.6233561825776153e-08,3.9757424211752017e-07,2.71112161119203e-07,4.167833126065361e-07,3.0597960478676214e-07,-1.0,-1.0,-1.0,1.4327700559029423e-07,5.83343128973452e-09,5.595780722068028e-08,2.1191175115603879e-10,6.476814212128541e-10,4.289333767236804e-09,1.3590397675996778e-08,3.073071642615316e-08,5.35201833677427e-08,2.2580302968499012e-07,-1.0,-1.0,-1.0,6.492164555666393e-08,-1.0,-1.0,-1.0,-1.0,-1.0,-1.0,-1.0,-1.0,-1.0,2.7914018174964486e-08,1.8768252595647892e-07,9.34965475254142e-08,3.322275551742106e-07,2.7557017114105794e-07,3.9765516019791014e-07,4.249584761058427e-07,3.1038726591947173e-07,3.5875531051803524e-07,2.837844169801844e-07,2.3246519457342577e-08,1.8414925475169495e-07,9.112653958842831e-08,6.0236113641112695e-09,2.9099028871211635e-07,3.705655879359507e-08,2.062513780362861e-07,9.083078705195599e-08,5.425219825276698e-09,7.815457156383298e-09,3.0104655289994085e-07,1.2195480989105454e-08,4.7045852112517914e-08,-1.0,-1.0,-1.0,-1.0
1.75,3.9502991071436694e-07,4.2042678459680766e-07,3.0754644114163273e-07,-1.0,-1.0,-1.0,-1.0,-1.0,-1.0,-1.0,-1.0,-1.0,4.2035621334558427e-07,-1.0,-1.0,2.9833101531673286e-07,-1.0,-1.0,-1.0,2.1561688160470313e-07,4.182765856326316e-07,3.081230769550039e-07,1.1284934245777566e-07,4.368786199210234e-08,2.0467739268230695e-07,1.1157054756951208e-10,1.863595600232415e-10,2.119327771208297e-07,1.0737233857300414e-07,1.566209760679464e-08,3.956772097762946e-07,2.6744714212885265e-07,4.1365888535846825e-07,3.049920405638207e-07,-1.0,-1.0,-1.0,1.4057282634644132e-07,5.582389505504122e-09,5.446786561698082e-08,2.0005004399868804e-10,6.115964151078203e-10,4.0947630598234946e-09,1.3086593135463677e-08,2.976579262039155e-08,5.2102835153894985e-08,2.2235814223217197e-07,-1.0,-1.0,-1.0,6.341299858165416e-08,-1.0,-1.0,-1.0,-1.0,-1.0,-1.0,-1.0,-1.0,-1.0,2.703746892777057e-08,1.844657528968162e-07,9.136761604635151e-08,3.283856473056218e-07,2.718227509064403e-07,3.95757764516478e-07,4.2187908224831795e-07,3.093823863296464e-07,3.5494015934341825e-07,2.800109901090809e-07,2.2485916302448453e-08,1.8096328143277536e-07,8.902670596062459e-08,5.765327494857338e-09,2.8721355581226094e-07,3.5979585225238963e-08,2.0289056167930497e-07,8.875272579117386e-08,5.1878813789736595e-09,7.494766153077737e-09,2.972469385158843e-07,1.1736203868529395e-08,4.574738031271853e-08,-1.0,-1.0,-1.0,-1.0
1.7600000000000002,3.931562290393447e-07,4.173298191561668e-07,3.065581506857533e-07,-1.0,-1.0,-1.0,-1.0,-1.0,-1.0,-1.0,-1.0,-1.0,4.1734817699671443e-07,-1.0,-1.0,2.974039245455309e-07,-1.0,-1.0,-1.0,2.1222271920876024e-07,4.151619758803377e-07,3.0712986326725266e-07,1.1076148411920194e-07,4.253061603214268e-08,2.014788940922632e-07,1.0372707833957583e-10,1.7532744372428036e-10,2.0855810573307305e-07,1.050774764684046e-07,1.5110932498189555e-08,3.9378928430882427e-07,2.638326982285726e-07,4.1055848130906135e-07,3.0400770515763e-07,-1.0,-1.0,-1.0,1.3792109366363793e-07,5.342174840650907e-09,5.301800474047724e-08,1.8889578363607076e-10,5.775341725414733e-10,3.909031007804149e-09,1.2601501129795791e-08,2.8831167017899403e-08,5.0723666562997724e-08,2.1896687264716503e-07,-1.0,-1.0,-1.0,6.194153552170757e-08,-1.0,-1.0,-1.0,-1.0,-1.0,-1.0,-1.0,-1.0,-1.0,2.6188711483698275e-08,1.8130448340449833e-07,8.928756139024703e-08,3.245882659692576e-07,2.6812646982185596e-07,3.9386947559396054e-07,4.188220987541138e-07,3.083807706618258e-07,3.511656728457546e-07,2.7628789168552867e-07,2.175041707656583e-08,1.7783280736165953e-07,8.697554935334464e-08,5.518136095497806e-09,2.8348622696433417e-07,3.493441940014782e-08,1.9958491287467406e-07,8.67227545003957e-08,4.960937869618912e-09,7.1872408476728795e-09,2.934956393636045e-07,1.1294281873021889e-08,4.448524816655555e-08,-1.0,-1.0,-1.0,-1.0
1.77,3.912914783372968e-07,4.1425584123346674e-07,3.055730458552507e-07,-1.0,-1.0,-1.0,-1.0,-1.0,-1.0,-1.0,-1.0,-1.0,4.14361982273636e-07,-1.0,-1.0,2.9647972881306887e-07,-1.0,-1.0,-1.0,2.088824131989611e-07,4.120707841653157e-07,3.0613986308150674e-07,1.0871548228648966e-07,4.140503591464574e-08,1.9833226669394394e-07,9.643558806804485e-11,1.6495515885595825e-10,2.0523752929543918e-07,1.0283228857680084e-07,1.4579339193277688e-08,3.919104217316815e-07,2.6026811717430767e-07,4.07481911063459e-07,3.0302658787738075e-07,-1.0,-1.0,-1.0,1.353207628879775e-07,5.112319291440567e-09,5.1607135763126836e-08,1.784046082426945e-10,5.453805842422608e-10,3.731735524513878e-09,1.2134425285659758e-08,2.792588826007523e-08,4.938163117353307e-08,2.156283704342308e-07,-1.0,-1.0,-1.0,6.050628625272458e-08,-1.0,-1.0,-1.0,-1.0,-1.0,-1.0,-1.0,-1.0,-1.0,2.53668557924572e-08,1.7819775336216069e-07,8.725525193499617e-08,3.208348940098674e-07,2.644806275741123e-07,3.919902494645203e-07,4.157873618177473e-07,3.073824082799513e-07,3.474314166385497e-07,2.726144483771076e-07,2.1039185759825396e-08,1.747568591794579e-07,8.497193447739283e-08,5.281560000019412e-09,2.7980765105871767e-07,3.392010649166297e-08,1.9633351937223476e-07,8.473974708841344e-08,4.7439334840779516e-09,6.892340455425511e-09,2.897920366999084e-07,1.0869056981002123e-08,4.325842484303775e-08,-1.0,-1.0,-1.0,-1.0
1.7800000000000002,3.8943561582853036e-07,4.112046788485666e-07,3.045911163499276e-07,-1.0,-1.0,-1.0,-1.0,-1.0,-1.0,-1.0,-1.0,-1.0,4.113974682535707e-07,-1.0,-1.0,2.955584190352085e-07,-1.0,-1.0,-1.0,2.0559510225617994e-07,4.090028326096124e-07,3.051530659618436e-07,1.0671042079951519e-07,4.031022317399091e-08,1.9523663800332325e-07,8.96571893040048e-11,1.5520277776584412e-10,2.0197017503517588e-07,1.0063568623746714e-07,1.4066616659968766e-08,3.9004057827513874e-07,2.5675269695436616e-07,4.044289867566502e-07,3.0204867806809685e-07,-1.0,-1.0,-1.0,1.327708107168505e-07,4.892375129968785e-09,5.0234199714317534e-08,1.6853504211782168e-10,5.150280209211371e-10,3.562492841405333e-09,1.168469519466285e-08,2.7049034861063238e-08,4.8075711748796935e-08,2.1234179882780082e-07,-1.0,-1.0,-1.0,5.9106307348273215e-08,-1.0,-1.0,-1.0,-1.0,-1.0,-1.0,-1.0,-1.0,-1.0,2.4571040604197675e-08,1.7514461551132793e-07,8.526958248301581e-08,3.1712502029118687e-07,2.608845334736692e-07,3.9012004237581406e-07,4.1277470883634836e-07,3.063872885827362e-07,3.4373696098527986e-07,2.689899958876341e-07,2.0351414429214806e-08,1.7173448071218876e-07,8.301475268524724e-08,5.055142603228214e-09,2.7617718562797756e-07,3.293572080458768e-08,1.9313548411719391e-07,8.280260415187621e-08,4.536432420316897e-09,6.60954641584221e-09,2.8613551975887957e-07,1.0459896202747266e-08,4.206590913381743e-08,-1.0,-1.0,-1.0,-1.0
1.79,3.875885989392734e-07,4.0817616131849295e-07,3.0361235190299415e-07,-1.0,-1.0,-1.0,-1.0,-1.0,-1.0,-1.0,-1.0,-1.0,4.084544752165274e-07,-1.0,-1.0,2.9463998615645265e-07,-1.0,-1.0,-1.0,2.0235993894348153e-07,4.059579447008172e-07,3.04169461506358e-07,1.0474540545943197e-07,3.924530584953033e-08,1.9219115072953727e-07,8.335573734741119e-11,1.4603282092868233e-10,1.9875518434983778e-07,9.84866049367978e-08,1.3572089184127699e-08,3.881797103821248e-07,2.532857456395486e-07,4.013995220408246e-07,3.010739651105139e-07,-1.0,-1.0,-1.0,1.3027023475166407e-07,4.6819140236741185e-09,4.889816665476106e-08,1.5924830299214194e-10,4.86374962728374e-10,3.400936672307126e-09,1.1251665443371839e-08,2.6199714269739334e-08,4.680491940865917e-08,2.0910633456723228e-07,-1.0,-1.0,-1.0,5.774068130817222e-08,-1.0,-1.0,-1.0,-1.0,-1.0,-1.0,-1.0,-1.0,-1.0,2.3800432527726593e-08,1.7214413915567532e-07,8.33294736388932e-08,3.1345813962574657e-07,2.573375063219379e-07,3.8825881078795127e-07,4.097839784007931e-07,3.0539540100355215e-07,3.4008188074951664e-07,2.6541387883551984e-07,1.968632230555602e-08,1.6876473266540134e-07,8.110292134198646e-08,4.838446973266707e-09,2.725941967313877e-07,3.198036487209661e-08,1.8998992499519183e-07,8.091025233509303e-08,4.338018007809222e-09,6.338361478880646e-09,2.825254856483782e-07,1.0066190625034234e-08,4.090672859136208e-08,-1.0,-1.0,-1.0,-1.0
1.8000000000000003,3.857503853006789e-07,4.0517011924757336e-07,3.026367422809584e-07,-1.0,-1.0,-1.0,-1.0,-1.0,-1.0,-1.0,-1.0,-1.0,4.055328446361857e-07,-1.0,-1.0,2.9372442114985454e-07,-1.0,-1.0,-1.0,1.9917608948067425e-07,4.0293594528146215e-07,3.031890393470498e-07,1.0281956345375005e-07,3.8209437671723364e-08,1.8919496250174273e-07,7.74976365753128e-11,1.3741010461244742e-10,1.9559171257581505e-07,9.638400376651959e-08,1.3095105448024604e-08,3.8632777470718565e-07,2.498665812355108e-07,3.983933320728316e-07,3.001024384209582e-07,-1.0,-1.0,-1.0,1.2781805306014926e-07,4.480526193177552e-09,4.759803487343861e-08,1.5050812243247367e-10,4.593256500538954e-10,3.2467174158672814e-09,1.0834714679636282e-08,2.5377061961150446e-08,4.556829282523319e-08,2.0592116767530983e-07,-1.0,-1.0,-1.0,5.640851581035504e-08,-1.0,-1.0,-1.0,-1.0,-1.0,-1.0,-1.0,-1.0,-1.0,2.3054225119846862e-08,1.6919540986954322e-07,8.143387120181659e-08,3.098337527054971e-07,2.5383887428041194e-07,3.864065113724558e-07,4.068150102869e-07,3.0440673501031525e-07,3.3646575534558505e-07,2.6188545063377005e-07,1.9043154833107064e-08,1.65846692324257e-07,7.923538321116041e-08,4.631055002505586e-09,2.6905805884100186e-07,3.1053168581077434e-08,1.868959745816744e-07,7.906164370537698e-08,4.14829186665263e-09,6.078308828742455e-09,2.7896133924788826e-07,9.68735449236053e-09,3.977993869249246e-08,-1.0,-1.0,-1.0,-1.0
1.81,3.839209327478334e-07,4.02186384517647e-07,3.016642772835188e-07,-1.0,-1.0,-1.0,-1.0,-1.0,-1.0,-1.0,-1.0,-1.0,4.0263241917084955e-07,-1.0,-1.0,2.928117150169273e-07,-1.0,-1.0,-1.0,1.9604273352255322e-07,3.999366605385073e-07,3.0221178914971364e-07,1.0093204279771967e-07,3.720179727426661e-08,1.862472456010302e-07,7.205166046051666e-11,1.2930159817914497e-10,1.9247892876066731e-07,9.432686489419485e-08,1.2635037642577606e-08,3.844847281154497e-07,2.4649453153733055e-07,3.9541023350174766e-07,2.9913408745122605e-07,-1.0,-1.0,-1.0,1.2541330374805143e-07,4.287819606776631e-09,4.633283010695222e-08,1.4228057844295704e-10,4.3378975443231706e-10,3.0995013944347647e-09,1.0433244713855449e-08,2.4580240556483755e-08,4.4364897441755135e-08,2.027855012404348e-07,-1.0,-1.0,-1.0,5.510894298528681e-08,-1.0,-1.0,-1.0,-1.0,-1.0,-1.0,-1.0,-1.0,-1.0,2.2331638004782148e-08,1.6629752921161655e-07,7.958174557243619e-08,3.06251366033247e-07,2.5038797474161193e-07,3.8456310101123406e-07,4.0386764544669236e-07,3.0342128010537274e-07,3.32888168689753e-07,2.584040733716044e-07,1.842118279066245e-08,1.629794532589751e-07,7.741110585525142e-08,4.432566595148192e-09,2.655681547292602e-07,3.0153288324997884e-08,1.8385277989550117e-07,7.725575514355292e-08,3.966873103690673e-09,5.8289312437109045e-09,2.754424931077e-07,9.322824323339937e-09,3.868462202653453e-08,-1.0,-1.0,-1.0,-1.0
1.8199999999999998,3.8210019931877094e-07,3.9922479027834965e-07,3.006949467434556e-07,-1.0,-1.0,-1.0,-1.0,-1.0,-1.0,-1.0,-1.0,-1.0,3.9975304265447016e-07,-1.0,-1.0,2.919018587875538e-07,-1.0,-1.0,-1.0,1.9295906394076928e-07,3.969599179929072e-07,3.012377006138281e-07,9.90820117915222e-08,3.622158743135658e-08,1.833471866972924e-07,6.698878431344119e-11,1.2167629040006327e-10,1.894160154391969e-07,9.231419304573091e-08,1.2191280612139934e-08,3.826505276815994e-07,2.4316893398624283e-07,3.9245004445654684e-07,2.981689016884634e-07,-1.0,-1.0,-1.0,1.230550445399948e-07,4.103419209994752e-09,4.510160478065067e-08,1.345339394237936e-10,4.0968206838628984e-10,2.9589701277117266e-09,1.0046679653878236e-08,2.3808438970669093e-08,4.319382471399031e-08,1.996985512024371e-07,-1.0,-1.0,-1.0,5.384111871222668e-08,-1.0,-1.0,-1.0,-1.0,-1.0,-1.0,-1.0,-1.0,-1.0,2.1631916022681886e-08,1.634496144436744e-07,7.777209117380763e-08,3.0271049185490085e-07,2.4698415420181273e-07,3.82728536795547e-07,4.009417259997252e-07,3.0243902582539015e-07,3.2934870915194463e-07,2.549691176976746e-07,1.7819701433063538e-08,1.6016212503554347e-07,7.562908105037401e-08,4.2425988899572125e-09,2.6212387535810604e-07,2.9279906183417747e-08,1.8085950215671395e-07,7.549158774925362e-08,3.793397544008417e-09,5.589790290549531e-09,2.719683673494073e-07,8.972058060921615e-09,3.7619887507351244e-08,-1.0,-1.0,-1.0,-1.0
1.83,3.802881432534911e-07,3.9628517093747316e-07,2.997287405265234e-07,-1.0,-1.0,-1.0,-1.0,-1.0,-1.0,-1.0,-1.0,-1.0,3.968945600877381e-07,-1.0,-1.0,2.909948435198965e-07,-1.0,-1.0,-1.0,1.8992428660926636e-07,3.9400554648926074e-07,3.002667634724452e-07,9.726865849278998e-08,3.526803431925357e-08,1.8049398659095583e-07,6.228202984661296e-11,1.1450506420589714e-10,1.8640216841320044e-07,9.034501499962308e-08,1.1763251030630337e-08,3.808251306888463e-07,2.3988913552851034e-07,3.895125845338762e-07,2.972068706550459e-07,-1.0,-1.0,-1.0,1.2074235236932128e-07,3.926966188656429e-09,4.390343727091786e-08,1.2723851870684341e-10,3.869222131100049e-10,2.8248196395857904e-09,9.674465072275312e-09,2.3060871586747143e-08,4.205419137350702e-08,1.9665954614195032e-07,-1.0,-1.0,-1.0,5.260422193665226e-08,-1.0,-1.0,-1.0,-1.0,-1.0,-1.0,-1.0,-1.0,-1.0,2.095432840623623e-08,1.6065079825432027e-07,7.600392588608216e-08,2.992106480924888e-07,2.4362676813553363e-07,3.8090277602498815e-07,3.980370952244766e-07,3.0145996174123866e-07,3.258469695079731e-07,2.515799627048593e-07,1.7238029662069322e-08,1.5739383293160078e-07,7.388832421487506e-08,4.060785516582568e-09,2.587246197695921e-07,2.8432229127295807e-08,1.7791531654839726e-07,7.376816626064246e-08,3.6275169962437056e-09,5.360465552039495e-09,2.685383895677029e-07,8.634534255134082e-09,3.6584869608545204e-08,-1.0,-1.0,-1.0,-1.0
1.8399999999999999,3.7848472299298256e-07,3.9336736215139946e-07,2.987656485313441e-07,-1.0,-1.0,-1.0,-1.0,-1.0,-1.0,-1.0,-1.0,-1.0,3.9405681762924354e-07,-1.0,-1.0,2.900906603003086e-07,-1.0,-1.0,-1.0,1.869376201932293e-07,3.910733761855414e-07,2.992989674920813e-07,9.549119020399161e-08,3.43403868013431e-08,1.7768685995948386e-07,5.79063207250828e-11,1.077605793301307e-10,1.8343659653483992e-07,8.841837909266125e-08,1.1350386607850032e-08,3.790084946279132e-07,2.366544924763992e-07,3.8659767478593526e-07,2.962479839084598e-07,-1.0,-1.0,-1.0,1.1847432297670831e-07,3.758117264026111e-09,4.273743118802902e-08,1.203665389415539e-10,3.654343629588944e-10,2.6967597966244972e-09,9.316067204769825e-09,2.2336777456163263e-08,4.094513871217696e-08,1.9366772707329008e-07,-1.0,-1.0,-1.0,5.139745400818545e-08,-1.0,-1.0,-1.0,-1.0,-1.0,-1.0,-1.0,-1.0,-1.0,2.029816798446336e-08,1.5790022848760488e-07,7.427629049461464e-08,2.957513582779805e-07,2.403151808717648e-07,3.790857762064665e-07,3.951535975498029e-07,3.004840774578831e-07,3.2238254689228693e-07,2.482359958166155e-07,1.6675509225574458e-08,1.5467371765739837e-07,7.218787385150197e-08,3.886775884035323e-09,2.553697949779608e-07,2.7609488249268968e-08,1.7501941198256065e-07,7.208453848820891e-08,3.4688985502242493e-09,5.140553886291818e-09,2.6515199473345715e-07,8.309751277105214e-09,3.557872762114299e-08,-1.0,-1.0,-1.0,-1.0
1.85,3.7668989717825106e-07,3.904712008156072e-07,2.9780566068929955e-07,-1.0,-1.0,-1.0,-1.0,-1.0,-1.0,-1.0,-1.0,-1.0,3.9123966258670515e-07,-1.0,-1.0,2.8918930024324405e-07,-1.0,-1.0,-1.0,1.839982959414797e-07,3.881632385429074e-07,2.983343024726071e-07,9.374883297423245e-08,3.343791573591816e-08,1.7492503510855784e-07,5.383834832532646e-11,1.0141716233949876e-10,1.805185214935689e-07,8.653335473683699e-08,1.0952145324872038e-08,3.7720057719601893e-07,2.3346437037122476e-07,3.8370513770845574e-07,2.952922310411823e-07,-1.0,-1.0,-1.0,1.1625007051737167e-07,3.5965440186120106e-09,4.1602714678995593e-08,1.1389200565507233e-10,3.4514698577194796e-10,2.5745136767834527e-09,8.970972178658347e-09,2.1635419524172025e-08,3.98658318872793e-08,1.907223472407744e-07,-1.0,-1.0,-1.0,5.0220038038377966e-08,-1.0,-1.0,-1.0,-1.0,-1.0,-1.0,-1.0,-1.0,-1.0,1.966275041276237e-08,1.5519706787645253e-07,7.258824815116632e-08,2.9233215148786884e-07,2.370487654719037e-07,3.7727749505319364e-07,3.9229107854645655e-07,2.995113626142698e-07,3.18955042751223e-07,2.449366126748619e-07,1.6131503944195847e-08,1.5200093508174693e-07,7.052679100281292e-08,3.720234499915412e-09,2.520588158631705e-07,2.6810938018105956e-08,1.7217099086997296e-07,7.043977476228966e-08,3.3172239055063063e-09,4.929668716526589e-09,2.618086250980581e-07,7.997226563157278e-09,3.460064493309239e-08,-1.0,-1.0,-1.0,-1.0
1.8599999999999999,3.7490362464935183e-07,3.875965250552517e-07,2.968487669644257e-07,-1.0,-1.0,-1.0,-1.0,-1.0,-1.0,-1.0,-1.0,-1.0,3.8844294340826494e-07,-1.0,-1.0,2.8829075449116876e-07,-1.0,-1.0,-1.0,1.8110555748226931e-07,3.852749663155932e-07,2.9737275824713856e-07,9.204083111503744e-08,3.255991330593347e-08,1.72207753727852e-07,5.00564469802904e-11,9.545070357843116e-11,1.7764717760656075e-07,8.468903194719646e-08,1.0568004697430988e-08,3.7540133629587027e-07,2.303181438484386e-07,3.80834797228785e-07,2.9433960168056393e-07,-1.0,-1.0,-1.0,1.1406872717666683e-07,3.441932251297754e-09,4.0498439749838154e-08,1.0779058935727123e-10,3.25992598109958e-10,2.4578169669463036e-09,8.63868527009825e-09,2.095608387956492e-08,3.8815459246606514e-08,1.8782267191843147e-07,-1.0,-1.0,-1.0,4.9071218277739026e-08,-1.0,-1.0,-1.0,-1.0,-1.0,-1.0,-1.0,-1.0,-1.0,1.9047413428356785e-08,1.5254049378080768e-07,7.093888384789177e-08,2.889525622785219e-07,2.3382690360938273e-07,3.754778904836772e-07,3.894493849186678e-07,2.9854180688321567e-07,3.1556406279676304e-07,2.4168121702937807e-07,1.5605398964284553e-08,1.493746559628628e-07,6.890415871951583e-08,3.560840319061765e-09,2.4879110506585637e-07,2.603585555656615e-08,1.693692688938838e-07,6.883296739398086e-08,3.1721887294538965e-09,4.727439350065592e-09,2.585077300990033e-07,7.696495887822936e-09,3.3649828329925545e-08,-1.0,-1.0,-1.0,-1.0
1.87,3.731258644444271e-07,3.8474317421581697e-07,2.958949573533053e-07,-1.0,-1.0,-1.0,-1.0,-1.0,-1.0,-1.0,-1.0,-1.0,3.856665096738512e-07,-1.0,-1.0,2.8739501421447193e-07,-1.0,-1.0,-1.0,1.7825866062240938e-07,3.824083935408796e-07,2.9641432468192813e-07,9.036644672969386e-08,3.170569237000698e-08,1.6953427065131136e-07,4.654047803941209e-11,8.983856058523678e-11,1.7482181161257627e-07,8.288452088038663e-08,1.0197461066280346e-08,3.736107300346576e-07,2.2721519650472391e-07,3.7798647869406806e-07,2.9339008548870905e-07,-1.0,-1.0,-1.0,1.1192944279390476e-07,3.293981360522854e-09,3.9423781606740575e-08,1.020395156049941e-10,3.0790753454645724e-10,2.3464173879777407e-09,8.31873018917916e-09,2.029807902795672e-08,3.779323167298525e-08,1.849679782130342e-07,-1.0,-1.0,-1.0,4.79502595114042e-08,-1.0,-1.0,-1.0,-1.0,-1.0,-1.0,-1.0,-1.0,-1.0,1.84515161302819e-08,1.4992969793041549e-07,6.932730390380126e-08,2.856121306222867e-07,2.3064898545095932e-07,3.736869206207176e-07,3.866283644957874e-07,2.975753999712963e-07,3.1220921696078675e-07,2.384692206286949e-07,1.5096600036451214e-08,1.4679406568402207e-07,6.731908154142436e-08,3.4082861203507044e-09,2.4556609288370143e-07,2.528353994191688e-08,1.6661347478756407e-07,6.726323014911122e-08,3.033502043557141e-09,4.533510325335843e-09,2.552487662667192e-07,7.407112664671812e-09,3.272550731595818e-08,-1.0,-1.0,-1.0,-1.0
1.88,3.713565757987484e-07,3.819109888538391e-07,2.9494422188496306e-07,-1.0,-1.0,-1.0,-1.0,-1.0,-1.0,-1.0,-1.0,-1.0,3.829102120866076e-07,-1.0,-1.0,2.8650207061137776e-07,-1.0,-1.0,-1.0,1.7545687314968578e-07,3.7956335552914194e-07,2.95458991676257e-07,8.872495925574854e-08,3.0874585833970105e-08,1.669038536218504e-07,4.327172211999915e-11,8.455946756661348e-11,1.7204168246921738e-07,8.111895138365179e-08,9.840028913523137e-09,3.7182871672305534e-07,2.2415492076707143e-07,3.7516000885953066e-07,2.9244367216235924e-07,-1.0,-1.0,-1.0,1.0983138449420373e-07,3.15240375428922e-09,3.8377938015555933e-08,9.661746248039173e-11,2.9083173019850626e-10,2.2400741460313233e-09,8.010648391737473e-09,1.9660735187891285e-08,3.679838194764541e-08,1.8215755487040942e-07,-1.0,-1.0,-1.0,4.6856446472866747e-08,-1.0,-1.0,-1.0,-1.0,-1.0,-1.0,-1.0,-1.0,-1.0,1.787443828309893e-08,1.47363886172156e-07,6.775263546340296e-08,2.823104018443423e-07,2.275144095396502e-07,3.719045437904114e-07,3.8382786622399284e-07,2.966121316187364e-07,3.0889011934981594e-07,2.353000431124597e-07,1.4604532818726074e-08,1.4425836399393868e-07,6.57706849907319e-08,3.2622779104242047e-09,2.4238321716920044e-07,2.455331152838804e-08,1.639028501156023e-07,6.572969773495709e-08,2.900885636746048e-09,4.347540785731569e-09,2.5203119713260016e-07,7.128647273880638e-09,3.182693345541611e-08,-1.0,-1.0,-1.0,-1.0
1.8900000000000001,3.695957181437625e-07,3.790998107277009e-07,2.9399655062075947e-07,-1.0,-1.0,-1.0,-1.0,-1.0,-1.0,-1.0,-1.0,-1.0,3.8017390246438636e-07,-1.0,-1.0,2.8561191490785667e-07,-1.0,-1.0,-1.0,1.726994746385005e-07,3.7673968885397724e-07,2.945067491623258e-07,8.711566502026279e-08,3.0065946042290014e-08,1.6431578306038618e-07,4.023277897051882e-11,7.959345054395607e-11,1.6930606115350784e-07,7.939147255403954e-08,9.495240203958465e-09,3.700552548742284e-07,2.211367177638015e-07,3.7235521587686014e-07,2.9150035143277485e-07,-1.0,-1.0,-1.0,1.077737363281995e-07,3.0169242858240133e-09,3.736012867914749e-08,9.15044649759286e-11,2.7470851573183975e-10,2.138557408911361e-09,7.713998416911354e-09,1.904340360904967e-08,3.5830164131885144e-08,1.79390702084962e-07,-1.0,-1.0,-1.0,4.578908327520838e-08,-1.0,-1.0,-1.0,-1.0,-1.0,-1.0,-1.0,-1.0,-1.0,1.731557964354506e-08,1.44842278221848e-07,6.621402600723083e-08,2.790469265602879e-07,2.2442258267928227e-07,3.7013071852115767e-07,3.810477401580538e-07,2.9565199159929826e-07,3.05606388200245e-07,2.3217311190525164e-07,1.4128642203504214e-08,1.4176676475177908e-07,6.425811507730756e-08,3.1225343531820217e-09,2.3924192322879694e-07,2.384451129086512e-08,1.6123664905889068e-07,6.423152529938565e-08,2.774073504510604e-09,4.169203879229111e-09,2.488544931382429e-07,6.860686415520478e-09,3.0953379732896685e-08,-1.0,-1.0,-1.0,-1.0
1.9,3.6784325110614395e-07,3.7630948278849793e-07,2.9305193365428606e-07,-1.0,-1.0,-1.0,-1.0,-1.0,-1.0,-1.0,-1.0,-1.0,3.7745743373131046e-07,-1.0,-1.0,2.847245383575385e-07,-1.0,-1.0,-1.0,1.6998575625869356e-07,3.739372313424093e-07,2.9355758710514805e-07,8.553787680744663e-08,2.9279144188713054e-08,1.6176935183912756e-07,3.740747440739927e-11,7.492174781006564e-11,1.666142304657505e-07,7.770125230758514e-08,9.162643750522438e-09,3.6829030320284275e-07,2.1815999719750895e-07,3.695719292826863e-07,2.905601130656188e-07,-1.0,-1.0,-1.0,1.0575569891944569e-07,2.8872797137807065e-09,3.6369594632065915e-08,8.668182581374512e-11,2.594844241195297e-10,2.0416478063433218e-09,7.428355249472037e-09,1.8445455911867423e-08,3.488785296649864e-08,1.7666673131236546e-07,-1.0,-1.0,-1.0,4.474749285928817e-08,-1.0,-1.0,-1.0,-1.0,-1.0,-1.0,-1.0,-1.0,-1.0,1.6774359309356828e-08,1.4236410742044726e-07,6.471064287397708e-08,2.7582126061446296e-07,2.2137291982064308e-07,3.68365403542672e-07,3.7828783745316175e-07,2.946949697201725e-07,3.023576458340546e-07,2.2908786211183383e-07,1.3668391667457318e-08,1.3931849567673388e-07,6.278053781572948e-08,2.9887862239227313e-09,2.3614166372337746e-07,2.3156500189145746e-08,1.5861413820324192e-07,6.27678879421241e-08,2.65281131269084e-09,3.998186182695292e-09,2.4571813154586864e-07,6.6028324875747455e-09,3.010413993259253e-08,-1.0,-1.0,-1.0,-1.0
1.9100000000000001,3.660991345068498e-07,3.735398491709728e-07,2.9211036111126e-07,-1.0,-1.0,-1.0,-1.0,-1.0,-1.0,-1.0,-1.0,-1.0,3.7476065990939533e-07,-1.0,-1.0,2.8383993224162366e-07,-1.0,-1.0,-1.0,1.673150205874843e-07,3.711558220651678e-07,2.926114955024422e-07,8.399092343829832e-08,2.8513569745497008e-08,1.5926386505903508e-07,3.47807738250631e-11,7.05267353582962e-11,1.639654848366004e-07,7.604747695824239e-08,8.841804602935182e-09,3.665338206240802e-07,2.1522417721989444e-07,3.668099799871555e-07,2.8962294686083944e-07,-1.0,-1.0,-1.0,1.0377648911933202e-07,2.7632181859085185e-09,3.5405597652073544e-08,8.213203225968803e-11,2.451090084752485e-10,1.9491359530593586e-09,7.153309706002453e-09,1.7866283447887455e-08,3.3970743288445716e-08,1.739849650853589e-07,-1.0,-1.0,-1.0,4.373101645836135e-08,-1.0,-1.0,-1.0,-1.0,-1.0,-1.0,-1.0,-1.0,-1.0,1.625021508952776e-08,1.3992862049455504e-07,6.324167279394839e-08,2.7263296501898464e-07,2.1836484394920227e-07,3.6660855778500153e-07,3.7554801035681615e-07,2.9374105582186823e-07,2.991435186149966e-07,2.2604373641381512e-07,1.3223262643620224e-08,1.3691279810205888e-07,6.133713875377208e-08,2.8607758870665018e-09,2.3308189857009933e-07,2.248865855210429e-08,1.5603459633156977e-07,6.133798023785427e-08,2.536855884850159e-09,3.8341871498727654e-09,2.426215963499096e-07,6.3547029877387275e-09,2.9278528035719335e-08,-1.0,-1.0,-1.0,-1.0
1.92,3.643633283601811e-07,3.7079075518452103e-07,2.911718231494201e-07,-1.0,-1.0,-1.0,-1.0,-1.0,-1.0,-1.0,-1.0,-1.0,3.720834361102405e-07,-1.0,-1.0,2.829580878687967e-07,-1.0,-1.0,-1.0,1.646865814244891e-07,3.6839530132704767e-07,2.916684643845251e-07,8.247414936189571e-08,2.7768629910625193e-08,1.5679863983137868e-07,3.233870181435357e-11,6.639185696809676e-11,1.613591301373085e-07,7.442935080634245e-08,8.532303458699996e-09,3.6478576625266005e-07,2.1232868430846096e-07,3.6406920026260627e-07,2.886888426525547e-07,-1.0,-1.0,-1.0,1.0183533966936195e-07,2.6444987451677773e-09,3.446741968804551e-08,7.783867852271547e-11,2.315346703218033e-10,1.8608219936560293e-09,6.8884678440302785e-09,1.730529668019897e-08,3.307814946426219e-08,1.7134473683260543e-07,-1.0,-1.0,-1.0,4.273901307862124e-08,-1.0,-1.0,-1.0,-1.0,-1.0,-1.0,-1.0,-1.0,-1.0,1.5742602895288507e-08,1.3753507732116655e-07,6.180632143357865e-08,2.6948160589350065e-07,2.15397785974389e-07,3.648601403775487e-07,3.728281122007744e-07,2.927902397781039e-07,2.9596363690525505e-07,2.2304018496771063e-07,1.2792753914889873e-08,1.3454892673351237e-07,5.992712251207755e-08,2.7382567964393525e-09,2.300620948455407e-07,2.1840385481133358e-08,1.5349731421957888e-07,5.994101577084695e-08,2.4259747121937224e-09,3.6769185820684334e-09,2.3956437818975217e-07,6.11592993808901e-09,2.8475877635609848e-08,-1.0,-1.0,-1.0,-1.0
1.9300000000000002,3.626357928728474e-07,3.680620473042637e-07,2.902363099584224e-07,-1.0,-1.0,-1.0,-1.0,-1.0,-1.0,-1.0,-1.0,-1.0,3.694256185267803e-07,-1.0,-1.0,2.8207899657513903e-07,-1.0,-1.0,-1.0,1.620997636097584e-07,3.6565551065734037e-07,2.907284838142048e-07,8.098691425798891e-08,2.7043749072412502e-08,1.5437300506331028e-07,3.0068267457415486e-11,6.25015586513396e-11,1.5879448349307637e-07,7.284609573635915e-08,8.233736095630914e-09,3.6304609940186276e-07,2.0947295314504097e-07,3.6134942373233533e-07,2.8775779030893606e-07,-1.0,-1.0,-1.0,9.99314988706241e-08,2.5308908573128155e-09,3.355436230378604e-08,7.378639335861824e-11,2.1871649769274208e-10,1.7765151682286264e-09,6.633450393254857e-09,1.6761924583330237e-08,3.220940483972038e-08,1.6874539070055393e-07,-1.0,-1.0,-1.0,4.177085899516979e-08,-1.0,-1.0,-1.0,-1.0,-1.0,-1.0,-1.0,-1.0,-1.0,1.525099615111925e-08,1.3518275069657818e-07,6.040381295073118e-08,2.66366754405643e-07,2.1247118462039774e-07,3.6312011064809706e-07,3.701279973930585e-07,2.918425114956981e-07,2.928176350225686e-07,2.2007666530437483e-07,1.2376381028198885e-08,1.322261494121025e-07,5.854971233474149e-08,2.6209930171422526e-09,2.2708172669014906e-07,2.1211098272248084e-08,1.5100159443489877e-07,5.857622668084998e-08,2.3199454850388714e-09,3.526104120610434e-09,2.3654597426361488e-07,5.886159331745189e-09,2.769554136994865e-08,-1.0,-1.0,-1.0,-1.0
1.94,3.609164884430367e-07,3.6535357316219084e-07,2.8930381175973644e-07,-1.0,-1.0,-1.0,-1.0,-1.0,-1.0,-1.0,-1.0,-1.0,3.667870644251011e-07,-1.0,-1.0,2.8120264972404205e-07,-1.0,-1.0,-1.0,1.595539028447881e-07,3.6293629280034316e-07,2.8979154388667487e-07,7.952859265056134e-08,2.6338368290936123e-08,1.519863012473801e-07,2.795739489768379e-11,5.884122718294648e-11,1.5627087309947616e-07,7.129695082377042e-08,7.945712825116638e-09,3.6131477958256154e-07,2.0665642649613124e-07,3.58650485359462e-07,2.8682977973209314e-07,-1.0,-1.0,-1.0,9.806423026030468e-08,2.422173959007224e-09,3.2665746137314974e-08,6.996077252330616e-11,2.0661211249990524e-10,1.696033397832445e-09,6.387892208040661e-09,1.623561406198551e-08,3.1363861205267345e-08,1.6618628137825867e-07,-1.0,-1.0,-1.0,4.0825947262941127e-08,-1.0,-1.0,-1.0,-1.0,-1.0,-1.0,-1.0,-1.0,-1.0,1.4774885225129292e-08,1.3287092610938395e-07,5.903338956053453e-08,2.6328798671217956e-07,2.09584486318506e-07,3.6138842812184315e-07,3.674475214100235e-07,2.9089786091446133e-07,2.897051511978165e-07,2.1715264222979375e-07,1.1973675728653135e-08,1.2994374688107305e-07,5.7204149650554694e-08,2.5087587680712704e-09,2.2414027521397475e-07,2.060023185626169e-08,1.4854675113960756e-07,5.7242863219957275e-08,2.2185556448888358e-09,3.381478760178196e-09,2.3356588824355125e-07,5.6650506006808385e-09,2.693689036964084e-08,-1.0,-1.0,-1.0,-1.0
1.9500000000000002,3.592053756594896e-07,3.6266518153836985e-07,2.8837431880654173e-07,-1.0,-1.0,-1.0,-1.0,-1.0,-1.0,-1.0,-1.0,-1.0,3.641676321363186e-07,-1.0,-1.0,2.803290387061204e-07,-1.0,-1.0,-1.0,1.5704834551645219e-07,3.602374917059401e-07,2.8885763472940786e-07,7.80985735320322e-08,2.5651944795741058e-08,1.4963788025491848e-07,2.5994858812038766e-11,5.539713245715899e-11,1.5378763804188116e-07,6.978117195080668e-08,7.667857965357329e-09,3.5959176650225576e-07,2.0387855509500438e-07,3.559722214358843e-07,2.859048008579586e-07,-1.0,-1.0,-1.0,9.623281229508502e-08,2.3181370255768207e-09,3.1800910375189696e-08,6.634831574535813e-11,1.9518152663272147e-10,1.6192028888645714e-09,6.151441740380375e-09,1.5725829388033525e-08,3.054088827677977e-08,1.6366677392510358e-07,-1.0,-1.0,-1.0,3.9903687242115554e-08,-1.0,-1.0,-1.0,-1.0,-1.0,-1.0,-1.0,-1.0,-1.0,1.4313776878159641e-08,1.3059890151748488e-07,5.769431111149921e-08,2.602448839008511e-07,2.0673714510087922e-07,3.596650525204328e-07,3.6478654078848155e-07,2.8995627800708764e-07,2.8662582753305824e-07,2.1426758772721504e-07,1.1584185412946334e-08,1.2770101255704754e-07,5.5889693644644944e-08,2.401337984195073e-09,2.2123722840366916e-07,2.0007238256457706e-08,1.461321098960852e-07,5.594019332018806e-08,2.1216019562024583e-09,3.2427883821465746e-09,2.3062363019155936e-07,5.452276103872569e-09,2.6199313723821105e-08,-1.0,-1.0,-1.0,-1.0
1.96,3.575024153005778e-07,3.5999672235222485e-07,2.8744782138362464e-07,-1.0,-1.0,-1.0,-1.0,-1.0,-1.0,-1.0,-1.0,-1.0,3.6156718104852066e-07,-1.0,-1.0,2.794581549391266e-07,-1.0,-1.0,-1.0,1.5458244852381318e-07,3.575589525202588e-07,2.879267465020504e-07,7.669625999778673e-08,2.4983951499290514e-08,1.473271051332139e-07,2.417022443859079e-11,5.2156373427479946e-11,1.513441281178605e-07,6.829803143088431e-08,7.399809333839708e-09,3.5787702006411136e-07,2.0113879752557348e-07,3.533144695713296e-07,2.849828436561741e-07,-1.0,-1.0,-1.0,9.443653804127616e-08,2.2185781575449628e-09,3.095921224144147e-08,6.293636791030312e-11,1.843870062861061e-10,1.5458577555014227e-09,5.923760532561065e-09,1.5232051655175144e-08,2.9739873191190013e-08,1.6118624360138482e-07,-1.0,-1.0,-1.0,3.900350413757782e-08,-1.0,-1.0,-1.0,-1.0,-1.0,-1.0,-1.0,-1.0,-1.0,1.3867193730987221e-08,1.28365987129043e-07,5.6385854671670524e-08,2.5723703193288955e-07,2.039286224958451e-07,3.579499437610023e-07,3.621449131178879e-07,2.8901775277904693e-07,2.835793099600255e-07,2.1142098086059927e-07,1.1207472601389143e-08,1.2549725230525941e-07,5.4605620840272795e-08,2.2985238977351464e-09,2.1837208103073337e-07,1.943158606320458e-08,1.4375700747614126e-07,5.4667502171516e-08,2.0288900969928966e-09,3.1097893071206987e-09,2.277187164767865e-07,5.247520635007685e-09,2.5482217960525802e-08,-1.0,-1.0,-1.0,-1.0
1.9700000000000002,3.558075683333871e-07,3.573480466538785e-07,2.8652430980727546e-07,-1.0,-1.0,-1.0,-1.0,-1.0,-1.0,-1.0,-1.0,-1.0,3.589855715987679e-07,-1.0,-1.0,2.7858998986786405e-07,-1.0,-1.0,-1.0,1.5215557910775737e-07,3.5490052157639964e-07,2.8699886939631723e-07,7.532106889072807e-08,2.4333876525647665e-08,1.4505334990641199e-07,2.247379183808075e-11,4.910682740388169e-11,1.4893970366248598e-07,6.684681764152425e-08,7.14121775834241e-09,3.56170500366004e-07,1.9843662010798007e-07,3.5067706868249486e-07,2.8406389812997495e-07,-1.0,-1.0,-1.0,9.267471487154213e-08,2.1233041851320133e-09,3.014002650071583e-08,5.971306417027073e-11,1.7419294404301147e-10,1.4758396593667158e-09,5.7045227287952065e-09,1.4753778250734304e-08,2.8960220016549422e-08,1.5874407570170133e-07,-1.0,-1.0,-1.0,3.812483855198633e-08,-1.0,-1.0,-1.0,-1.0,-1.0,-1.0,-1.0,-1.0,-1.0,1.3434673749028955e-08,1.2617150518730628e-07,5.510731412457688e-08,2.542640215862058e-07,2.0115838742461477e-07,3.562430619552234e-07,3.595224970325812e-07,2.880822752684773e-07,2.805652481990583e-07,2.0861230767937306e-07,1.0843114427912725e-08,1.2333178421879355e-07,5.335122469053678e-08,2.2001186374308107e-09,2.155443345609969e-07,1.8872759924974347e-08,1.4142079167336056e-07,5.3424091810091195e-08,1.940234267426284e-09,2.9822478658717876e-09,2.2485066969381135e-07,5.050480949000375e-09,2.478502654256355e-08,-1.0,-1.0,-1.0,-1.0
1.98,3.54120795912806e-07,3.547190066155651e-07,2.856037744251862e-07,-1.0,-1.0,-1.0,-1.0,-1.0,-1.0,-1.0,-1.0,-1.0,3.5642266526516e-07,-1.0,-1.0,2.7772453496410244e-07,-1.0,-1.0,-1.0,1.4976711468341563e-07,3.522620463852383e-07,2.860739936358871e-07,7.397243045555676e-08,2.370122275389467e-08,1.4281599938006971e-07,2.089654408967707e-11,4.62371024954418e-11,1.4657373537650682e-07,6.54268346655643e-08,6.8917466057906465e-09,3.5447216769956954e-07,1.957714967858828e-07,3.4805985898228306e-07,2.831479543160775e-07,-1.0,-1.0,-1.0,9.094666416807128e-08,2.03213028993672e-09,2.9342744975220278e-08,5.6667278712366356e-11,1.6456573826521302e-10,1.4089974656424933e-09,5.493414605106644e-09,1.4290522344035481e-08,2.8201349276109657e-08,1.5633966539110945e-07,-1.0,-1.0,-1.0,3.7267146052035496e-08,-1.0,-1.0,-1.0,-1.0,-1.0,-1.0,-1.0,-1.0,-1.0,1.3015769743965675e-08,1.2401478975924033e-07,5.3857999774741585e-08,2.513254483992432e-07,1.9842591609943345e-07,3.5454436740835507e-07,3.569191522040846e-07,2.87149835546078e-07,2.775832957184856e-07,2.0584106112446896e-07,1.0490702147429655e-08,1.2120393840176829e-07,5.212581517975456e-08,2.1059328451069492e-09,2.127534970653148e-07,1.8330260055246453e-08,1.3912282111861368e-07,5.2209280716407455e-08,1.8554568156281205e-09,2.859939987917068e-09,2.2201901858199373e-07,4.8608653065959636e-09,2.4107179378135475e-08,-1.0,-1.0,-1.0,-1.0
1.9900000000000002,3.5244205938061606e-07,3.5210945552310455e-07,2.84686205616348e-07,-1.0,-1.0,-1.0,-1.0,-1.0,-1.0,-1.0,-1.0,-1.0,3.538783245589591e-07,-1.0,-1.0,2.768617817264909e-07,-1.0,-1.0,-1.0,1.4741644267531538e-07,3.496433756262981e-07,2.851521094762972e-07,7.264978800248983e-08,2.308550737580861e-08,1.4061444894929082e-07,1.9430099143117924e-11,4.3536493000156735e-11,1.4424560415734005e-07,6.403740194047297e-08,6.651071328303307e-09,3.52781982549256e-07,1.9314290901541702e-07,3.454626819691244e-07,2.822350022845649e-07,-1.0,-1.0,-1.0,8.925172103205174e-08,1.944879643051097e-09,2.8566776075090194e-08,5.378857693745345e-11,1.5547367937177148e-10,1.3451869148716302e-09,5.290134116787355e-09,1.3841812390845718e-08,2.7462697486012687e-08,1.5397241754399008e-07,-1.0,-1.0,-1.0,3.642989674750427e-08,-1.0,-1.0,-1.0,-1.0,-1.0,-1.0,-1.0,-1.0,-1.0,1.261004889172338e-08,1.2189518652789302e-07,5.2637237962527123e-08,2.484209126154843e-07,1.9573069192313635e-07,3.528538206182971e-07,3.543347393334601e-07,2.8622042371500283e-07,2.746331096944371e-07,2.0310674093563125e-07,1.0149840659955312e-08,1.1911305675638467e-07,5.0928718434286294e-08,2.0157853087957802e-09,2.0999908313146005e-07,1.780360175479229e-08,1.3686246509867554e-07,5.102240342316975e-08,1.7743878799397405e-09,2.7426508070175882e-09,2.192232979458725e-07,4.67839303636947e-09,2.3448132345767407e-08,-1.0,-1.0,-1.0,-1.0
2.0,3.5077132026458983e-07,3.4951924776744567e-07,2.8377159379094985e-07,-1.0,-1.0,-1.0,-1.0,-1.0,-1.0,-1.0,-1.0,-1.0,3.5135241301677607e-07,-1.0,-1.0,2.7600172168047475e-07,-1.0,-1.0,-1.0,1.451029603552274e-07,3.47044359138698e-07,2.8423320720484034e-07,7.135259758014427e-08,2.2486261467333515e-08,1.3844810441038035e-07,1.8066665068829637e-11,4.0994937556409636e-11,1.4195470093283537e-07,6.267785391558271e-08,6.418879025801266e-09,3.5109990559138256e-07,1.9055034565580497e-07,3.428853804163927e-07,2.8132503213877414e-07,-1.0,-1.0,-1.0,8.758923399931832e-08,1.8613830588934617e-09,2.7811544341799607e-08,5.106717081810602e-11,1.4688684260904041e-10,1.2842703097349416e-09,5.094390462767578e-09,1.340719165337797e-08,2.6743716706195452e-08,1.5164174658558898e-07,-1.0,-1.0,-1.0,3.561257488270011e-08,-1.0,-1.0,-1.0,-1.0,-1.0,-1.0,-1.0,-1.0,-1.0,1.2217092266270346e-08,1.1981205258843243e-07,5.1444370688092316e-08,2.455500191286083e-07,1.9307220539009597e-07,3.5117138227465146e-07,3.517691201437239e-07,2.852940299107532e-07,2.717143509710924e-07,2.00408853559974e-07,9.820148050915076e-09,1.1705849277377796e-07,4.975927634257804e-08,1.9295026116969828e-09,2.0728061377720232e-07,1.729231494885435e-08,1.346391033779036e-07,4.9862810132627135e-08,1.696865046901004e-09,2.63017428289819e-09,2.1646304857660393e-07,4.502794113452503e-09,2.280735683313217e-08,-1.0,-1.0,-1.0,-1.0
2.0100000000000002,3.4910854027759083e-07,3.4694823883627175e-07,2.828599293902769e-07,-1.0,-1.0,-1.0,-1.0,-1.0,-1.0,-1.0,-1.0,-1.0,3.488447951928155e-07,-1.0,-1.0,2.7514434637820895e-07,-1.0,-1.0,-1.0,1.4282607468265656e-07,3.4446484791216693e-07,2.8331727714045944e-07,7.008032765731447e-08,2.190302957340003e-08,1.3631638177594787e-07,1.6798998465924595e-11,3.860297988243718e-11,1.3970042649776436e-07,6.134753971705983e-08,6.194868024567726e-09,3.4942589769320247e-07,1.8799330286158637e-07,3.403277983619067e-07,2.8041803401518347e-07,-1.0,-1.0,-1.0,8.595856476203322e-08,1.7814786640751131e-09,2.7076490004249383e-08,4.8493877220363656e-11,1.3877698693900014e-10,1.2261162161185162e-09,4.905903666265538e-09,1.2986217735366097e-08,2.6043874104123445e-08,1.4934707633618002e-07,-1.0,-1.0,-1.0,3.4814678439916707e-08,-1.0,-1.0,-1.0,-1.0,-1.0,-1.0,-1.0,-1.0,-1.0,1.1836494388704749e-08,1.1776475624778648e-07,5.027875524424227e-08,2.427123774282867e-07,1.904499539885362e-07,3.49497013257785e-07,3.4922215737231343e-07,2.8437064430107284e-07,2.6882668402135285e-07,1.9774691206177134e-07,9.501255147080985e-09,1.1503961132859761e-07,4.86168461842032e-08,1.8469187962909834e-09,2.0459761636455094e-07,1.679594373874775e-08,1.3245212602291942e-07,4.8729866343137994e-08,1.6227330242668737e-09,2.5223128385219904e-09,2.1373781717442116e-07,4.333808754347104e-09,2.2184339289349857e-08,-1.0,-1.0,-1.0,-1.0
2.02,3.474536813166791e-07,3.4439628530567144e-07,2.81951202886609e-07,-1.0,-1.0,-1.0,-1.0,-1.0,-1.0,-1.0,-1.0,-1.0,3.463553366511802e-07,-1.0,-1.0,2.7428964739847457e-07,-1.0,-1.0,-1.0,1.405852021479366e-07,3.41904694078132e-07,2.8240430963364555e-07,6.883245881338488e-08,2.133536930566164e-08,1.3421870709339734e-07,1.5620365804973564e-11,3.6351731941257323e-11,1.3748219135299245e-07,6.00458228204357e-08,5.978747471175034e-09,3.4775991991197037e-07,1.854712839764497e-07,3.3778978109752304e-07,2.7951399808330044e-07,-1.0,-1.0,-1.0,8.435908789627197e-08,1.7050115806463338e-09,2.6361068547179216e-08,4.606007898871412e-11,1.3111745969435008e-10,1.1705991778184608e-09,4.72440417110756e-09,1.2578462131739015e-08,2.5362651530981686e-08,1.4708783985781062e-07,-1.0,-1.0,-1.0,3.403571875453857e-08,-1.0,-1.0,-1.0,-1.0,-1.0,-1.0,-1.0,-1.0,-1.0,1.146786279112663e-08,1.1575267682782521e-07,4.9139763857960945e-08,2.3990760154661425e-07,1.8786344210419837e-07,3.4783067463789953e-07,3.466937147636139e-07,2.8345025708584144e-07,2.6596977690793845e-07,1.9512043603346628e-07,9.192805087602145e-09,1.1305578847725403e-07,4.7500800267689e-08,1.767875042950303e-09,2.019496245151508e-07,1.6314045967428315e-08,1.3030093323024578e-07,4.762295248474338e-08,1.5518433283963419e-09,2.4188770122796415e-09,2.1104715627210646e-07,4.171187027210541e-09,2.157858079036883e-08,-1.0,-1.0,-1.0,-1.0
2.0300000000000002,3.458067054622207e-07,3.4186324483187273e-07,2.810454047831204e-07,-1.0,-1.0,-1.0,-1.0,-1.0,-1.0,-1.0,-1.0,-1.0,3.43883903958235e-07,-1.0,-1.0,2.7343761634659394e-07,-1.0,-1.0,-1.0,1.3837976861788508e-07,3.393637509008746e-07,2.814942950663338e-07,6.76084834371246e-08,2.0782850952729355e-08,1.3215451626673782e-07,1.4524507498225193e-11,3.423283937889574e-11,1.352994155472862e-07,5.877208073052613e-08,5.77023694121325e-09,3.461019334940142e-07,1.8298379942863618e-07,3.3527117515881474e-07,2.786129145455492e-07,-1.0,-1.0,-1.0,8.279019059538514e-08,1.6318336230957184e-09,2.5664750291557527e-08,4.3757688607478504e-11,1.2388310666912236e-10,1.117599444259942e-09,4.54963245313167e-09,1.2183509792435029e-08,2.4699545109960567e-08,1.4486347930358437e-07,-1.0,-1.0,-1.0,3.327522014143547e-08,-1.0,-1.0,-1.0,-1.0,-1.0,-1.0,-1.0,-1.0,-1.0,1.1110817594803846e-08,1.1377520447201894e-07,4.80267833404179e-08,2.3713531000516322e-07,1.8531218092533726e-07,3.461723276741048e-07,3.441836570615372e-07,2.825328584969694e-07,2.631433012449012e-07,1.9252895150787825e-07,8.894452909610698e-09,1.1110641125976221e-07,4.6410525576917755e-08,1.692219362421963e-09,1.9933617802681213e-07,1.5846192798585118e-08,1.2818493515684735e-07,4.654146356352785e-08,1.4840539853811288e-09,2.3196851244796608e-09,2.0839062415945868e-07,4.014688477018271e-09,2.098959661704e-08,-1.0,-1.0,-1.0,-1.0
2.04,3.441675749770014e-07,3.3934897614304223e-07,2.80142525613779e-07,-1.0,-1.0,-1.0,-1.0,-1.0,-1.0,-1.0,-1.0,-1.0,3.414303646750294e-07,-1.0,-1.0,2.72588244854347e-07,-1.0,-1.0,-1.0,1.3620920918397634e-07,3.3684187276875657e-07,2.805872238518004e-07,6.640790543362071e-08,2.0245057102501715e-08,1.3012325488165505e-07,1.3505604504612766e-11,3.22384490934614e-11,1.331515285217159e-07,5.752570466857129e-08,5.569066062277284e-09,3.44451899873812e-07,1.8053036662789556e-07,3.327718283148366e-07,2.7771477363716e-07,-1.0,-1.0,-1.0,8.125127240901146e-08,1.5618030085043107e-09,2.4987019986614815e-08,4.157911426458415e-11,1.1705018733276252e-10,1.0670027106360395e-09,4.381338646110188e-09,1.1800958699912765e-08,2.4054064836286024e-08,1.426734457694392e-07,-1.0,-1.0,-1.0,3.253271953230236e-08,-1.0,-1.0,-1.0,-1.0,-1.0,-1.0,-1.0,-1.0,-1.0,1.0764991102158977e-08,1.1183173995551357e-07,4.6939214745248296e-08,2.3439512576265796e-07,1.8279568834903157e-07,3.44521933813497e-07,3.4169185000215816e-07,2.8161843879829303e-07,2.6034693215955286e-07,1.8997199087159676e-07,8.605865147903868e-09,1.0919087750512048e-07,4.534542342589957e-08,1.6198063015813022e-09,1.9675682279116227e-07,1.5391968308830455e-08,1.2610355175352712e-07,4.548480881455398e-08,1.4192292453095843e-09,2.2245629575516082e-09,2.057677848087461e-07,3.864081765035388e-09,2.041691584551018e-08,-1.0,-1.0,-1.0,-1.0
2.0500000000000003,3.42536252305345e-07,3.368533390311437e-07,2.7924255594324605e-07,-1.0,-1.0,-1.0,-1.0,-1.0,-1.0,-1.0,-1.0,-1.0,3.3899458734977724e-07,-1.0,-1.0,2.71741524579887e-07,-1.0,-1.0,-1.0,1.34072968012991e-07,3.3433891518551477e-07,2.7968308643456093e-07,6.523023993911247e-08,1.9721582276199777e-08,1.2812437803377987e-07,1.2558247290511695e-11,3.036117880169477e-11,1.3103796895660754e-07,5.630609926643043e-08,5.374974150688945e-09,3.428097806730728e-07,1.7811050986396828e-07,3.30291589557978e-07,2.7681956562605706e-07,-1.0,-1.0,-1.0,7.9741744987619e-08,1.4947840792820133e-09,2.4327376413193902e-08,3.951722815562492e-11,1.105962948736574e-10,1.0186998698990267e-09,4.219282181647667e-09,1.1430419459928253e-08,2.3425734188652934e-08,1.4051719914837843e-07,-1.0,-1.0,-1.0,3.180776612360994e-08,-1.0,-1.0,-1.0,-1.0,-1.0,-1.0,-1.0,-1.0,-1.0,1.0430027402119176e-08,1.0992169449855944e-07,4.58764730349079e-08,2.3168667616325924e-07,1.803134888887878e-07,3.428794546902406e-07,3.3921816030640346e-07,2.8070698828546975e-07,2.575803482548008e-07,1.8744909277954162e-07,8.326719448219264e-09,1.0730859564015893e-07,4.430490912171601e-08,1.5504966618833777e-09,1.942111107124006e-07,1.4950969092572882e-08,1.240562126011282e-07,4.445241136316062e-08,1.357239309087741e-09,2.1333434493979087e-09,2.0317820780112962e-07,3.7191443220484374e-09,1.9860080949570054e-08,-1.0,-1.0,-1.0,-1.0
2.06,3.409127000722359e-07,3.343761943438628e-07,2.783454863667769e-07,-1.0,-1.0,-1.0,-1.0,-1.0,-1.0,-1.0,-1.0,-1.0,3.3657644151039534e-07,-1.0,-1.0,2.708974472076574e-07,-1.0,-1.0,-1.0,1.3197049820010247e-07,3.3185473476162414e-07,2.7878187329026753e-07,6.407501304349837e-08,1.9212032573730333e-08,1.2615735016009614e-07,1.1677406979874314e-11,2.8594088478103747e-11,1.2895818462100447e-07,5.511268226767188e-08,5.1877098614500665e-09,3.411755376998225e-07,1.757237602065723e-07,3.278303090939e-07,2.759272808127486e-07,-1.0,-1.0,-1.0,7.82610318324558e-08,1.4306470379388337e-09,2.3685331998101174e-08,3.756533687720642e-11,1.0450028079510212e-10,9.725867760627388e-10,4.063231442531221e-09,1.1071514905161925e-08,2.281408975173151e-08,1.383942079871147e-07,-1.0,-1.0,-1.0,3.109992103484334e-08,-1.0,-1.0,-1.0,-1.0,-1.0,-1.0,-1.0,-1.0,-1.0,1.0105581988387018e-08,1.0804448958323696e-07,4.4837986754911665e-08,2.290095928854533e-07,1.7786511358342237e-07,3.412448521246565e-07,3.367624556727959e-07,2.797984972858736e-07,2.5484323157188953e-07,1.8495980207067723e-07,8.056704193637835e-09,1.0545898450179726e-07,4.328841163544115e-08,1.4841572299631138e-09,1.916985996271456e-07,1.452280387917341e-08,1.2204235674949578e-07,4.3443707894421785e-08,1.2979600672650613e-09,2.04586639935352e-09,2.0062146825404523e-07,3.5796620148309094e-09,1.9318647414604472e-08,-1.0,-1.0,-1.0,-1.0
2.07,3.392968810824456e-07,3.3191740397659037e-07,2.774513075101205e-07,-1.0,-1.0,-1.0,-1.0,-1.0,-1.0,-1.0,-1.0,-1.0,3.3417579765709766e-07,-1.0,-1.0,2.7005600444830884e-07,-1.0,-1.0,-1.0,1.29901261624358e-07,3.293891892057276e-07,2.7788357492560726e-07,6.294176152029215e-08,1.871602533001265e-08,1.2422164487342704e-07,1.0858408539130881e-11,2.693065354973667e-11,1.2691163222459548e-07,5.394488423539986e-08,5.007030850941084e-09,3.395491329474937e-07,1.7336965540687105e-07,3.2538783833155656e-07,2.7503790953021567e-07,-1.0,-1.0,-1.0,7.680856805079129e-08,1.3692676933672782e-09,2.3060412439150513e-08,3.5717153768896774e-11,9.874218380268814e-11,9.285640182993611e-10,3.912963429029579e-09,1.0723879711291712e-08,2.221868084942524e-08,1.3630394934508424e-07,-1.0,-1.0,-1.0,3.0408756976714386e-08,-1.0,-1.0,-1.0,-1.0,-1.0,-1.0,-1.0,-1.0,-1.0,9.79132139020448e-09,1.0619955677341751e-07,4.3823197715766916e-08,2.2636351189153696e-07,1.7545009990720123e-07,3.3961808812231237e-07,3.343246047702511e-07,2.788929561584915e-07,2.5213526755354076e-07,1.8250366968486184e-07,7.795518143664531e-09,1.036414731526485e-07,4.2295373280849224e-08,1.4206605198589897e-09,1.892188532253554e-07,1.4107093161996497e-08,1.2006143255915012e-07,4.2458148330566165e-08,1.2412728503366198e-09,1.9619781862347155e-09,1.9809714674953128e-07,3.4454288253355378e-09,1.8792183362802054e-08,-1.0,-1.0,-1.0,-1.0
2.08,3.376887583196636e-07,3.2947683086446944e-07,2.765600100294213e-07,-1.0,-1.0,-1.0,-1.0,-1.0,-1.0,-1.0,-1.0,-1.0,3.317925272550479e-07,-1.0,-1.0,2.692171880386155e-07,-1.0,-1.0,-1.0,1.2786472880651812e-07,3.269421373161342e-07,2.7698818187820054e-07,6.183003256381392e-08,1.8233188781916888e-08,1.2231674479994379e-07,1.0096905853179283e-11,2.5364739737070554e-11,1.248977772720707e-07,5.2802148266666075e-08,4.832703451897751e-09,3.379305285940209e-07,1.7104773980040068e-07,3.2296402987330143e-07,2.74151442143803e-07,-1.0,-1.0,-1.0,7.538380011633562e-08,1.3105272181351811e-09,2.245215634060157e-08,3.396677307272142e-11,9.330316273718612e-11,8.865367053377004e-10,3.768263437656451e-09,1.0387160025121742e-08,2.1639069188569524e-08,1.3424590865579465e-07,-1.0,-1.0,-1.0,2.973385792904537e-08,-1.0,-1.0,-1.0,-1.0,-1.0,-1.0,-1.0,-1.0,-1.0,9.48692281519724e-09,1.0438633753790491e-07,4.2831560682419063e-08,2.2374807337769358e-07,1.730679916812228e-07,3.379991248731196e-07,3.319044772309293e-07,2.779903552938193e-07,2.4945614500749127e-07,1.8008025258082028e-07,7.542870085552725e-09,1.0185550069991106e-07,4.132524940072409e-08,1.3598845263579537e-09,1.8677144097231103e-07,1.3703468838981197e-08,1.1811289754562653e-07,4.149519551616436e-08,1.1870641900168828e-09,1.881531497979807e-09,1.9560482926349043e-07,3.3162465421264273e-09,1.828026918929252e-08,-1.0,-1.0,-1.0,-1.0
2.09,3.3608829494563303e-07,3.270543389745023e-07,2.756715846111196e-07,-1.0,-1.0,-1.0,-1.0,-1.0,-1.0,-1.0,-1.0,-1.0,3.2942650272706775e-07,-1.0,-1.0,2.683809897413925e-07,-1.0,-1.0,-1.0,1.2586037876921294e-07,3.245134389723833e-07,2.7609568471650015e-07,6.073938353340666e-08,1.776316174547325e-08,1.2044214141963915e-07,9.388858558941827e-12,2.389057943843326e-11,1.229160939198633e-07,5.1683929713315014e-08,4.664502360215659e-09,3.3631968700093874e-07,1.6875756421143468e-07,3.20558737505077e-07,2.732678690511088e-07,-1.0,-1.0,-1.0,7.398618563472375e-08,1.2543119163099796e-09,2.1860114858701258e-08,3.2308645788086224e-11,8.816543332117913e-11,8.464142596924579e-10,3.6289247519315964e-09,1.006101310438786e-08,2.10748285127683e-08,1.3221957959046443e-07,-1.0,-1.0,-1.0,2.9074818828029656e-08,-1.0,-1.0,-1.0,-1.0,-1.0,-1.0,-1.0,-1.0,-1.0,9.192073803899534e-09,1.0260428307669876e-07,4.186254307102994e-08,2.211629217246514e-07,1.707183389860245e-07,3.363879247504334e-07,3.295019436431383e-07,2.770906851137588e-07,2.468055560704212e-07,1.776891136552216e-07,7.298478497453025e-09,1.0010051611748832e-07,4.0377508060589333e-08,1.3017124889808628e-09,1.843559380316451e-07,1.3311573864368757e-08,1.1619621822643605e-07,4.055432491089371e-08,1.135225591002357e-09,1.8043850724048971e-09,1.9314410709587253e-07,3.191924463582369e-09,1.778249720888906e-08,-1.0,-1.0,-1.0,-1.0
2.1,3.3449545429928926e-07,3.246497932977175e-07,2.747860219718536e-07,-1.0,-1.0,-1.0,-1.0,-1.0,-1.0,-1.0,-1.0,-1.0,3.270775974463997e-07,-1.0,-1.0,2.675474013454142e-07,-1.0,-1.0,-1.0,1.2388769889937852e-07,3.221029551268741e-07,2.752060740396902e-07,5.96693817044757e-08,1.7305593303022873e-08,1.1859733490970985e-07,8.730510512407043e-12,2.250274956187705e-11,1.2096606483523875e-07,5.0589695909116694e-08,4.502210333148942e-09,3.3471657071248607e-07,1.6649868585876333e-07,3.1817181618668423e-07,2.7238718068187577e-07,-1.0,-1.0,-1.0,7.261519311395504e-08,1.2005130013563772e-09,2.1283851357046287e-08,3.0737557108346754e-11,8.331220850108195e-11,8.081102212755869e-10,3.4947483446907094e-09,9.745106968873326e-09,2.0525544266075285e-08,1.3022446392391696e-07,-1.0,-1.0,-1.0,2.8431245262584615e-08,-1.0,-1.0,-1.0,-1.0,-1.0,-1.0,-1.0,-1.0,-1.0,8.906471895573644e-09,1.0085285415032538e-07,4.0915624652914304e-08,2.1860770544891773e-07,1.6840069807539662e-07,3.347844503101577e-07,3.271168755442897e-07,2.761939360715146e-07,2.4418319617226983e-07,1.7532982166284826e-07,7.062071222981817e-09,9.837597807127844e-08,3.9451629749681974e-08,1.2460326661486256e-09,1.8197192518940316e-07,1.2931061911235121e-08,1.1431086997060204e-07,3.963502428969621e-08,1.0856533127617027e-09,1.7304034486175004e-09,1.9071457680176578e-07,3.0722791124208843e-09,1.7298471313123135e-08,-1.0,-1.0,-1.0,-1.0
2.11,3.329101998959045e-07,3.222630598413974e-07,2.739033128583606e-07,-1.0,-1.0,-1.0,-1.0,-1.0,-1.0,-1.0,-1.0,-1.0,3.2474568572952784e-07,-1.0,-1.0,2.667164146653313e-07,-1.0,-1.0,-1.0,1.219461848129363e-07,3.197105477965622e-07,2.743193404775858e-07,5.8619604026155693e-08,1.6860142499992295e-08,1.1678183399079487e-07,8.118369773845219e-12,2.119615071449902e-11,1.1904718105769331e-07,4.95189259030444e-08,4.345617898485671e-09,3.3312114245471367e-07,1.6427066826286788e-07,3.1580312204213815e-07,2.71509367497882e-07,-1.0,-1.0,-1.0,7.127030173968173e-08,1.149026383669348e-09,2.0722941071492546e-08,2.924860533299981e-11,7.87276421787756e-11,7.715420599613602e-10,3.3655425915120482e-09,9.439120062479754e-09,1.999081326623546e-08,1.282600714026917e-07,-1.0,-1.0,-1.0,2.780275317952185e-08,-1.0,-1.0,-1.0,-1.0,-1.0,-1.0,-1.0,-1.0,-1.0,8.629824304951009e-09,9.913152091218156e-08,3.9990297265464845e-08,2.1608207715458375e-07,1.6611463129138758e-07,3.331886642898547e-07,3.2474914541390785e-07,2.7530009865149134e-07,2.4158876400093544e-07,1.7300195113784276e-07,6.833385156818974e-09,9.668135474757805e-08,3.854710708899833e-08,1.192738119089168e-09,1.7961898877912425e-07,1.2561597044488105e-08,1.1245633685073067e-07,3.873679345015008e-08,1.0382481609122556e-09,1.6594567286496765e-09,1.8831584012338706e-07,2.95713396110987e-09,1.6827806637268637e-08,-1.0,-1.0,-1.0,-1.0
2.12,3.3133249542623443e-07,3.198940056213646e-07,2.730234480473797e-07,-1.0,-1.0,-1.0,-1.0,-1.0,-1.0,-1.0,-1.0,-1.0,3.2243064282905113e-07,-1.0,-1.0,2.6588802154158877e-07,-1.0,-1.0,-1.0,1.200353402216771e-07,3.173360800547192e-07,2.7343547469053253e-07,5.7589636885413954e-08,1.6426478050983457e-08,1.1499515577601413e-07,7.54919000403523e-12,1.9965987664888235e-11,1.17158941862622e-07,4.8471110198556216e-08,4.19452307429761e-09,3.315333651345963e-07,1.620730811544672e-07,3.1345251235010005e-07,2.7063441999283275e-07,-1.0,-1.0,-1.0,6.995100115524042e-08,1.0997524673234225e-09,2.0176970784344095e-08,2.7837182156692626e-11,7.439677613894173e-11,7.366309966963019e-10,3.241122994843759e-09,9.142740925908893e-09,1.947024338720978e-08,1.2632591961533382e-07,-1.0,-1.0,-1.0,2.7188968597266932e-08,-1.0,-1.0,-1.0,-1.0,-1.0,-1.0,-1.0,-1.0,-1.0,8.361847609533869e-09,9.743976274383683e-08,3.908606452989792e-08,2.1358569348568998e-07,1.638597069804825e-07,3.316005296078577e-07,3.223986266666886e-07,2.7440916336919155e-07,2.3902196146735276e-07,1.707050823160144e-07,6.612165940957208e-09,9.50161236845427e-08,3.766344454624255e-08,1.1417265050642692e-09,1.7729672060792507e-07,1.2202853403999463e-08,1.1063211149756992e-07,3.785914392687837e-08,9.929152877612353e-10,1.5914203488902694e-09,1.8594750392295552e-07,2.846319167750133e-09,1.6370129237060592e-08,-1.0,-1.0,-1.0,-1.0
2.13,3.297623047556711e-07,3.1754249865432944e-07,2.721464183455537e-07,-1.0,-1.0,-1.0,-1.0,-1.0,-1.0,-1.0,-1.0,-1.0,3.201323449266133e-07,-1.0,-1.0,2.6506221384034493e-07,-1.0,-1.0,-1.0,1.1815467680231637e-07,3.149794160227594e-07,2.7255446736930726e-07,5.657907587740723e-08,1.6004278054882376e-08,1.1323682562275781e-07,7.019953171914967e-12,1.880775099970381e-11,1.153008546272215e-07,4.74457504987457e-08,4.048731098877194e-09,3.299532018391497e-07,1.599055003844181e-07,3.111198455343938e-07,2.6976232869225205e-07,-1.0,-1.0,-1.0,6.865679124632629e-08,1.0525959556376234e-09,1.9645538507563425e-08,2.6498954242974252e-11,7.03054899893658e-11,7.033018327639216e-10,3.1213119184317534e-09,8.855667879622657e-09,1.8963453250715725e-08,1.2442153386482832e-07,-1.0,-1.0,-1.0,2.6589527327871214e-08,-1.0,-1.0,-1.0,-1.0,-1.0,-1.0,-1.0,-1.0,-1.0,8.102267447109307e-09,9.577706809324408e-08,3.8202441575659584e-08,2.1111821507915098e-07,1.6163549941094128e-07,3.3002000936239015e-07,3.200651936456124e-07,2.735211207711141e-07,2.3648249367094803e-07,1.6843880105819665e-07,6.398167671239273e-09,9.337977160665156e-08,3.6800158157515044e-08,1.0928998795136998e-09,1.75004717883577e-07,1.1854514897553268e-08,1.0883769495701807e-07,3.7001598712824634e-08,9.495640016086272e-10,1.5261748609133162e-09,1.8360918011644274e-07,2.7396713220284264e-09,1.5925075774823623e-08,-1.0,-1.0,-1.0,-1.0
2.14,3.2819959192339756e-07,3.152084079502922e-07,2.712722145893321e-07,-1.0,-1.0,-1.0,-1.0,-1.0,-1.0,-1.0,-1.0,-1.0,3.178506691258852e-07,-1.0,-1.0,2.6423898345338906e-07,-1.0,-1.0,-1.0,1.1630371406768087e-07,3.1264042086212714e-07,2.7167630923501814e-07,5.5587525581911336e-08,1.559322971869795e-08,1.1150637698717122e-07,6.527853481102839e-12,1.7717199900362955e-11,1.1347243469858736e-07,4.6442359457225703e-08,3.908054170488358e-09,3.283806158345511e-07,1.5776750783494594e-07,3.088049811545981e-07,2.6889308415337515e-07,-1.0,-1.0,-1.0,6.73871819302065e-08,1.0074656651726726e-09,1.9128253174749973e-08,2.5229845996969977e-11,6.644045394198685e-11,6.714827868319032e-10,3.0059383316625613e-09,8.577608716757892e-09,1.8470071926522174e-08,1.2254644704313907e-07,-1.0,-1.0,-1.0,2.6004074707063773e-08,-1.0,-1.0,-1.0,-1.0,-1.0,-1.0,-1.0,-1.0,-1.0,7.850818223138029e-09,9.414293431580276e-08,3.7338954771331204e-08,2.0867930651822604e-07,1.5944158869127645e-07,3.2844706683068696e-07,3.177487216151049e-07,2.7263596143465146e-07,2.3397006886546164e-07,1.6620269877463422e-07,6.191152613830866e-09,9.17717942621191e-08,3.59567752555787e-08,1.0461645067313181e-09,1.7274258314255908e-07,1.1516274903301149e-08,1.0707259654953622e-07,3.6163691987226796e-08,9.081075844262955e-10,1.4636057213160252e-09,1.8130048560818263e-07,2.6370332008555303e-09,1.5492293214732088e-08,-1.0,-1.0,-1.0,-1.0
2.15,3.266443211415496e-07,3.128916035050076e-07,2.7040082764487437e-07,-1.0,-1.0,-1.0,-1.0,-1.0,-1.0,-1.0,-1.0,-1.0,3.1558549344560174e-07,-1.0,-1.0,2.634183222980615e-07,-1.0,-1.0,-1.0,1.1448197923999654e-07,3.1031896076625107e-07,2.7080099103900514e-07,5.461459934565231e-08,1.5193029089853813e-08,1.0980335128128921e-07,6.070282429279761e-12,1.6690345970483645e-11,1.1167320526397373e-07,4.546046043461751e-08,3.772311196572283e-09,3.268155705652651e-07,1.5565869133218903e-07,3.065077798967214e-07,2.6802667696504095e-07,-1.0,-1.0,-1.0,6.614169294937877e-08,9.642743477940352e-10,1.8624734341643322e-08,2.4026023456996898e-11,6.278908427240351e-11,6.411053394265699e-10,2.894837563450558e-09,8.3082804056841e-09,1.7989738641247113e-08,1.2070019950782203e-07,-1.0,-1.0,-1.0,2.5432265332102657e-08,-1.0,-1.0,-1.0,-1.0,-1.0,-1.0,-1.0,-1.0,-1.0,7.607242827692711e-09,9.2536867518229e-08,3.6495141461882314e-08,2.0626863628653656e-07,1.5727756068985921e-07,3.2688166546812216e-07,3.1544908675425145e-07,2.7175367596798975e-07,2.3148439842514108e-07,1.639963723503932e-07,5.990890931290252e-09,9.019169626320472e-08,3.5132834204548446e-08,1.0014306787046735e-09,1.705099241790775e-07,1.11878359814263e-08,1.0533633373192838e-07,3.534496885012843e-08,8.684631175450608e-10,1.4036030901959242e-09,1.7902104222633524e-07,2.53825353331922e-09,1.50714385269342e-08,-1.0,-1.0,-1.0,-1.0
2.16,3.2509645679437855e-07,3.1059195629250433e-07,2.695322484079529e-07,-1.0,-1.0,-1.0,-1.0,-1.0,-1.0,-1.0,-1.0,-1.0,3.133366968126521e-07,-1.0,-1.0,2.626002223171712e-07,-1.0,-1.0,-1.0,1.1268900712623884e-07,3.080149029525581e-07,2.69928503562742e-07,5.365991907036972e-08,1.4803380796663361e-08,1.0812729773276641e-07,5.644814920495347e-12,1.572343804908263e-11,1.0990269722317567e-07,4.449958726051567e-08,3.6413275520616893e-09,3.252580296531723e-07,1.5357864456003408e-07,3.0422810356395254e-07,2.6716309774758517e-07,-1.0,-1.0,-1.0,6.491985366957594e-08,9.229385204501105e-10,1.8134611894912135e-08,2.2883879230562352e-11,5.933950130486695e-11,6.121040844955354e-10,2.787851065312323e-09,8.047408801900683e-09,1.7522102495411776e-08,1.188823389606734e-07,-1.0,-1.0,-1.0,2.4873762807188817e-08,-1.0,-1.0,-1.0,-1.0,-1.0,-1.0,-1.0,-1.0,-1.0,7.371292361630472e-09,9.09583824051782e-08,3.567054971211781e-08,2.038858767226178e-07,1.5514300695563445e-07,3.2532376890733864e-07,3.131661661500591e-07,2.708742550100067e-07,2.290251968112948e-07,1.6181942407177448e-07,5.797160417906351e-09,8.863899092936519e-08,3.4327884140849506e-08,9.586125417654146e-10,1.683063539750353e-07,1.0868909594726038e-08,1.0362843196144524e-07,3.454498506326641e-08,8.305513149974974e-10,1.3460616379117448e-09,1.7677047665918832e-07,2.4431867745956666e-09,1.466217840027846e-08,-1.0,-1.0,-1.0,-1.0
2.17,3.2355596343742035e-07,3.083093382576626e-07,2.68666467803857e-07,-1.0,-1.0,-1.0,-1.0,-1.0,-1.0,-1.0,-1.0,-1.0,3.1110415905522313e-07,-1.0,-1.0,2.617846754789167e-07,-1.0,-1.0,-1.0,1.1092433999551513e-07,3.057281156545531e-07,2.6905883761773707e-07,5.2723115006450006e-08,1.4423997796728623e-08,1.0647777324715807e-07,5.249196356110918e-12,1.4812947948616788e-11,1.0816044906300293e-07,4.3559284000805764e-08,3.5149348464705807e-09,3.237079568967043e-07,1.5152696697522526e-07,3.019658150674902e-07,2.6630233715273354e-07,-1.0,-1.0,-1.0,6.372120288202496e-08,8.833783023303293e-10,1.765752576899837e-08,2.1800018405248825e-11,5.608048977860263e-11,5.844165877350745e-10,2.6848261832847144e-09,7.794728368980837e-09,1.7066822188513895e-08,1.1709242032838243e-07,-1.0,-1.0,-1.0,2.4328239496216297e-08,-1.0,-1.0,-1.0,-1.0,-1.0,-1.0,-1.0,-1.0,-1.0,7.142725871695365e-09,8.94070021285747e-08,3.4864738056173614e-08,2.0153070397500257e-07,1.5303752463993177e-07,3.2377334095738433e-07,3.1089983779077027e-07,2.6999768923017177e-07,2.2659218153920645e-07,1.5967146155372048e-07,5.609746243989116e-09,8.711320013320136e-08,3.354148472029685e-08,9.176279307132106e-10,1.6613149063094203e-07,1.0559215837833413e-08,1.0194842456217498e-07,3.376330679718151e-08,7.942963641798716e-10,1.290880359787443e-09,1.7454842039228989e-07,2.3516928884769086e-09,1.4264188963389903e-08,-1.0,-1.0,-1.0,-1.0
2.18,3.2202280579666697e-07,3.0604362230884835e-07,2.678034767872967e-07,-1.0,-1.0,-1.0,-1.0,-1.0,-1.0,-1.0,-1.0,-1.0,3.0888776089599403e-07,-1.0,-1.0,2.609716737768044e-07,-1.0,-1.0,-1.0,1.0918752745844283e-07,3.0345846811395764e-07,2.681919840454351e-07,5.180382555197146e-08,1.4054601133010954e-08,1.0485434227270159e-07,4.881330635338068e-12,1.3955557060774482e-11,1.0644600673380749e-07,4.263910473021193e-08,3.3929706994383038e-09,3.221653162699808e-07,1.4950326372372638e-07,2.9972077841744865e-07,2.6544438586349556e-07,-1.0,-1.0,-1.0,6.254528860986758e-08,8.45517259082413e-10,1.7193125670791507e-08,2.0771245369694902e-11,5.30014614595806e-11,5.579832513734427e-10,2.5856159383558025e-09,7.549981908277779e-09,1.6623565751888348e-08,1.1533000564515244e-07,-1.0,-1.0,-1.0,2.3795376282637335e-08,-1.0,-1.0,-1.0,-1.0,-1.0,-1.0,-1.0,-1.0,-1.0,6.921310094256406e-09,8.788225813959793e-08,3.407727525291599e-08,1.9920279795782885e-07,1.5096071641935566e-07,3.22230345602851e-07,3.08649980559225e-07,2.6912396932844535e-07,2.241850731454034e-07,1.5755209766819988e-07,5.428440708806357e-09,8.561385414914693e-08,3.27732058711491e-08,8.783982100903823e-10,1.639849572977485e-07,1.025848317480607e-08,1.0029585259368071e-07,3.2999510384399606e-08,7.596257735113429e-10,1.2379623984326324e-09,1.723545096463974e-07,2.2636371381848435e-09,1.3877155513850278e-08,-1.0,-1.0,-1.0,-1.0
2.19,3.2049694876774377e-07,3.037946823106046e-07,2.669432663423072e-07,-1.0,-1.0,-1.0,-1.0,-1.0,-1.0,-1.0,-1.0,-1.0,3.0668738394538426e-07,-1.0,-1.0,2.601612092295695e-07,-1.0,-1.0,-1.0,1.074781263484932e-07,3.012058305729122e-07,2.6732793371711987e-07,5.090169705700825e-08,1.3694919697330811e-08,1.0325657666755387e-07,4.53926900120895e-12,1.3148143776503937e-11,1.0475892352803382e-07,4.1738613309956844e-08,3.2752785244188236e-09,3.206300719219525e-07,1.4750714555831845e-07,2.9749285871384066e-07,2.6458923459405866e-07,-1.0,-1.0,-1.0,6.139166791865392e-08,8.092822537820934e-10,1.6741070811914945e-08,1.979455148427041e-11,5.009241986966899e-11,5.327471851155521e-10,2.4900788150904087e-09,7.312920297118417e-09,1.61920102891313e-08,1.1359466393725943e-07,-1.0,-1.0,-1.0,2.327486233622938e-08,-1.0,-1.0,-1.0,-1.0,-1.0,-1.0,-1.0,-1.0,-1.0,6.706819207396783e-09,8.638369004328016e-08,3.3307740047104964e-08,1.969018423069658e-07,1.489121904197416e-07,3.206947470030183e-07,3.0641647422627266e-07,2.682530860351791e-07,2.2180359515527809e-07,1.5546095047355854e-07,5.253043001872177e-09,8.414049150485241e-08,3.202262755299588e-08,8.408481222984912e-10,1.6186638210959623e-07,9.966448184820323e-09,9.867026472184763e-08,3.225318207853684e-08,7.26470226782816e-10,1.187214873366253e-09,1.701883853162358e-07,2.178889885155083e-09,1.350077225524432e-08,-1.0,-1.0,-1.0,-1.0
2.2,3.189783574150885e-07,3.01562393076397e-07,2.660858274821537e-07,-1.0,-1.0,-1.0,-1.0,-1.0,-1.0,-1.0,-1.0,-1.0,3.0450291069485297e-07,-1.0,-1.0,2.5935327388109497e-07,-1.0,-1.0,-1.0,1.0579570060526612e-07,2.9897007426623795e-07,2.6646667753381577e-07,5.0016383633044065e-08,1.3344690001060945e-08,1.016840555694368e-07,4.2211996723450835e-12,1.238777167011375e-11,1.0309875996075592e-07,4.085738317041638e-08,3.1617073202172994e-09,3.1910218817554746e-07,1.4553822875741278e-07,2.9528192213763435e-07,2.637368740896822e-07,-1.0,-1.0,-1.0,6.025990673082008e-08,7.746033043618839e-10,1.630102964841166e-08,1.8867103545127352e-11,4.734392701245394e-11,5.086540829678163e-10,2.3980785581437466e-09,7.083302235217609e-09,1.5771841723869562e-08,1.118859711095136e-07,-1.0,-1.0,-1.0,2.2766394886556292e-08,-1.0,-1.0,-1.0,-1.0,-1.0,-1.0,-1.0,-1.0,-1.0,6.499034591079041e-09,8.491084545566694e-08,3.25557209361841e-08,1.946275243366515e-07,1.4689156014116088e-07,3.19166509491001e-07,3.041991994442317e-07,2.6738503011101625e-07,2.1944747405105517e-07,1.5339764314482176e-07,5.083358972301841e-09,8.269265883521356e-08,3.1289339521339086e-08,8.04905642261401e-10,1.5977539811746722e-07,9.68285531571562e-09,9.7071217091901e-08,3.152391781918398e-08,6.947634439012824e-10,1.1385487176430792e-09,1.6804969291005127e-07,2.0973263954859273e-09,1.3134742041840468e-08,-1.0,-1.0,-1.0,-1.0
2.21,3.1746699697113667e-07,2.993466303614167e-07,2.652311512492358e-07,-1.0,-1.0,-1.0,-1.0,-1.0,-1.0,-1.0,-1.0,-1.0,3.023342245102493e-07,-1.0,-1.0,2.5854785980033333e-07,-1.0,-1.0,-1.0,1.0413982115966701e-07,2.967510714137608e-07,2.6560820642619163e-07,4.91475469673528e-08,1.3003655952786057e-08,1.001363652676484e-07,3.925438205103613e-12,1.1671678400419758e-11,1.014650836521715e-07,3.999499709865739e-08,3.0521114700872877e-09,3.175816295268218e-07,1.4359613504506353e-07,2.930878359418885e-07,2.628872951265932e-07,-1.0,-1.0,-1.0,5.9149579644065984e-08,7.414134472183579e-10,1.5872679627623693e-08,1.7986232989116126e-11,4.474707198194777e-11,4.85652105674893e-10,2.3094839763683662e-09,6.860893999055344e-09,1.5362754554664422e-08,1.1020350983359497e-07,-1.0,-1.0,-1.0,2.2269679002924263e-08,-1.0,-1.0,-1.0,-1.0,-1.0,-1.0,-1.0,-1.0,-1.0,6.297744595120665e-09,8.346327986349788e-08,3.1820815942564005e-08,1.9237953499663822e-07,1.448984443839631e-07,3.1764559757290186e-07,3.0199803774039966e-07,2.665197923467921e-07,2.1711643924010528e-07,1.5136180390493758e-07,4.919200905958316e-09,8.126991073899971e-08,3.057294109773377e-08,7.70501838352219e-10,1.577116432237244e-07,9.407456645143917e-09,9.54982732035608e-08,3.081132300243087e-08,6.644420477485437e-10,1.0918785211951674e-09,1.6593808248995315e-07,2.0188266537596574e-09,1.2778776130682428e-08,-1.0,-1.0,-1.0,-1.0
2.22,3.1596283283550926e-07,2.9714727085543777e-07,2.643792287149932e-07,-1.0,-1.0,-1.0,-1.0,-1.0,-1.0,-1.0,-1.0,-1.0,3.0018120962521357e-07,-1.0,-1.0,2.577449590812262e-07,-1.0,-1.0,-1.0,1.0251006582095069e-07,2.9454869521269334e-07,2.647525113544626e-07,4.8294856142204474e-08,1.2671568642708297e-08,9.861309907739253e-08,3.650418534592116e-12,1.0997265284847081e-11,9.985746921201731e-08,3.915104703074565e-08,2.946350548112069e-09,3.1606836064411464e-07,1.4168049151215788e-07,2.90910468442957e-07,2.6204048851188033e-07,-1.0,-1.0,-1.0,5.806026975354719e-08,7.09648606729487e-10,1.5455706942063968e-08,1.7149425790597824e-11,4.2293441346925435e-11,4.6369176851222675e-10,2.224168754230322e-09,6.645469203966242e-09,1.4964451616843775e-08,1.085468694382276e-07,-1.0,-1.0,-1.0,2.1784427380636707e-08,-1.0,-1.0,-1.0,-1.0,-1.0,-1.0,-1.0,-1.0,-1.0,6.102744314722632e-09,8.204055648635935e-08,3.1102632391267566e-08,1.901575688298359e-07,1.4293246717583766e-07,3.161319759269669e-07,2.9981287151060816e-07,2.656573635634353e-07,2.148102230235959e-07,1.493530659569449e-07,4.760387310124447e-09,7.987180963803204e-08,2.987304094535515e-08,7.375707393136103e-10,1.556747601175269e-07,9.140011649084975e-09,9.395100378829304e-08,3.0115012256892334e-08,6.354454368854523e-10,1.0471223806120035e-09,1.6385320861302976e-07,1.9432751839542442e-09,1.2432593940873142e-08,-1.0,-1.0,-1.0,-1.0
2.23,3.1446583057420474e-07,2.9496419217572773e-07,2.635300509798114e-07,-1.0,-1.0,-1.0,-1.0,-1.0,-1.0,-1.0,-1.0,-1.0,2.980437511346294e-07,-1.0,-1.0,2.5694456384262536e-07,-1.0,-1.0,-1.0,1.0090601916560661e-07,2.9236281983007785e-07,2.638995833082945e-07,4.7457987458763334e-08,1.2348186133586455e-08,9.7113857216387e-08,3.3946846466811754e-12,1.0362087505150545e-11,9.827549812587797e-08,3.8325133848717636e-08,2.8442891326042396e-09,3.1456234636720717e-07,1.3979093053877126e-07,2.887496890117726e-07,2.611964450833904e-07,-1.0,-1.0,-1.0,5.699156847780111e-08,6.792474704254253e-10,1.5049806290086653e-08,1.6354313004489855e-11,3.997509120979419e-11,4.4272583419009814e-10,2.1420112702615295e-09,6.436808573699772e-09,1.4576643851064372e-08,1.0691564580116634e-07,-1.0,-1.0,-1.0,2.131036013336146e-08,-1.0,-1.0,-1.0,-1.0,-1.0,-1.0,-1.0,-1.0,-1.0,5.9138353733029e-09,8.064224614126901e-08,3.040078669281127e-08,1.8796132393045212e-07,1.4099325769988438e-07,3.146256094027465e-07,2.9764358401282857e-07,2.647977346118692e-07,2.1252856056548163e-07,1.4737106741705801e-07,4.60674270544469e-09,7.849792563886973e-08,2.9189256849864634e-08,7.060492069128299e-10,1.5366439621111346e-07,8.880286977497468e-09,9.242898668862654e-08,2.9434609225103985e-08,6.07715663844788e-10,1.0042017550946966e-09,1.617947302732327e-07,1.8705608771747687e-09,1.2095922819840908e-08,-1.0,-1.0,-1.0,-1.0
2.24,3.129759559187955e-07,2.927972728600146e-07,2.6268360917292684e-07,-1.0,-1.0,-1.0,-1.0,-1.0,-1.0,-1.0,-1.0,-1.0,2.959217349881254e-07,-1.0,-1.0,2.5614666622821434e-07,-1.0,-1.0,-1.0,9.932727242805034e-08,2.9019332039528837e-07,2.630494133067071e-07,4.663662426554442e-08,1.2033273258002441e-08,9.563824668370529e-08,3.15688283652225e-12,9.763844905989936e-12,9.671875864335373e-08,3.75168671821088e-08,2.7457966262670206e-09,3.1306355170648566e-07,1.3792708971766496e-07,2.866053680651998e-07,2.6035515570962354e-07,-1.0,-1.0,-1.0,5.5943075388325366e-08,6.501513695671535e-10,1.4654680643165789e-08,1.559866191295431e-11,3.778452084468525e-11,4.2270921063594563e-10,2.0628944222851062e-09,6.234699717216148e-09,1.4199050078409914e-08,1.0530944124296184e-07,-1.0,-1.0,-1.0,2.0847204591426465e-08,-1.0,-1.0,-1.0,-1.0,-1.0,-1.0,-1.0,-1.0,-1.0,5.7308257123942295e-09,7.926792710964592e-08,2.971490413119679e-08,1.8579050190261931e-07,1.3908045022367582e-07,3.1312646302025915e-07,2.9549005936082334e-07,2.639408963729133e-07,2.1027118986182576e-07,1.4541545124865124e-07,4.4580974248883845e-09,7.714783639695622e-08,2.8521215505447165e-08,6.758768140838597e-10,1.5168020357693758e-07,8.628056236882082e-09,9.09318067394964e-08,2.876974635015597e-08,5.811973187670505e-10,9.630413283302408e-10,1.5976231084401562e-07,1.8005768259438354e-09,1.1768497816381956e-08,-1.0,-1.0,-1.0,-1.0
2.25,3.114931747656275e-07,2.906463923595066e-07,2.6183989445233397e-07,-1.0,-1.0,-1.0,-1.0,-1.0,-1.0,-1.0,-1.0,-1.0,2.938150479836272e-07,-1.0,-1.0,2.553512584064298e-07,-1.0,-1.0,-1.0,9.777342339309545e-08,2.880400729925905e-07,2.6220199239797804e-07,4.5830456791302905e-08,1.172660142175635e-08,9.418588114081195e-08,2.935754512220171e-12,9.200373350012516e-12,9.518684566805917e-08,3.6725865213935966e-08,2.6507470828705674e-09,3.1157194184210923e-07,1.3608861177891327e-07,2.844773770574613e-07,2.5951661128963e-07,-1.0,-1.0,-1.0,5.491439804273167e-08,6.22304164898206e-10,1.4270041019598752e-08,1.488036773600783e-11,3.571464782492772e-11,4.03598853432464e-10,1.986705459160663e-09,6.038936912490989e-09,1.3831396781837791e-08,1.0372786442247684e-07,-1.0,-1.0,-1.0,2.039469510586824e-08,-1.0,-1.0,-1.0,-1.0,-1.0,-1.0,-1.0,-1.0,-1.0,5.553529388374383e-09,7.79171850066261e-08,2.9044618656892563e-08,1.8364480781950577e-07,1.371936840293002e-07,3.116345019691606e-07,2.933521825178444e-07,2.630868397571852e-07,2.080378517104518e-07,1.4348586519713464e-07,4.31428741949567e-09,7.582112698318303e-08,2.7868552305898573e-08,6.469957283198594e-10,1.4972183888564552e-07,8.383099779540556e-09,8.945905565158282e-08,2.8120064667438805e-08,5.55837418144382e-10,9.235688760424825e-10,1.5775561802171958e-07,1.7332201648005715e-09,1.1450061460281281e-08,-1.0,-1.0,-1.0,-1.0
2.2600000000000002,3.100174531750245e-07,2.8851143103196457e-07,2.6099889800469113e-07,-1.0,-1.0,-1.0,-1.0,-1.0,-1.0,-1.0,-1.0,-1.0,2.9172357776095754e-07,-1.0,-1.0,2.5455833257038225e-07,-1.0,-1.0,-1.0,9.624407629017405e-08,2.859029546537597e-07,2.613573116595474e-07,4.503918198223116e-08,1.1427948413197265e-08,9.275638079474951e-08,2.7301295052276784e-12,8.669636595354064e-12,9.367936064942055e-08,3.595175449103205e-08,2.559019040205344e-09,3.100874821231804e-07,1.342751445156397e-07,2.8236558847163746e-07,2.586808027529063e-07,-1.0,-1.0,-1.0,5.390515182139674e-08,5.956521373448378e-10,1.3895606264455256e-08,1.4197445868999932e-11,3.375878455520495e-11,3.853536726990901e-10,1.9133358188057625e-09,5.8493208971084865e-09,1.3473417893791864e-08,1.0217053023412263e-07,-1.0,-1.0,-1.0,1.9952572858061077e-08,-1.0,-1.0,-1.0,-1.0,-1.0,-1.0,-1.0,-1.0,-1.0,5.381766375803986e-09,7.658961265268023e-08,2.8389572684686236e-08,1.8152395018290317e-07,1.3533260334436913e-07,3.1014969160791597e-07,2.9122983929037835e-07,2.6223555570500333e-07,2.0582828968092086e-07,1.4158196172570632e-07,4.175154070674902e-09,7.45173897528273e-08,2.7230911140641965e-08,6.193506000892972e-10,1.4778896334488527e-07,8.14520449932111e-09,8.801033189660911e-08,2.7485213601376504e-08,5.315852984480754e-10,8.857151389863264e-10,1.5577432376969498e-07,1.6683919169671672e-09,1.1140363548318423e-08,-1.0,-1.0,-1.0,-1.0
2.27,3.085487573704954e-07,2.8639227013482926e-07,2.6016061104522755e-07,-1.0,-1.0,-1.0,-1.0,-1.0,-1.0,-1.0,-1.0,-1.0,2.8964721279548734e-07,-1.0,-1.0,2.5376788093777925e-07,-1.0,-1.0,-1.0,9.473884168927925e-08,2.8378184335075807e-07,2.6051536219792223e-07,4.426250334334465e-08,1.1137098218303648e-08,9.134937228343831e-08,2.538919851742422e-12,8.169718663588949e-12,9.219591147624431e-08,3.519416973863518e-08,2.4704953590835845e-09,3.0861013806692156e-07,1.3248634071084887e-07,2.8026987581123546e-07,2.578477210592924e-07,-1.0,-1.0,-1.0,5.291495976753694e-08,5.701438834498274e-10,1.353110283559834e-08,1.354802461239646e-11,3.1910616128547534e-11,3.679344442142299e-10,1.8426809722590704e-09,5.665658665430084e-09,1.3124854589804618e-08,1.0063705970678852e-07,-1.0,-1.0,-1.0,1.9520585674761573e-08,-1.0,-1.0,-1.0,-1.0,-1.0,-1.0,-1.0,-1.0,-1.0,5.215362377155164e-09,7.528480994749444e-08,2.7749416896292955e-08,1.7942764088328673e-07,1.334968572739787e-07,3.0867199746297684e-07,2.8912291632193856e-07,2.6138703518628926e-07,2.0364225008483138e-07,1.397033979519717e-07,4.040544008828764e-09,7.323622421682122e-08,2.6607944195556923e-08,5.92888456058984e-10,1.4588124263893504e-07,7.914163633647614e-09,8.65852405945681e-08,2.686485076702689e-08,5.083925144250723e-10,8.494137011614063e-10,1.538181042631502e-07,1.6059968468513317e-09,1.0839160936471289e-08,-1.0,-1.0,-1.0,-1.0
2.2800000000000002,3.0708705373794594e-07,2.842887918183987e-07,2.5932502481765036e-07,-1.0,-1.0,-1.0,-1.0,-1.0,-1.0,-1.0,-1.0,-1.0,2.8758584239183273e-07,-1.0,-1.0,2.529798957508466e-07,-1.0,-1.0,-1.0,9.325733639859954e-08,2.8167661798846715e-07,2.5967613514858156e-07,4.3500130783939204e-08,1.0853840841332886e-08,8.996448856304836e-08,2.3611140119072396e-12,7.698816668142651e-12,9.07361123720253e-08,3.445275367913469e-08,2.385063068168105e-09,3.071398753578532e-07,1.3072185806533423e-07,2.781901135918296e-07,2.570173571988688e-07,-1.0,-1.0,-1.0,5.194345243063156e-08,5.457302153344005e-10,1.3176264595608058e-08,1.2930338361621943e-11,3.0164179432882915e-11,3.513037245847984e-10,1.7746402735593296e-09,5.487763272131964e-09,1.2785455087916565e-08,9.91270799044343e-08,-1.0,-1.0,-1.0,1.9098487848407132e-08,-1.0,-1.0,-1.0,-1.0,-1.0,-1.0,-1.0,-1.0,-1.0,5.0541486387208914e-09,7.400238374607202e-08,2.7123810047605942e-08,1.7735559516034032e-07,1.3168609973360885e-07,3.072013852279614e-07,2.8703130108690177e-07,2.6054126920047054e-07,2.014794819464373e-07,1.3784983558541556e-07,3.910308938093546e-09,7.197723691530994e-08,2.599931175850642e-08,5.675585969165533e-10,1.4399834686914006e-07,7.689776571635981e-09,8.518339340284154e-08,2.625864177643029e-08,4.862127418582421e-10,8.146008730305681e-10,1.5188663983471688e-07,1.545943318161734e-09,1.0546217338136092e-08,-1.0,-1.0,-1.0,-1.0
2.29,3.0563230882489455e-07,2.822008791190604e-07,2.584921305940523e-07,-1.0,-1.0,-1.0,-1.0,-1.0,-1.0,-1.0,-1.0,-1.0,2.8553935667760306e-07,-1.0,-1.0,2.52194369276251e-07,-1.0,-1.0,-1.0,9.179918336381949e-08,2.7958715839747867e-07,2.5883962167588153e-07,4.275178046700797e-08,1.057797213086593e-08,8.860136879740693e-08,2.1957714959577966e-12,7.255234075040754e-12,8.929958379196884e-08,3.372715685488128e-08,2.3026132144160458e-09,3.056766598469791e-07,1.289813591266493e-07,2.761261773327722e-07,2.5618970219185434e-07,-1.0,-1.0,-1.0,5.0990267713125e-08,5.223640649917774e-10,1.2830832609444036e-08,1.2342721226876848e-11,2.851384343617289e-11,3.35425770278527e-10,1.7091168152229417e-09,5.315453641911678e-09,1.2454974453746598e-08,9.764022382832033e-08,-1.0,-1.0,-1.0,1.8686039962513117e-08,-1.0,-1.0,-1.0,-1.0,-1.0,-1.0,-1.0,-1.0,-1.0,4.897961772502418e-09,7.274194773701903e-08,2.651241878048031e-08,1.7530753156394415e-07,1.2989998938295067e-07,3.0573782076283985e-07,2.849548818843918e-07,2.596982487763845e-07,1.9933973697358288e-07,1.3602094086571838e-07,3.784305466983834e-09,7.074004129346003e-08,2.5404682029451074e-08,5.433124995939633e-10,1.4213995049514794e-07,7.471848668107986e-09,8.380440840718386e-08,2.5666260049592624e-08,4.6500168459432173e-10,7.812155795374425e-10,1.499796149207244e-07,1.4881431574222457e-09,1.0261303128187576e-08,-1.0,-1.0,-1.0,-1.0
2.3000000000000003,3.041844893396905e-07,2.8012841595257265e-07,2.576619196748188e-07,-1.0,-1.0,-1.0,-1.0,-1.0,-1.0,-1.0,-1.0,-1.0,2.835076465971939e-07,-1.0,-1.0,2.514112938050229e-07,-1.0,-1.0,-1.0,9.036401156905647e-08,2.7751334532694007e-07,2.580058129729613e-07,4.2017174662506774e-08,1.0309293611077774e-08,8.7259658249401e-08,2.042017868638174e-12,6.837374369608528e-12,8.788595232169518e-08,3.301703745496741e-08,2.223040718932636e-09,3.0422045755097177e-07,1.2726451121912218e-07,2.740779435489729e-07,2.5536474708850435e-07,-1.0,-1.0,-1.0,5.005505072033502e-08,5.000003927242939e-10,1.2494554947686619e-08,1.1783601054856994e-11,2.6954290583222234e-11,3.202664603428552e-10,1.646017289110834e-09,5.148554385169822e-09,1.2133174411050719e-08,9.617613032084459e-08,-1.0,-1.0,-1.0,1.8283008722016868e-08,-1.0,-1.0,-1.0,-1.0,-1.0,-1.0,-1.0,-1.0,-1.0,4.746643583878303e-09,7.15031223229723e-08,2.5914917438941186e-08,1.7328317191561534e-07,1.2813818956064478e-07,3.042812700931226e-07,2.828935478322072e-07,2.588579649721811e-07,1.9722276952894772e-07,1.3421638450190178e-07,3.6623949447415985e-09,6.952425757947417e-08,2.482373093504052e-08,5.20103723702083e-10,1.403057322769296e-07,7.260191063317929e-09,8.244791001453501e-08,2.5087386629989402e-08,4.447169856519477e-10,7.491992527257209e-10,1.4809671800817126e-07,1.4325115226787529e-09,9.984195152707862e-09,-1.0,-1.0,-1.0,-1.0
2.31,3.027435621507381e-07,2.780712871073994e-07,2.568343833885367e-07,-1.0,-1.0,-1.0,-1.0,-1.0,-1.0,-1.0,-1.0,-1.0,2.8149060390563035e-07,-1.0,-1.0,2.506306616524792e-07,-1.0,-1.0,-1.0,8.895145593941038e-08,2.7545506043745846e-07,2.5717470026164845e-07,4.1296041604363425e-08,1.0047612318071233e-08,8.593900817434115e-08,1.8990401052292303e-12,6.443735104370048e-12,8.649485057760208e-08,3.232206114588962e-08,2.1462442380379707e-09,3.02771234651366e-07,1.2557098637490224e-07,2.720452897427475e-07,2.545424829690086e-07,-1.0,-1.0,-1.0,4.913745361350123e-08,4.785960995443452e-10,1.2167186495202264e-08,1.1251493826181602e-11,2.5480499241073827e-11,3.0579322264234824e-10,1.585251852483397e-09,4.986895619479527e-09,1.18198231576127e-08,9.473444397096369e-08,-1.0,-1.0,-1.0,1.7889166788422905e-08,-1.0,-1.0,-1.0,-1.0,-1.0,-1.0,-1.0,-1.0,-1.0,4.600040904865704e-09,7.028553450313487e-08,2.5330987889712717e-08,1.7128224127040093e-07,1.2640036821992282e-07,3.0283169940905327e-07,2.8084718886079474e-07,2.580204088752276e-07,1.9512833660160248e-07,1.324358416122962e-07,3.5444433031959815e-09,6.832951266477673e-08,2.425614194757706e-08,4.978878219947426e-10,1.3849537521757823e-07,7.054620508214508e-09,8.111352884763493e-08,2.4521710004482515e-08,4.2531814223055686e-10,7.184957287710143e-10,1.4623764158238757e-07,1.378966777200485e-09,9.714676544218676e-09,-1.0,-1.0,-1.0,-1.0
2.32,3.013094942857229e-07,2.760293782380949e-07,2.5600951309190197e-07,-1.0,-1.0,-1.0,-1.0,-1.0,-1.0,-1.0,-1.0,-1.0,2.794881211624545e-07,-1.0,-1.0,2.4985246515814626e-07,-1.0,-1.0,-1.0,8.756115724509631e-08,2.7341218629405696e-07,2.5634627479236573e-07,4.058811535112617e-08,9.792740641115435e-09,8.463907571524733e-08,1.7660822744142679e-12,6.072902304923478e-12,8.512591710885533e-08,3.164190090600377e-08,2.0721260293566452e-09,3.0132895749375296e-07,1.2390046126601935e-07,2.7002809439573497e-07,2.5372290094339026e-07,-1.0,-1.0,-1.0,4.823713546590432e-08,4.5810994336711093e-10,1.1848488765081603e-08,1.0744998404082786e-11,2.4087727133502877e-11,2.9197496345418035e-10,1.5267339990495548e-09,4.8303127966616915e-09,1.1514695186313406e-08,9.331481502116807e-08,-1.0,-1.0,-1.0,1.750429261960679e-08,-1.0,-1.0,-1.0,-1.0,-1.0,-1.0,-1.0,-1.0,-1.0,4.458005432790325e-09,6.908881775787896e-08,2.4760319346964373e-08,1.6930446787921418e-07,1.246861978651358e-07,3.013890750648052e-07,2.78815695707267e-07,2.571855716020121e-07,1.9305619777886837e-07,1.3067899166531552e-07,3.4303209039463295e-09,6.715543998632822e-08,2.370160590824663e-08,4.766222546883768e-10,1.3670856650687267e-07,6.854959195064751e-09,7.980090164140653e-08,2.396892592754187e-08,4.0676642444872763e-10,6.890511492438165e-10,1.4440208207537675e-07,1.3274303679851297e-09,9.45253654225528e-09,-1.0,-1.0,-1.0,-1.0
2.33,2.998822529308419e-07,2.7400257585873864e-07,2.551873001696285e-07,-1.0,-1.0,-1.0,-1.0,-1.0,-1.0,-1.0,-1.0,-1.0,2.7750009172566155e-07,-1.0,-1.0,2.490766966856834e-07,-1.0,-1.0,-1.0,8.619276200713655e-08,2.713846063591881e-07,2.5552052784403705e-07,3.989313565015203e-08,9.544496168636574e-09,8.335952380002256e-08,1.642441524954729e-12,5.723545212004661e-12,8.377879630098213e-08,3.0976236863687734e-08,2.000591822747362e-09,2.9989359258698004e-07,1.2225261713744324e-07,2.680262369608818e-07,2.529059921514048e-07,-1.0,-1.0,-1.0,4.7353762121991616e-08,4.3850245883057717e-10,1.1538229717704106e-08,1.0262791611541512e-11,2.2771495708524978e-11,2.787820002686048e-10,1.4703804348234625e-09,4.678646535290157e-09,1.1217571111230951e-08,9.191689927598757e-08,-1.0,-1.0,-1.0,1.7128170314140397e-08,-1.0,-1.0,-1.0,-1.0,-1.0,-1.0,-1.0,-1.0,-1.0,4.320393574187802e-09,6.791261193538102e-08,2.4202608201175142e-08,1.6734958315161053e-07,1.229953554891586e-07,2.9995336357768177e-07,2.767989599094639e-07,2.5635344429804865e-07,1.9100611521847955e-07,1.2894551842103043e-07,3.3199023906877384e-09,6.600167941103192e-08,2.3159820854516764e-08,4.5626630747096933e-10,1.3494499746559687e-07,6.661034593273179e-09,7.850967114107862e-08,2.3428737249668384e-08,3.890247976481343e-10,6.608138664296527e-10,1.425897398148292e-07,1.2778267088844898e-09,9.197570319126142e-09,-1.0,-1.0,-1.0,-1.0
2.34,2.9846180543003854e-07,2.719907673364223e-07,2.5436773603435736e-07,-1.0,-1.0,-1.0,-1.0,-1.0,-1.0,-1.0,-1.0,-1.0,2.755264097456825e-07,-1.0,-1.0,2.483033486228067e-07,-1.0,-1.0,-1.0,8.484592240458611e-08,2.6937220498580223e-07,2.5469745072399473e-07,3.921084780523774e-08,9.302701538813055e-09,8.210002104048002e-08,1.5274643547727192e-12,5.394411339294642e-12,8.245313828104107e-08,3.0324756139127865e-08,1.93155069589621e-09,2.9846510660235465e-07,1.206271397411278e-07,2.6603959785449397e-07,2.5209174776243946e-07,-1.0,-1.0,-1.0,4.648700605944465e-08,4.197358805855007e-10,1.1236183584786752e-08,9.803623615573894e-12,2.1527575386032873e-11,2.6618599764830154e-10,1.4161109586092655e-09,4.531742458456275e-09,1.0928237498627883e-08,9.054035801200128e-08,-1.0,-1.0,-1.0,1.676058946000537e-08,-1.0,-1.0,-1.0,-1.0,-1.0,-1.0,-1.0,-1.0,-1.0,4.187066293765223e-09,6.675656314025358e-08,2.365755785201819e-08,1.654173216189993e-07,1.2132752251165946e-07,2.98524531627322e-07,2.7479687380005956e-07,2.555240181377818e-07,1.889778536210447e-07,1.272351098735297e-07,3.2130665465044936e-09,6.486787712219615e-08,2.2630491851602398e-08,4.367810130411773e-10,1.3320436349060572e-07,6.472679290234339e-09,7.723948600201988e-08,2.2900853749916723e-08,3.720578481064804e-10,6.337343525396227e-10,1.408003189737996e-07,1.2300830681743863e-09,8.949578810706752e-09,-1.0,-1.0,-1.0,-1.0
2.35,2.9704811928424015e-07,2.699938408847834e-07,2.5355081212656533e-07,-1.0,-1.0,-1.0,-1.0,-1.0,-1.0,-1.0,-1.0,-1.0,2.73566970159411e-07,-1.0,-1.0,2.4753241338121243e-07,-1.0,-1.0,-1.0,8.352029618326501e-08,2.673748674104673e-07,2.5387703476788633e-07,3.854100254759831e-08,9.067184294631542e-09,8.08602416331868e-08,1.4205431425464747e-12,5.084321827786157e-12,8.114859882434095e-08,2.9687152689646214e-08,1.864914954403715e-09,2.9704346637285077e-07,1.1902371927102278e-07,2.6406805844835424e-07,2.512801589754131e-07,-1.0,-1.0,-1.0,4.5636546254124834e-08,4.017740699047726e-10,1.0942130698277967e-08,9.36631359878774e-12,2.0351971635692185e-11,2.541599060071436e-10,1.3638483469409706e-09,4.3894510366275644e-09,1.064648670268527e-08,8.918485788932572e-08,-1.0,-1.0,-1.0,1.640134498756496e-08,-1.0,-1.0,-1.0,-1.0,-1.0,-1.0,-1.0,-1.0,-1.0,4.057888968256739e-09,6.562032362413608e-08,2.312487854516995e-08,1.6350742089828222e-07,1.1968238471821966e-07,2.9710254605490743e-07,2.728093305007103e-07,2.546972843244917e-07,1.8697118020280277e-07,1.2554745819405612e-07,3.1096961559625823e-09,6.375368550801243e-08,2.2113330827902705e-08,4.181290760253536e-10,1.3148636400062407e-07,6.289730837061715e-09,7.599000069125247e-08,2.238499197241791e-08,3.5583171200962963e-10,6.077651126513576e-10,1.390335275210364e-07,1.1841294603992032e-09,8.708368552119966e-09,-1.0,-1.0,-1.0,-1.0
2.36,2.956411621505997e-07,2.6801168555759184e-07,2.5273651991447487e-07,-1.0,-1.0,-1.0,-1.0,-1.0,-1.0,-1.0,-1.0,-1.0,2.716216686842773e-07,-1.0,-1.0,2.467638833965015e-07,-1.0,-1.0,-1.0,8.221554656597525e-08,2.653924797465459e-07,2.5305927133958215e-07,3.788335591010272e-08,8.837776743266025e-09,7.963986526209395e-08,1.3211129233283287e-12,4.792167078706435e-12,7.986483926268577e-08,2.9063127158489772e-08,1.8006000162022226e-09,2.956286388923204e-07,1.1744205029904334e-07,2.621115010619071e-07,2.504712170186759e-07,-1.0,-1.0,-1.0,4.48020680478374e-08,3.845824444682542e-10,1.0655857323962705e-08,8.949745699651554e-12,1.924091183807559e-11,2.426779031753397e-10,1.3135182433111592e-09,4.25162743544078e-09,1.0372116705848706e-08,8.785007086455845e-08,-1.0,-1.0,-1.0,1.605023702666979e-08,-1.0,-1.0,-1.0,-1.0,-1.0,-1.0,-1.0,-1.0,-1.0,3.93273124501339e-09,6.450355167821312e-08,2.2604287212951776e-08,1.616196216559192e-07,1.1805963220029483e-07,2.956873738623756e-07,2.7083622391624863e-07,2.538732340902e-07,1.8498586466867316e-07,1.2388225967491065e-07,3.009677871838647e-09,6.26587630520174e-08,2.1608056414315557e-08,4.002748011268342e-10,1.2979070238277366e-07,6.112031599041648e-09,7.476087539062039e-08,2.188087506680631e-08,3.403140075398128e-10,5.828606012270964e-10,1.3728907717195896e-07,1.139898542328103e-09,8.473751518160655e-09,-1.0,-1.0,-1.0,-1.0
2.37,2.9424090184174143e-07,2.6604419124238237e-07,2.5192485089396377e-07,-1.0,-1.0,-1.0,-1.0,-1.0,-1.0,-1.0,-1.0,-1.0,2.696904018123671e-07,-1.0,-1.0,2.459977511281037e-07,-1.0,-1.0,-1.0,8.093134216417567e-08,2.634249289774227e-07,2.52244151831083e-07,3.723766910467668e-08,8.614315819645286e-09,7.843857700291684e-08,1.2286483909980651e-12,4.5169026480995596e-12,7.860152639411792e-08,2.8452386727002194e-08,1.7385243001458769e-09,2.9422059131470876e-07,1.1588183171197782e-07,2.6016980895450785e-07,2.496649131499102e-07,-1.0,-1.0,-1.0,4.398326301885185e-08,3.6812791118533384e-10,1.037715549964735e-08,8.552865204147687e-12,1.8190832884690292e-11,2.3171533862392568e-10,1.2650490515282613e-09,4.118131368274189e-09,1.0104930963653937e-08,8.6535674105151e-08,-1.0,-1.0,-1.0,1.5707070767775306e-08,-1.0,-1.0,-1.0,-1.0,-1.0,-1.0,-1.0,-1.0,-1.0,3.811466905171854e-09,6.340591152762319e-08,2.209550731871239e-08,1.5975366757241115e-07,1.1645895929600372e-07,2.942789822116357e-07,2.688774487289179e-07,2.5305185869557506e-07,1.8302167918559348e-07,1.222392146741102e-07,2.9129020863278406e-09,6.158277422549956e-08,2.1114393787337006e-08,3.831840243680727e-10,1.2811708593981373e-07,5.939428610664877e-09,7.355177590158151e-08,2.1388232632455428e-08,3.254737699430028e-10,5.589771420617721e-10,1.3556668334027016e-07,1.0973255128660183e-09,8.245544968325526e-09,-1.0,-1.0,-1.0,-1.0
2.38,2.928473063250095e-07,2.6409124865413825e-07,2.511157965884751e-07,-1.0,-1.0,-1.0,-1.0,-1.0,-1.0,-1.0,-1.0,-1.0,2.677730668045854e-07,-1.0,-1.0,2.4523400905920206e-07,-1.0,-1.0,-1.0,7.966735689109286e-08,2.6147210294978686e-07,2.514316676624285e-07,3.6603708402787137e-08,8.396642954079496e-09,7.725606722923544e-08,1.1426611115768577e-12,4.2575453872110106e-12,7.735833239413758e-08,2.785464497010222e-08,1.6786091186214895e-09,2.9281929095327313e-07,1.1434276664932397e-07,2.582428663177367e-07,2.488612386560309e-07,-1.0,-1.0,-1.0,4.317982885512127e-08,3.5237880192350807e-10,1.0105822877797712e-08,8.174674972630886e-12,1.7198369475085073e-11,2.2124868022742292e-10,1.2183718330482996e-09,3.988826953449157e-09,9.844738253904704e-09,8.524134990518878e-08,-1.0,-1.0,-1.0,1.537165632695371e-08,-1.0,-1.0,-1.0,-1.0,-1.0,-1.0,-1.0,-1.0,-1.0,3.6939737312525004e-09,6.232707322772642e-08,2.159826870486328e-08,1.5790930530719866e-07,1.1488006453173482e-07,2.9287733842378884e-07,2.669329003926512e-07,2.522331494298385e-07,1.810783983561447e-07,1.206180275607926e-07,2.8192628065788616e-09,6.052538938181863e-08,2.0632074515856478e-08,3.668240472922889e-10,1.264652258380889e-07,5.771773435093683e-09,7.23623735515979e-08,2.090680056643137e-08,3.112813894446375e-10,5.360728515201486e-10,1.3386606509019904e-07,1.0563480167686543e-09,8.023571296313925e-09,-1.0,-1.0,-1.0,-1.0
2.39,2.91460343721721e-07,2.621527493290211e-07,2.50309348548928e-07,-1.0,-1.0,-1.0,-1.0,-1.0,-1.0,-1.0,-1.0,-1.0,2.6586956168486434e-07,-1.0,-1.0,2.4447264969665833e-07,-1.0,-1.0,-1.0,7.842326987624301e-08,2.595338903669651e-07,2.506218102816046e-07,3.5981245018924124e-08,8.184603943820142e-09,7.609203152028148e-08,1.0626969325529609e-12,4.013169813789681e-12,7.613493472837156e-08,2.7269621714993653e-08,1.6207785740339867e-09,2.9142470527980534e-07,1.128245624420366e-07,2.563305582677775e-07,2.480601848530868e-07,-1.0,-1.0,-1.0,4.2391469230142266e-08,3.3730481201696943e-10,9.841662572506118e-09,7.814232086783079e-12,1.6260343071602196e-11,2.11255463448981e-10,1.1734202081326428e-09,3.8635825759155736e-09,9.591352530078363e-09,8.39667856025535e-08,-1.0,-1.0,-1.0,1.5043808614685914e-08,-1.0,-1.0,-1.0,-1.0,-1.0,-1.0,-1.0,-1.0,-1.0,3.580133379041757e-09,6.126671256219703e-08,2.111230744448006e-08,1.560862844639693e-07,1.1332265056455781e-07,2.914824099783515e-07,2.6500247512739104e-07,2.514170976106714e-07,1.7915579919245857e-07,1.1901840666135573e-07,2.7286575344093044e-09,5.9486284652601225e-08,2.0160836411559828e-08,3.5116357399701224e-10,1.24834837056173e-07,5.608922027926539e-09,7.119234510209611e-08,2.043632091507364e-08,2.977085518885756e-10,5.141075649277743e-10,1.3218694508936312e-07,1.0169060520164192e-09,7.807657883868929e-09,-1.0,-1.0,-1.0,-1.0
2.4,2.9007998230642195e-07,2.6022858561815003e-07,2.4950549835362783e-07,-1.0,-1.0,-1.0,-1.0,-1.0,-1.0,-1.0,-1.0,-1.0,2.6397978523441634e-07,-1.0,-1.0,2.4371366557093706e-07,-1.0,-1.0,-1.0,7.719876538134279e-08,2.576101807823088e-07,2.498145711644533e-07,3.537005499699905e-08,7.978048828431974e-09,7.494617057038231e-08,9.883335744173487e-13,3.782904700336094e-12,7.493101606667016e-08,2.6697042903034134e-08,1.5649594590255935e-09,2.900368019238585e-07,1.1132693055217566e-07,2.544327708378597e-07,2.472617430861619e-07,-1.0,-1.0,-1.0,4.161789368139951e-08,3.2287694143469214e-10,9.584483010667791e-09,7.470644702554342e-12,1.5373751474586968e-11,2.0171424283762291e-10,1.1301302606889573e-09,3.742270753280429e-09,9.344592778838918e-09,8.271167349744582e-08,-1.0,-1.0,-1.0,1.4723347208323125e-08,-1.0,-1.0,-1.0,-1.0,-1.0,-1.0,-1.0,-1.0,-1.0,3.4698312536187934e-09,6.022451094290918e-08,2.063736569638584e-08,1.542843575563708e-07,1.1178642412543049e-07,2.9009416451248367e-07,2.630860699134531e-07,2.5060369458412116e-07,1.772536610904058e-07,1.1744006420632286e-07,2.6409871500597567e-09,5.846514184578125e-08,1.9700423382855087e-08,3.3617265087744937e-10,1.2322563833420048e-07,5.4507346051269946e-09,7.004137265797212e-08,1.9976541729116128e-08,2.8472818197970756e-10,4.930427659861385e-10,1.3052904956224364e-07,9.789418807078152e-10,7.59763695883215e-09,-1.0,-1.0,-1.0,-1.0
2.41,2.887061905061473e-07,2.5831865068142776e-07,2.4870423760817724e-07,-1.0,-1.0,-1.0,-1.0,-1.0,-1.0,-1.0,-1.0,-1.0,2.6210363698602995e-07,-1.0,-1.0,2.4295704923603175e-07,-1.0,-1.0,-1.0,7.599353271758558e-08,2.5570086459262994e-07,2.490099418145804e-07,3.4769919099579996e-08,7.77683176885913e-09,7.381819010002966e-08,9.191783915802186e-13,3.5659298661811095e-12,7.37462641986064e-08,2.6136640454690822e-08,1.5110811602929712e-09,2.8865554867197706e-07,1.0984958651343867e-07,2.52549390970764e-07,2.464659047292772e-07,-1.0,-1.0,-1.0,4.085881749133962e-08,3.090674384927131e-10,9.334097787249462e-09,7.14306909591023e-12,1.4535758982982447e-11,1.9260454573223022e-10,1.0884404466577996e-09,3.6247680060430216e-09,9.104282881540226e-09,8.147571077224473e-08,-1.0,-1.0,-1.0,1.4410096228110374e-08,-1.0,-1.0,-1.0,-1.0,-1.0,-1.0,-1.0,-1.0,-1.0,3.36295638939094e-09,5.920015531158352e-08,2.0173191563633682e-08,1.5250327997412305e-07,1.102710959631881e-07,2.8871256982021975e-07,2.611835824859289e-07,2.4979293172450826e-07,1.7537176580406052e-07,1.1588271627792305e-07,2.556155799849678e-09,5.7461648345450234e-08,1.9250585292236986e-08,3.218226089628392e-10,1.2163735212387491e-07,5.297075514987269e-09,6.89091435786132e-08,1.9527216922262228e-08,2.723143890158683e-10,4.728415190876877e-10,1.2889210824426483e-07,9.423999433380902e-10,7.393345457289135e-09,-1.0,-1.0,-1.0,-1.0
2.42,2.873389368996846e-07,2.5642283848141423e-07,2.479055579453879e-07,-1.0,-1.0,-1.0,-1.0,-1.0,-1.0,-1.0,-1.0,-1.0,2.602410172184103e-07,-1.0,-1.0,2.4220279326938994e-07,-1.0,-1.0,-1.0,7.48072661642619e-08,2.5380583303169237e-07,2.4820791376326623e-07,3.418062269988815e-08,7.580810930071962e-09,7.270780076854503e-08,8.548662907437404e-13,3.361473161082912e-12,7.258037195035665e-08,2.5588152137514065e-08,1.4590755658716328e-09,2.8728091346693146e-07,1.083922498725673e-07,2.5068030651139034e-07,2.4567266118529287e-07,-1.0,-1.0,-1.0,4.011396157082118e-08,2.9584974600035275e-10,9.09032552453696e-09,6.830706889075035e-12,1.374368710723442e-11,1.839068280717348e-10,1.0482915058125518e-09,3.51095473190491e-09,8.870251479606026e-09,8.025859941268289e-08,-1.0,-1.0,-1.0,1.4103884216668572e-08,-1.0,-1.0,-1.0,-1.0,-1.0,-1.0,-1.0,-1.0,-1.0,3.259401334007037e-09,5.8193338043164606e-08,1.9719538955308466e-08,1.5074280994952701e-07,1.0877638078930704e-07,2.873375938517043e-07,2.5929491132913293e-07,2.489848004343339e-07,1.7350989742044012e-07,1.1434608275837839e-07,2.4740707876030365e-09,5.647549701348718e-08,1.8811077817009444e-08,3.0808600873405066e-10,1.200697045391476e-07,5.1478131140016366e-09,6.77953503904134e-08,1.9088106133131635e-08,2.6044241499976465e-10,4.5346840441154445e-10,1.2727585433647077e-07,9.072267763341699e-10,7.194624889686364e-09,-1.0,-1.0,-1.0,-1.0
2.43,2.8597819021684083e-07,2.545410437772458e-07,2.4710945102519125e-07,-1.0,-1.0,-1.0,-1.0,-1.0,-1.0,-1.0,-1.0,-1.0,2.583918269505618e-07,-1.0,-1.0,2.4145089027183916e-07,-1.0,-1.0,-1.0,7.36396648887003e-08,2.519249781637491e-07,2.474084785693735e-07,3.3601955676479714e-08,7.38984836718388e-09,7.161471808830983e-08,7.950577956466211e-13,3.1688076287822675e-12,7.143303710293771e-08,2.505132143705969e-08,1.4088769757615553e-09,2.8591286440695545e-07,1.0695464413161133e-07,2.488254061993875e-07,2.448820038858105e-07,-1.0,-1.0,-1.0,3.9383052344986824e-08,2.831984497348622e-10,8.852989735251091e-09,6.532802445769195e-12,1.2995005803309853e-11,1.756024322155417e-10,1.0096263768451906e-09,3.400715084026398e-09,8.642331843675936e-09,7.906004613031367e-08,-1.0,-1.0,-1.0,1.380454402183343e-08,-1.0,-1.0,-1.0,-1.0,-1.0,-1.0,-1.0,-1.0,-1.0,3.1590620360218105e-09,5.72037568508965e-08,1.9276167451568693e-08,1.4900270852436273e-07,1.0730199722342835e-07,2.8596920471243045e-07,2.5741995567108777e-07,2.4817929214418747e-07,1.7166784233451434e-07,1.1282988727888644e-07,2.394642469715864e-09,5.5506386092933846e-08,1.8381662313285585e-08,2.9493658731544465e-10,1.185224253075544e-07,5.002819646527964e-09,6.669969070075464e-08,1.865897459049634e-08,2.490885850263867e-10,4.3488945568558336e-10,1.256800244607894e-07,8.733709327217008e-10,7.001321210803578e-09,-1.0,-1.0,-1.0,-1.0
2.44,2.846239193377132e-07,2.5267316211860355e-07,2.4631590853455104e-07,-1.0,-1.0,-1.0,-1.0,-1.0,-1.0,-1.0,-1.0,-1.0,2.5655596793621477e-07,-1.0,-1.0,2.407013328675128e-07,-1.0,-1.0,-1.0,7.249043286750936e-08,2.5005819287713376e-07,2.4661162781925803e-07,3.3033712310542466e-08,7.203809914932076e-09,7.053866234053423e-08,7.394372478774973e-13,2.9872488396633685e-12,7.030396231178049e-08,2.452589743069465e-08,1.3604220157727508e-09,2.845513697449877e-07,1.0553649669104114e-07,2.4698457966184565e-07,2.44093924291076e-07,-1.0,-1.0,-1.0,3.866582164150751e-08,2.710892291436246e-10,8.621918689425014e-09,6.248640424696105e-12,1.2287325198408898e-11,1.6767354668262337e-10,9.72390115615348e-10,3.2939368531059153e-09,8.420361746410814e-09,7.787976228625117e-08,-1.0,-1.0,-1.0,1.3511912682754263e-08,-1.0,-1.0,-1.0,-1.0,-1.0,-1.0,-1.0,-1.0,-1.0,3.061837736189075e-09,5.6231114693069005e-08,1.8842842171852633e-08,1.472827395171753e-07,1.0584766773963497e-07,2.8460737066248294e-07,2.5555861547805264e-07,2.473763983126545e-07,1.698453892244846e-07,1.1133385716929121e-07,2.3177841537426568e-09,5.455401911308667e-08,1.7962105683188743e-08,2.8234920793870687e-10,1.1699524772220489e-07,4.861971128120363e-09,6.562186711343135e-08,1.8239592981727642e-08,2.382302598460252e-10,4.170721005053199e-10,1.2410435861587904e-07,8.407829058049284e-10,6.813284693469601e-09,-1.0,-1.0,-1.0,-1.0
2.45,2.8327609329196304e-07,2.508190898397241e-07,2.455249221873751e-07,-1.0,-1.0,-1.0,-1.0,-1.0,-1.0,-1.0,-1.0,-1.0,2.547333426582934e-07,-1.0,-1.0,2.399541137037764e-07,-1.0,-1.0,-1.0,7.135927880909708e-08,2.4820537087790074e-07,2.4581735312667954e-07,3.247569118573545e-08,7.022565080418419e-09,6.94793584925336e-08,6.877111341799116e-13,2.816152382329205e-12,6.919285502761607e-08,2.401163466421973e-08,1.3136495544737695e-09,2.8319639788791764e-07,1.0413753879369278e-07,2.4515771740604815e-07,2.4330841388988295e-07,-1.0,-1.0,-1.0,3.7962006581147176e-08,2.594988101773606e-10,8.396945284938351e-09,5.977543481236974e-12,1.1618387780618931e-11,1.6010316772186568e-10,9.36529816444501e-10,3.190511353162004e-09,8.204183338852904e-09,7.671746381615963e-08,-1.0,-1.0,-1.0,1.3225831319157173e-08,-1.0,-1.0,-1.0,-1.0,-1.0,-1.0,-1.0,-1.0,-1.0,2.967630862265071e-09,5.527511968140257e-08,1.8419333646173104e-08,1.4558266949094102e-07,1.0441311861346825e-07,2.832520601157843e-07,2.537107914490903e-07,2.46576110426225e-07,1.680423290273269e-07,1.0985772340843042e-07,2.243412000382355e-09,5.3618104796272616e-08,1.7552180245177665e-08,2.7029981158071275e-10,1.1548790859441252e-07,4.7251472324188476e-09,6.456158714549217e-08,1.7829737324375843e-08,2.2784579050734955e-10,3.9998510310448015e-10,1.2254860013354777e-07,8.094150557445532e-10,6.63036980591209e-09,-1.0,-1.0,-1.0,-1.0
2.46,2.8193468125809377e-07,2.489787240534594e-07,2.447364837244276e-07,-1.0,-1.0,-1.0,-1.0,-1.0,-1.0,-1.0,-1.0,-1.0,2.529238543234272e-07,-1.0,-1.0,2.392092254511544e-07,-1.0,-1.0,-1.0,7.024591607744909e-08,2.4636640668351434e-07,2.450256461327105e-07,3.1927695090504536e-08,6.8459869390108416e-09,6.84365361164871e-08,6.396065313466692e-13,2.6549115045227406e-12,6.809942741865443e-08,2.3508293031246587e-08,1.2685006231305767e-09,2.8184791739583413e-07,1.027575054695354e-07,2.433447108122856e-07,2.425254641994755e-07,-1.0,-1.0,-1.0,3.727134947059935e-08,2.4840492016203324e-10,8.177906921607156e-09,5.7188701079710665e-12,1.098606102633809e-11,1.5287506263026404e-10,9.019945363417187e-10,3.0903333109018304e-09,7.993643030240066e-09,7.557287115647312e-08,-1.0,-1.0,-1.0,1.2946145023681106e-08,-1.0,-1.0,-1.0,-1.0,-1.0,-1.0,-1.0,-1.0,-1.0,2.876346927207586e-09,5.433548499104473e-08,1.8005417689428546e-08,1.439022677211119e-07,1.0299807986967636e-07,2.8190324163934513e-07,2.5187638501067576e-07,2.457784199992018e-07,1.6625845491459863e-07,1.0840122057515269e-07,2.171444928749029e-09,5.269835696628039e-08,1.7151663607422698e-08,2.58765370681762e-10,1.1400014820695914e-07,4.592231181486084e-09,6.351856314547614e-08,1.7429188840807762e-08,2.179144749892495e-10,3.835985094765146e-10,1.210124956357386e-07,7.792215389232098e-10,6.452435092635741e-09,-1.0,-1.0,-1.0,-1.0
2.47,2.805996525627321e-07,2.471519626453795e-07,2.4395058491324214e-07,-1.0,-1.0,-1.0,-1.0,-1.0,-1.0,-1.0,-1.0,-1.0,2.5112740685650316e-07,-1.0,-1.0,2.3846666080325627e-07,-1.0,-1.0,-1.0,6.915006261714287e-08,2.44541195616588e-07,2.44236498505648e-07,3.138953092280712e-08,6.673952033308254e-09,6.74099293096493e-08,5.948696604284261e-13,2.5029548944077634e-12,6.702339629403302e-08,2.3015637655266348e-08,1.2249183385272204e-09,2.8050589698127783e-07,1.0139613548124734e-07,2.415454521267282e-07,2.4174506676545256e-07,-1.0,-1.0,-1.0,3.6593597697546684e-08,2.3778624462111585e-10,7.964645378730816e-09,5.472012605251422e-12,1.038833044077989e-11,1.4597373473935103e-10,8.687352220515121e-10,2.9933007585634793e-09,7.788591371175709e-09,7.444570917182387e-08,-1.0,-1.0,-1.0,1.2672702757197273e-08,-1.0,-1.0,-1.0,-1.0,-1.0,-1.0,-1.0,-1.0,-1.0,2.7878944306599955e-09,5.341192877214821e-08,1.7600875278658596e-08,1.4224130616403212e-07,1.0160228523068274e-07,2.8056088395251766e-07,2.5005529831134347e-07,2.449833185736095e-07,1.644935622685039e-07,1.0696408679999305e-07,2.1018045248161026e-09,5.1794494458416315e-08,1.6760338544160165e-08,2.477238448545272e-10,1.1253171026798361e-07,4.463109639484347e-09,6.249251221301914e-08,1.7037733835827884e-08,2.084165167341215e-10,3.6788359475041196e-10,1.1949579499207357e-07,7.501582399923494e-10,6.279343058725947e-09,-1.0,-1.0,-1.0,-1.0
2.48,2.792709766799126e-07,2.4533870426792257e-07,2.4316721754803433e-07,-1.0,-1.0,-1.0,-1.0,-1.0,-1.0,-1.0,-1.0,-1.0,2.4934390489526026e-07,-1.0,-1.0,2.3772641247670406e-07,-1.0,-1.0,-1.0,6.807144087958028e-08,2.4272963379867276e-07,2.434499019409245e-07,3.086100959718193e-08,6.5063402750754035e-09,6.63992766159894e-08,5.53264542564442e-13,2.359744593770829e-12,6.596448302851597e-08,2.2533438774349544e-08,1.1828478285637832e-09,2.791703055084985e-07,1.0005317127058974e-07,2.3975983445435965e-07,2.409672131616717e-07,-1.0,-1.0,-1.0,3.5928503627897226e-08,2.2762238596375225e-10,7.757006696000514e-09,5.236395173639177e-12,9.823292988273118e-12,1.393843899938854e-10,8.367046398185233e-10,2.899314930123048e-09,7.588882940059312e-09,7.333570708366025e-08,-1.0,-1.0,-1.0,1.2405357247025748e-08,-1.0,-1.0,-1.0,-1.0,-1.0,-1.0,-1.0,-1.0,-1.0,2.7021847636131915e-09,5.25041740630039e-08,1.7205492433175024e-08,1.4059955942572404e-07,1.0022547206576584e-07,2.7922495592625346e-07,2.4824743421637523e-07,2.441907977191038e-07,1.6274744865821666e-07,1.0554606371750045e-07,2.034414952926885e-09,5.090624103115682e-08,1.6377992874954998e-08,2.371541384979614e-10,1.1108234186548808e-07,4.33767260958948e-09,6.148315611980787e-08,1.6655163577211778e-08,1.9933298499914339e-10,3.5281281272818047e-10,1.1799825127794922e-07,7.221827064984324e-10,6.110960057478405e-09,-1.0,-1.0,-1.0,-1.0
2.49,2.7794862323036554e-07,2.43538848334587e-07,2.423863734496153e-07,-1.0,-1.0,-1.0,-1.0,-1.0,-1.0,-1.0,-1.0,-1.0,2.475732537849249e-07,-1.0,-1.0,2.3698847321105914e-07,-1.0,-1.0,-1.0,6.700977775041535e-08,2.409316181440919e-07,2.426658481610188e-07,3.0341945954101194e-08,6.343034850056821e-09,6.540432094923063e-08,5.1457174928519e-13,2.2247740352186944e-12,6.492241348842157e-08,2.2061471628417442e-08,1.1422361605308397e-09,2.7784111199271394e-07,9.872835890556508e-08,2.3798775175196718e-07,2.401918949901538e-07,-1.0,-1.0,-1.0,3.527582450514986e-08,2.1789382395798067e-10,7.554841057675796e-09,5.01147212053337e-12,9.28915089039087e-12,1.3309290505028048e-10,8.058573077676388e-10,2.8082801607607907e-09,7.394376232684754e-09,7.22425984000333e-08,-1.0,-1.0,-1.0,1.2143964887965048e-08,-1.0,-1.0,-1.0,-1.0,-1.0,-1.0,-1.0,-1.0,-1.0,2.6191321161417436e-09,5.1611948704699744e-08,1.6819060097499685e-08,1.389768047310368e-07,9.886738134093887e-08,2.778954265823638e-07,2.464526963025261e-07,2.434008490328806e-07,1.6101991381645696e-07,1.0414689641920568e-07,1.969202870267712e-09,5.003332527936801e-08,1.6004419346802222e-08,2.270360602340798e-10,1.0965179342245109e-07,4.21581333404159e-09,6.049022123185793e-08,1.628127417908106e-08,1.9064577694572761e-10,3.383597474951361e-10,1.165196207331757e-07,6.952540859901727e-10,5.947156181257683e-09,-1.0,-1.0,-1.0,-1.0
2.5,2.766325619808094e-07,2.417522950141703e-07,2.4160804446530527e-07,-1.0,-1.0,-1.0,-1.0,-1.0,-1.0,-1.0,-1.0,-1.0,2.4581535957288773e-07,-1.0,-1.0,2.3625283576874993e-07,-1.0,-1.0,-1.0,6.596480447816156e-08,2.3914704635382784e-07,2.41884328915368e-07,2.983215867154506e-08,6.1839221255821835e-09,6.442480951726557e-08,4.785872406402688e-13,2.097566195927808e-12,6.389691795875987e-08,2.159951634902756e-08,1.103032271963429e-09,2.765182855993745e-07,9.742144802834995e-08,2.362290988211937e-07,2.394191038809874e-07,-1.0,-1.0,-1.0,3.463532235184533e-08,2.0858187791173058e-10,7.358002679939147e-09,4.79672617383227e-12,8.784205771189964e-12,1.270857968255776e-10,7.761494308019985e-10,2.7201037894840997e-09,7.204933554916911e-09,7.116612084653411e-08,-1.0,-1.0,-1.0,1.1888385646053717e-08,-1.0,-1.0,-1.0,-1.0,-1.0,-1.0,-1.0,-1.0,-1.0,2.5386533881142467e-09,5.073498525728049e-08,1.644137402704366e-08,1.3737282189315694e-07,9.752775756952213e-08,2.765722650927854e-07,2.4467098885279104e-07,2.42613464139586e-07,1.5931075961632e-07,1.0276633340722416e-07,1.9060973442037e-09,4.91754805490656e-08,1.5639415519000766e-08,2.173502840891078e-10,1.0823981865254253e-07,4.097428197235725e-09,5.9513438433095065e-08,1.5915866488052227e-08,1.8233758139087482e-10,3.2449906701783637e-10,1.1505966272115352e-07,6.693330655124064e-10,5.78780515549113e-09,-1.0,-1.0,-1.0,-1.0
2.5100000000000002,2.753227628432446e-07,2.399789452250502e-07,2.408322224688469e-07,-1.0,-1.0,-1.0,-1.0,-1.0,-1.0,-1.0,-1.0,-1.0,2.4407012900342003e-07,-1.0,-1.0,2.3551949293499927e-07,-1.0,-1.0,-1.0,6.493625660395517e-08,2.3737581690945156e-07,2.4110533598027937e-07,2.933147017873833e-08,6.028891560877759e-09,6.346049374791996e-08,4.451212849730466e-13,1.9776718609539234e-12,6.288773107155839e-08,2.114735785161566e-08,1.065186903980954e-09,2.752017956434299e-07,9.613219180398877e-08,2.3448377130164425e-07,2.3864883149223417e-07,-1.0,-1.0,-1.0,3.400676387305698e-08,1.9966867048761908e-10,7.16634970134017e-09,4.591666895926818e-12,8.306853130014288e-12,1.213501934309008e-10,7.475388379248992e-10,2.63469606480803e-09,7.020420918358756e-09,7.01060162983608e-08,-1.0,-1.0,-1.0,1.1638482964984586e-08,-1.0,-1.0,-1.0,-1.0,-1.0,-1.0,-1.0,-1.0,-1.0,2.46066810278082e-09,4.9873020917379476e-08,1.6072234676462212e-08,1.3578739328347246e-07,9.620634876339514e-08,2.752554407788477e-07,2.4290221685120795e-07,2.418286346912261e-07,1.5761979004835177e-07,1.0140412654848158e-07,1.8450297723802893e-09,4.833244485368618e-08,1.528278365073325e-08,2.080783123438346e-10,1.068461745164286e-07,3.982416631758354e-09,5.8552543050215486e-08,1.555874597209169e-08,1.743918441474714e-10,3.112064786479431e-10,1.1361813968857931e-07,6.443818133956664e-10,5.632784235706531e-09,-1.0,-1.0,-1.0,-1.0
2.52,2.740191958742534e-07,2.3821870062951062e-07,2.400588993603201e-07,-1.0,-1.0,-1.0,-1.0,-1.0,-1.0,-1.0,-1.0,-1.0,2.423374695124313e-07,-1.0,-1.0,2.3478843751775246e-07,-1.0,-1.0,-1.0,6.392387389245983e-08,2.3561782906710407e-07,2.403288611588421e-07,2.8839706571993433e-08,5.877835620001887e-09,6.251112921604273e-08,4.1399745459876044e-13,1.864667989534777e-12,6.189459173535845e-08,2.070478573013996e-08,1.028652537023008e-09,2.7389161158860007e-07,9.486034686983927e-08,2.327516656640527e-07,2.3788106950983424e-07,-1.0,-1.0,-1.0,3.338992036187946e-08,1.911370930808285e-10,6.979744076244361e-09,4.395829191762121e-12,7.855577123425681e-12,1.158738064263697e-10,7.199849218952411e-10,2.551970053397556e-09,6.840707938924719e-09,6.906203071349864e-08,-1.0,-1.0,-1.0,1.139412367509566e-08,-1.0,-1.0,-1.0,-1.0,-1.0,-1.0,-1.0,-1.0,-1.0,2.385098323144266e-09,4.902579743729857e-08,1.571144709062322e-08,1.3422030380179017e-07,9.490290638492266e-08,2.7394492311054547e-07,2.411462859777015e-07,2.410463523670777e-07,1.559468111978731e-07,1.0006003102955744e-07,1.7859338054973477e-09,4.750396079184438e-08,1.4934330591288636e-08,1.9920243998129913e-10,1.0547062117866273e-07,3.87068102727894e-09,5.760727477880599e-08,1.5209722612012902e-08,1.6679273488381453e-10,2.984586864537214e-10,1.1219481712567584e-07,6.203639232541334e-10,5.481974107525531e-09,-1.0,-1.0,-1.0,-1.0
2.5300000000000002,2.727218312743006e-07,2.3647146362811015e-07,2.3928806706605586e-07,-1.0,-1.0,-1.0,-1.0,-1.0,-1.0,-1.0,-1.0,-1.0,2.4061728922226696e-07,-1.0,-1.0,2.340596623476053e-07,-1.0,-1.0,-1.0,6.292740026389036e-08,2.3387298285152138e-07,2.3955489628084036e-07,2.8356697532603018e-08,5.730649687324407e-09,6.157647557189561e-08,3.850516920470673e-13,1.7581561782163505e-12,6.09172430658613e-08,2.0271594154072415e-08,9.933833288942528e-10,2.7258770304665e-07,9.360567328575673e-08,2.3103267920350425e-07,2.3711580964751157e-07,-1.0,-1.0,-1.0,3.278456760687202e-08,1.8297077269237343e-10,6.79805147120291e-09,4.208771905107417e-12,7.428945638867872e-12,1.1064490433729451e-10,6.93448581129415e-10,2.471841551578386e-09,6.665667738237533e-09,6.803391406699261e-08,-1.0,-1.0,-1.0,1.1155177904862955e-08,-1.0,-1.0,-1.0,-1.0,-1.0,-1.0,-1.0,-1.0,-1.0,2.311868571024133e-09,4.819306104550907e-08,1.5358820798126517e-08,1.326713408468996e-07,9.36171852995425e-08,2.7264068170581373e-07,2.3940310260296317e-07,2.402666088735986e-07,1.5429163122254494e-07,9.873380531213513e-08,1.7287452726654866e-09,4.6689775466548164e-08,1.4593867672864344e-08,1.9070572066299582e-10,1.0411292196515122e-07,3.762126642208284e-09,5.667737761070068e-08,1.4868610795551144e-08,1.5952511543567951e-10,2.862333503040415e-10,1.1078946352693726e-07,5.972443601078554e-10,5.335258789526502e-09,-1.0,-1.0,-1.0,-1.0
2.54,2.7143063938703945e-07,2.34737137354094e-07,2.385197175385511e-07,-1.0,-1.0,-1.0,-1.0,-1.0,-1.0,-1.0,-1.0,-1.0,2.389094969365451e-07,-1.0,-1.0,2.3333316027773243e-07,-1.0,-1.0,-1.0,6.19465837271398e-08,2.3214117905010867e-07,2.387834332026656e-07,2.788227624672867e-08,5.5872319854730485e-09,6.065629647082011e-08,3.5813144190610883e-13,1.6577612150074121e-12,5.995543231770639e-08,1.9847581767684987e-08,9.593350550347638e-10,2.7129003977666725e-07,9.236793448500699e-08,2.2932671003271435e-07,2.3635304364668048e-07,-1.0,-1.0,-1.0,3.21904858014155e-08,1.751540402330362e-10,6.621141164163064e-09,4.03007649755431e-12,7.025605643655746e-12,1.0565228737424143e-10,6.678921637658789e-10,2.3942289996263766e-09,6.4951768477689075e-09,6.702142028629624e-08,-1.0,-1.0,-1.0,1.0921518994823673e-08,-1.0,-1.0,-1.0,-1.0,-1.0,-1.0,-1.0,-1.0,-1.0,2.2409057487261747e-09,4.737456236854939e-08,1.501416970731464e-08,1.3114029428748066e-07,9.234894372900746e-08,2.713426863298071e-07,2.376725737833702e-07,2.394893959443386e-07,1.5265406033017584e-07,9.74252110890529e-08,1.6734021092575607e-09,4.5889640405847056e-08,1.4261210605887596e-08,1.8257193416778603e-10,1.0277284332118812e-07,3.6566615180384163e-09,5.576259976255486e-08,1.4535229213954545e-08,1.5257450950720015e-10,2.7450904663288607e-10,1.0940185035238436e-07,5.749894085484282e-10,5.1925255388938064e-09,-1.0,-1.0,-1.0,-1.0
2.5500000000000003,2.7014559069861987e-07,2.3301562566784825e-07,2.3775384275638357e-07,-1.0,-1.0,-1.0,-1.0,-1.0,-1.0,-1.0,-1.0,-1.0,2.372140021350325e-07,-1.0,-1.0,2.326089241838158e-07,-1.0,-1.0,-1.0,6.098117631399014e-08,2.3042231920705817e-07,2.3801446380722975e-07,2.741627932723295e-08,5.4474834956717685e-09,5.975035950415725e-08,3.3309484365449287e-13,1.563129719117505e-12,5.900891081736206e-08,1.9432551591578552e-08,9.2646505093523e-10,2.69998591684344e-07,9.114689722589688e-08,2.2763365707536384e-07,2.3559276327635188e-07,-1.0,-1.0,-1.0,3.160745945494245e-08,1.6767190019603528e-10,6.448885946440282e-09,3.859345805115923e-12,6.6442787938094536e-12,1.0088526330216025e-10,6.432794138117397e-10,2.3190533987482396e-09,6.329115115646188e-09,6.60243071876772e-08,-1.0,-1.0,-1.0,1.0693023413859581e-08,-1.0,-1.0,-1.0,-1.0,-1.0,-1.0,-1.0,-1.0,-1.0,2.1721390632323983e-09,4.6570056354294245e-08,1.4677312004715778e-08,1.296269564333502e-07,9.109794320527184e-08,2.7005090689418194e-07,2.3595460725594146e-07,2.387147053398507e-07,1.5103391075676665e-07,9.613401324094528e-08,1.6198442871711132e-09,4.510331148488718e-08,1.3936179376795862e-08,1.7478555523052045e-10,1.014501547700506e-07,3.5541963962812463e-09,5.486269360561441e-08,1.4209400761030615e-08,1.4592707369961265e-10,2.632652308152917e-10,1.0803175198932238e-07,5.535666228703555e-10,5.053664759772373e-09,-1.0,-1.0,-1.0,-1.0
2.56,2.6886665583700094e-07,2.313068331513967e-07,2.3699043472412732e-07,-1.0,-1.0,-1.0,-1.0,-1.0,-1.0,-1.0,-1.0,-1.0,2.3553071496856064e-07,-1.0,-1.0,2.3188694696397371e-07,-1.0,-1.0,-1.0,6.003093401439031e-08,2.287163056175152e-07,2.3724798000387842e-07,2.6958546737403962e-08,5.311307880398744e-09,5.885843613139816e-08,3.0980998119245724e-13,1.4739288611630745e-12,5.807743389711177e-08,1.9026310926404524e-08,8.947321566193984e-10,2.687133288212611e-07,8.994233154411186e-08,2.259534200594902e-07,2.3483496033303966e-07,-1.0,-1.0,-1.0,3.103527730600067e-08,1.6051000163919347e-10,6.281162027376001e-09,3.696202867630079e-12,6.283757288129744e-12,9.633362440627448e-11,6.195754192937168e-10,2.246238230669063e-09,6.167365616049733e-09,6.504233641366337e-08,-1.0,-1.0,-1.0,1.046957067777309e-08,-1.0,-1.0,-1.0,-1.0,-1.0,-1.0,-1.0,-1.0,-1.0,2.1054999528298004e-09,4.577930219657166e-08,1.4348070055861766e-08,1.2813112200704476e-07,8.986394852501385e-08,2.68765313456383e-07,2.3424911143333123e-07,2.379425288476028e-07,1.494309967447915e-07,9.48599797934691e-08,1.5680137474205196e-09,4.433054884934852e-08,1.3618598148218674e-08,1.673317237201096e-10,1.001446288721478e-07,3.4546446379259794e-09,5.397741559666158e-08,1.3890952434589371e-08,1.3956956980960798e-10,2.5248220108851987e-10,1.0667894571459537e-07,5.329447790933171e-10,4.918569914249175e-09,-1.0,-1.0,-1.0,-1.0
2.5700000000000003,2.6759380557126556e-07,2.2961066510293963e-07,2.3622948547226764e-07,-1.0,-1.0,-1.0,-1.0,-1.0,-1.0,-1.0,-1.0,-1.0,2.3385954625397936e-07,-1.0,-1.0,2.311672215386895e-07,-1.0,-1.0,-1.0,5.909561671278288e-08,2.2702304132178784e-07,2.3648397372830465e-07,2.6508921716522555e-08,5.178611408293691e-09,5.7980301613541844e-08,2.881541850853436e-13,1.3898451590353524e-12,5.716076083011628e-08,1.8628671258729306e-08,8.640966631189235e-10,2.674342213841783e-07,8.875401070574976e-08,2.2428589951093306e-07,2.3407962664066802e-07,-1.0,-1.0,-1.0,3.047373223711136e-08,1.5365461041993054e-10,6.1178489416066384e-09,3.540289826477468e-12,5.942899953735889e-12,9.198762550480946e-11,5.967465623387198e-10,2.175709379744769e-09,6.009814561127608e-09,6.407527337151117e-08,-1.0,-1.0,-1.0,1.0251043270090086e-08,-1.0,-1.0,-1.0,-1.0,-1.0,-1.0,-1.0,-1.0,-1.0,2.0409220160984868e-09,4.5002063261103245e-08,1.4026270308424927e-08,1.2665258811573385e-07,8.86467277047846e-08,2.6748587621893217e-07,2.3255599539885944e-07,2.371728582818891e-07,1.4784513452171112e-07,9.36028818751044e-08,1.5178543349802522e-09,4.357111684023908e-08,1.330829516150376e-08,1.6019621609936604e-10,9.8856041184715e-08,3.357922145337613e-09,5.31065262101164e-08,1.3579715240225355e-08,1.334893383415816e-10,2.4214106395495097e-10,1.0534321165732997e-07,5.130938288033927e-10,4.787137435885277e-09,-1.0,-1.0,-1.0,-1.0
2.58,2.6632701081093974e-07,2.2792702753143434e-07,2.354709870571175e-07,-1.0,-1.0,-1.0,-1.0,-1.0,-1.0,-1.0,-1.0,-1.0,2.3220040746915005e-07,-1.0,-1.0,2.3044974085074098e-07,-1.0,-1.0,-1.0,5.8174988125463194e-08,2.2534243009960356e-07,2.3572243694246282e-07,2.606725070722428e-08,5.0493028812467005e-09,5.711573494763911e-08,2.6801338381318697e-13,1.3105833449140172e-12,5.625865476653565e-08,1.8239448168993796e-08,8.345202608685696e-10,2.6616123971432484e-07,8.758171116104072e-08,2.2263099674683466e-07,2.3332675405047884e-07,-1.0,-1.0,-1.0,2.992262119138432e-08,1.470925826288742e-10,5.958829458871812e-09,3.3912668864139403e-12,5.620628550067288e-12,8.783796296091874e-11,5.747604711121151e-10,2.10739505752026e-09,5.856351215356617e-09,6.31228871726801e-08,-1.0,-1.0,-1.0,1.0037326565026017e-08,-1.0,-1.0,-1.0,-1.0,-1.0,-1.0,-1.0,-1.0,-1.0,1.978340943182571e-09,4.423810701274529e-08,1.371174319761934e-08,1.2519115422346161e-07,8.744605193677604e-08,2.6621256552872235e-07,2.3087516890157883e-07,2.364056854837427e-07,1.4627614227871756e-07,9.23624936755241e-08,1.469311735803439e-09,4.2824783920022546e-08,1.3005102641532354e-08,1.5336541811144156e-10,9.758417022204698e-08,3.2639472865214435e-09,5.224978987127499e-08,1.3275524097382585e-08,1.276742731805316e-10,2.3222370100582765e-10,1.0402433276216311e-07,4.939848547440739e-10,4.659266645724594e-09,-1.0,-1.0,-1.0,-1.0
2.59,2.650662426053141e-07,2.2625582715121642e-07,2.3471493156073288e-07,-1.0,-1.0,-1.0,-1.0,-1.0,-1.0,-1.0,-1.0,-1.0,2.3055321074797602e-07,-1.0,-1.0,2.2973449786512974e-07,-1.0,-1.0,-1.0,5.726881573895333e-08,2.2367437646440835e-07,2.3496336163448257e-07,2.5633383284608922e-08,4.92329356360259e-09,5.626451880249977e-08,2.4928150058104054e-13,1.2358652991829344e-12,5.537088267069251e-08,1.785846124152033e-08,8.059659899522839e-10,2.648943542966954e-07,8.642521249874284e-08,2.2098861386919447e-07,2.3257633444093896e-07,-1.0,-1.0,-1.0,2.938174509085232e-08,1.4081133917022258e-10,5.803989496291493e-09,3.2488113375845608e-12,5.3159242790836076e-12,8.387575464833076e-11,5.535859735443898e-10,2.041225729656394e-09,5.7068678122803915e-09,6.218495057329562e-08,-1.0,-1.0,-1.0,9.82830875255308e-09,-1.0,-1.0,-1.0,-1.0,-1.0,-1.0,-1.0,-1.0,-1.0,1.917694449269647e-09,4.3487204944006616e-08,1.3404323053812788e-08,1.2374662212371182e-07,8.626169554519764e-08,2.649453518763131e-07,2.2920654235137833e-07,2.3564100232084742e-07,1.4472384014970587e-07,9.11385924045231e-08,1.422333415942397e-09,4.209132260005482e-08,1.2708856703769315e-08,1.468262986400493e-10,9.632879741626192e-08,3.1726408216806724e-09,5.1406974890664915e-08,1.297821774764731e-08,1.22112797374679e-10,2.2271273710745476e-10,1.0272209475294602e-07,4.755900280904886e-10,4.5348596707074e-09,-1.0,-1.0,-1.0,-1.0
2.6,2.638114721427691e-07,2.245969713766631e-07,2.3396131109082978e-07,-1.0,-1.0,-1.0,-1.0,-1.0,-1.0,-1.0,-1.0,-1.0,2.289178688754713e-07,-1.0,-1.0,2.2902148556901107e-07,-1.0,-1.0,-1.0,5.63768707493751e-08,2.220187856577124e-07,2.3420673981858342e-07,2.5207172087052406e-08,4.800497113417152e-09,5.542643945554309e-08,2.3185989248717927e-13,1.1654290472603153e-12,5.449721525926034e-08,1.7485533976521506e-08,7.783981921332501e-10,2.6363353575934936e-07,8.528429740120384e-08,2.1935865375847762e-07,2.3182835971764854e-07,-1.0,-1.0,-1.0,2.8850908756489415e-08,1.3479884143925383e-10,5.653218033044039e-09,3.1126166340385963e-12,5.0278244900919495e-12,8.009252082732031e-11,5.331930527795664e-10,1.9771340451514955e-09,5.56125947355761e-09,6.12612399155855e-08,-1.0,-1.0,-1.0,9.6238807655088e-09,-1.0,-1.0,-1.0,-1.0,-1.0,-1.0,-1.0,-1.0,-1.0,1.8589222102072012e-09,4.274913250482165e-08,1.3103848012297688e-08,1.223187959122929e-07,8.509343594325544e-08,2.636842058952312e-07,2.275500268141231e-07,2.34878800687451e-07,1.4318805019047277e-07,8.993095825150102e-08,1.3768685627003903e-09,4.1370509369306814e-08,1.241939726349555e-08,1.4056638469295207e-10,9.508970707858979e-08,3.083925831996693e-09,5.0577853399499464e-08,1.2687638665215462e-08,1.1679383997913883e-10,2.1359150989388585e-10,1.0143628609691993e-07,4.578825673428571e-10,4.413821364419037e-09,-1.0,-1.0,-1.0,-1.0
2.61,2.6256267075010415e-07,2.2295036831689687e-07,2.3321011778070027e-07,-1.0,-1.0,-1.0,-1.0,-1.0,-1.0,-1.0,-1.0,-1.0,2.2729429528286727e-07,-1.0,-1.0,2.2831069697162363e-07,-1.0,-1.0,-1.0,5.549892800280532e-08,2.2037556364347906e-07,2.3345256353498958e-07,2.4788472748676677e-08,4.680829515703432e-09,5.460128673076954e-08,2.156568290716816e-13,1.099027815595675e-12,5.363742694045947e-08,1.7120493704065444e-08,7.51782464603415e-10,2.623787548727132e-07,8.415875160007836e-08,2.1774102006727666e-07,2.3108282181324906e-07,-1.0,-1.0,-1.0,2.832992082987664e-08,1.2904356804951668e-10,5.50640702737873e-09,2.982391525298886e-12,4.75541956828221e-12,7.648016588957847e-11,5.135528042811598e-10,1.915054767785284e-09,5.419424130255029e-09,6.035153507027204e-08,-1.0,-1.0,-1.0,9.423936208687608e-09,-1.0,-1.0,-1.0,-1.0,-1.0,-1.0,-1.0,-1.0,-1.0,1.801965800186561e-09,4.202366903355588e-08,1.2810159925169799e-08,1.209074819605397e-07,8.394105359072342e-08,2.6242909836127375e-07,2.2590553400683033e-07,2.3411907250427765e-07,1.416685963581374e-07,8.873937434548938e-08,1.3328680277462003e-09,4.06621246243502e-08,1.2136567947170983e-08,1.34573737460364e-10,9.38666863611779e-08,2.997727650563632e-09,4.976220128621188e-08,1.2403632969482361e-08,1.1170681391409171e-10,2.0484404051240858e-10,1.001666979693561e-07,4.4083669877759175e-10,4.2960592301060365e-09,-1.0,-1.0,-1.0,-1.0
2.62,2.6131980989186826e-07,2.2131592677052868e-07,2.324613437891296e-07,-1.0,-1.0,-1.0,-1.0,-1.0,-1.0,-1.0,-1.0,-1.0,2.256824040427557e-07,-1.0,-1.0,2.276021251042196e-07,-1.0,-1.0,-1.0,5.463476593659701e-08,2.1874461710255664e-07,2.3270082484984468e-07,2.437714383343434e-08,4.564209017608171e-09,5.378885393783355e-08,2.0058700747741854e-13,1.0364291433116399e-12,5.279129575424421e-08,1.6763171499953604e-08,7.260856153903526e-10,2.611299825488861e-07,8.304836383269143e-08,2.1613561721402507e-07,2.3033971268733198e-07,-1.0,-1.0,-1.0,2.78185936964809e-08,1.2353449256430106e-10,5.3634513358983305e-09,2.857859237758418e-12,4.497849996668447e-12,7.303096093244626e-11,4.946373945338943e-10,1.8549247097154362e-09,5.281262446322017e-09,5.945561937990514e-08,-1.0,-1.0,-1.0,9.228371289858864e-09,-1.0,-1.0,-1.0,-1.0,-1.0,-1.0,-1.0,-1.0,-1.0,1.7467686314272907e-09,4.1310597689221986e-08,1.2523104275265137e-08,1.1951248888882684e-07,8.28043319520996e-08,2.6118000019181486e-07,2.2427297629287978e-07,2.3336180971844143e-07,1.401653044907829e-07,8.756362671571723e-08,1.2902842721254317e-09,3.996595260058324e-08,1.1860216005877738e-08,1.2883692940200212e-10,9.26595252194059e-08,2.9139737954109517e-09,4.895979813405104e-08,1.2126050339703703e-08,1.0684159479295886e-10,1.9645500557035454e-10,9.891312421865411e-08,4.24427618396824e-10,4.181483345894015e-09,-1.0,-1.0,-1.0,-1.0
2.63,2.600828611696963e-07,2.1969355622044283e-07,2.3171498130031335e-07,-1.0,-1.0,-1.0,-1.0,-1.0,-1.0,-1.0,-1.0,-1.0,2.2408210986426962e-07,-1.0,-1.0,2.268957630199953e-07,-1.0,-1.0,-1.0,5.378416652165171e-08,2.1712585342715525e-07,2.3195151585512738e-07,2.3973046770766743e-08,4.450556065460581e-09,5.298893781219789e-08,1.8657110165025633e-13,9.774140461805435e-13,5.1958603313465465e-08,1.64134021034684e-08,7.012756203616201e-10,2.598871898409489e-07,8.195292579903858e-08,2.1454235037676477e-07,2.2959902432634782e-07,-1.0,-1.0,-1.0,2.7316743410513042e-08,1.1826106218895831e-10,5.224248635049181e-09,2.7387567028818925e-12,4.2543035817155104e-12,6.973752712478155e-11,4.764200212817144e-10,1.7966826671592611e-09,5.146677744185207e-09,5.8573279603120576e-08,-1.0,-1.0,-1.0,9.037084752656775e-09,-1.0,-1.0,-1.0,-1.0,-1.0,-1.0,-1.0,-1.0,-1.0,1.693275895797224e-09,4.06097053848857e-08,1.2242530092106786e-08,1.1813362754039203e-07,8.168305745533942e-08,2.5993688244511624e-07,2.226522666772613e-07,2.3260700430335987e-07,1.386780022873176e-07,8.640350425270708e-08,1.2490713131047932e-09,3.9281781304675674e-08,1.1590192230794672e-08,1.2334502231852552e-10,9.14680163747049e-08,2.8325939045500774e-09,4.817042715972186e-08,1.1854743931678541e-08,1.0218850067803992e-10,1.884097102338859e-10,9.767536133189383e-08,4.086314553194145e-10,4.070006292143649e-09,-1.0,-1.0,-1.0,-1.0
2.64,2.588517963216463e-07,2.1808316682862038e-07,2.3097102252377472e-07,-1.0,-1.0,-1.0,-1.0,-1.0,-1.0,-1.0,-1.0,-1.0,2.2249332808830046e-07,-1.0,-1.0,2.261916037940215e-07,-1.0,-1.0,-1.0,5.294691520562642e-08,2.1551918071536544e-07,2.3120462866856674e-07,2.357604579279432e-08,4.339793243637102e-09,5.220133845634874e-08,1.7353534318627517e-13,9.21776229824554e-13,5.113913474599211e-08,1.607102383694815e-08,6.773215817688762e-10,2.586503479422779e-07,8.08722321194129e-08,2.1296112548696432e-07,2.2886074874351505e-07,-1.0,-1.0,-1.0,2.68241896213316e-08,1.1321317738251351e-10,5.088699344757709e-09,2.6248338293811702e-12,4.024012833477939e-12,6.659281982844047e-11,4.588748752448076e-10,1.740269358094917e-09,5.0155759324033816e-09,5.7704305859807885e-08,-1.0,-1.0,-1.0,8.849977811288709e-09,-1.0,-1.0,-1.0,-1.0,-1.0,-1.0,-1.0,-1.0,-1.0,1.6414345083052924e-09,3.992078272223987e-08,1.1968289869813966e-08,1.167707109554639e-07,8.057701945115713e-08,2.5869971631964015e-07,2.2104331880185617e-07,2.3185464825866758e-07,1.3720651928755058e-07,8.525879866989459e-08,1.209184672787635e-09,3.860940244820968e-08,1.1326350870654937e-08,1.1808754636499313e-10,9.029195527787245e-08,2.7535196729827796e-09,4.739387515305137e-08,1.1589570296405313e-08,9.773827272293096e-11,1.8069406243141786e-10,9.6453208400833e-08,3.934252365586344e-10,3.961543080882733e-09,-1.0,-1.0,-1.0,-1.0
2.65,2.5762658722154133e-07,2.1648466943100262e-07,2.3022945969428227e-07,-1.0,-1.0,-1.0,-1.0,-1.0,-1.0,-1.0,-1.0,-1.0,2.209159746827521e-07,-1.0,-1.0,2.2548964052317425e-07,-1.0,-1.0,-1.0,5.212280085706043e-08,2.1392450776571997e-07,2.304601554335582e-07,2.318600787300005e-08,4.231845215187886e-09,5.142585928205303e-08,1.6141113160213672e-13,8.693213492150704e-13,5.033267863777576e-08,1.573587852714875e-08,6.54193688276199e-10,2.5741942818585954e-07,7.980608029264998e-08,2.1139184922338898e-07,2.2812487797872988e-07,-1.0,-1.0,-1.0,2.6340755501359763e-08,1.0838117234882435e-10,4.956706554154312e-09,2.5158528167127424e-12,3.806252491595797e-12,6.359011344100277e-11,4.419771032605368e-10,1.6856273619188319e-09,4.887865435324664e-09,5.684849157717291e-08,-1.0,-1.0,-1.0,8.666954087010549e-09,-1.0,-1.0,-1.0,-1.0,-1.0,-1.0,-1.0,-1.0,-1.0,1.5911930524065088e-09,3.9243623927326317e-08,1.1700239486927429e-08,1.1542355434569213e-07,7.948601017288857e-08,2.574684731533669e-07,2.19446046940754e-07,2.3110473361013053e-07,1.357506868524825e-07,8.412930446576456e-08,1.1705813284412284e-09,3.7948611382496385e-08,1.1068549551140046e-08,1.1305447996581309e-10,8.913114007287745e-08,2.6766847916112266e-09,4.662993241766428e-08,1.1330389300663933e-08,9.34820566628371e-11,1.7329454811630288e-10,9.524646708834656e-08,3.7878685313383964e-10,3.856011087254335e-09,-1.0,-1.0,-1.0,-1.0
2.66,2.5640720587831406e-07,2.1489797553239301e-07,2.2949028507176788e-07,-1.0,-1.0,-1.0,-1.0,-1.0,-1.0,-1.0,-1.0,-1.0,2.1934996623782996e-07,-1.0,-1.0,2.247898663260658e-07,-1.0,-1.0,-1.0,5.1311615710406794e-08,2.1234174407179748e-07,2.2971808831907926e-07,2.280280266636735e-08,4.126638664172161e-09,5.06623069536384e-08,1.5013467196114014e-13,8.198663117225277e-13,4.9539026976843466e-08,1.5407811428351517e-08,6.318631764190103e-10,2.561944020436104e-07,7.875427065498104e-08,2.0983442900602123e-07,2.273914040984759e-07,-1.0,-1.0,-1.0,2.5866267675483732e-08,1.0375579636925551e-10,4.8281759493269175e-09,2.411587507412341e-12,3.600337188979581e-12,6.072298692693176e-11,4.2570277279520596e-10,1.6327010609978519e-09,4.7634571246895905e-09,5.6005633436680124e-08,-1.0,-1.0,-1.0,8.487919546318786e-09,-1.0,-1.0,-1.0,-1.0,-1.0,-1.0,-1.0,-1.0,-1.0,1.542501727060366e-09,3.857802678738518e-08,1.1438238128105828e-08,1.1409197506887495e-07,7.840982469690658e-08,2.562431244231146e-07,2.178603659956033e-07,2.3035725240956022e-07,1.3431033814480645e-07,8.301481888649606e-08,1.1332196644782263e-09,3.72992070345465e-08,1.0816649196164528e-08,1.0823623059239066e-10,8.798537156114834e-08,2.6020248879913082e-09,4.58783927126503e-08,1.1077064049477626e-08,8.941138511559394e-11,1.661982075452537e-10,9.405494159530069e-08,3.646950274654342e-10,3.753329982922685e-09,-1.0,-1.0,-1.0,-1.0
2.67,2.5519362443535436e-07,2.133229973013997e-07,2.287534909412448e-07,-1.0,-1.0,-1.0,-1.0,-1.0,-1.0,-1.0,-1.0,-1.0,2.1779521996136762e-07,-1.0,-1.0,2.2409227434297622e-07,-1.0,-1.0,-1.0,5.051315531195417e-08,2.1077079981686956e-07,2.2897841951960663e-07,2.2426302450935382e-08,4.024102239651538e-09,4.9910491332277826e-08,1.3964663793295094e-13,7.732386211326819e-13,4.875797509820326e-08,1.5086671147178406e-08,6.103022934420101e-10,2.5497524112569997e-07,7.771660633948633e-08,2.082887729900333e-07,2.2666031919573445e-07,-1.0,-1.0,-1.0,2.5400556151901414e-08,9.932819594049322e-11,4.703015743048423e-09,2.311822775938375e-12,3.405619245476813e-12,5.7985310005857904e-11,4.100288377755959e-10,1.5814365840566802e-09,4.642264253125416e-09,5.517553132186062e-08,-1.0,-1.0,-1.0,8.312782440811008e-09,-1.0,-1.0,-1.0,-1.0,-1.0,-1.0,-1.0,-1.0,-1.0,1.4953122954858984e-09,3.792379258881219e-08,1.118214820764934e-08,1.1277579260398268e-07,7.734826090358248e-08,2.550236417438632e-07,2.1628619149099815e-07,2.2961219673472864e-07,1.328853081096196e-07,8.191514188911082e-08,1.0970594260367476e-09,3.666099184417533e-08,1.0570513951006784e-08,1.0362361636636563e-10,8.685445316633822e-08,2.52947746887281e-09,4.513905319520731e-08,1.0829460810409716e-08,8.551816065785141e-11,1.5939261253078292e-10,9.287843862785677e-08,3.5112928200438064e-10,3.6534216713802482e-09,-1.0,-1.0,-1.0,-1.0
2.68,2.539858151698605e-07,2.11759647565414e-07,2.2801906961272633e-07,-1.0,-1.0,-1.0,-1.0,-1.0,-1.0,-1.0,-1.0,-1.0,2.1625165367418754e-07,-1.0,-1.0,2.2339685773578436e-07,-1.0,-1.0,-1.0,4.972721846662354e-08,2.0921158586858748e-07,2.282411412550321e-07,2.2056382070734965e-08,3.924166501291591e-09,4.917022542125949e-08,1.2989185850013786e-13,7.292757602001704e-13,4.7989321629646944e-08,1.477230956907579e-08,5.89484261466343e-10,2.5376191717987627e-07,7.669289323613822e-08,2.0675479005980776e-07,2.2593161538989466e-07,-1.0,-1.0,-1.0,2.494345425439055e-08,9.508989768268964e-11,4.581136606423374e-09,2.2163539518417425e-12,3.2214865842464558e-12,5.537122996809532e-11,3.949331056910675e-10,1.5317817513428934e-09,4.524202389478289e-09,5.43579882669704e-08,-1.0,-1.0,-1.0,8.141453248667312e-09,-1.0,-1.0,-1.0,-1.0,-1.0,-1.0,-1.0,-1.0,-1.0,1.449578035558412e-09,3.728072605620333e-08,1.0931835294807083e-08,1.1147482852647097e-07,7.630111943878461e-08,2.538099968680811e-07,2.1472343956989646e-07,2.288695586892827e-07,1.3147543345534018e-07,8.083007610511652e-08,1.0620616741053354e-09,3.6033771702220416e-08,1.0330011107242252e-08,9.920784845291463e-11,8.573819089955967e-08,2.4589818644715913e-09,4.441171436424291e-08,1.0587448939651005e-08,8.179463964242484e-11,1.5286584462763494e-10,9.171676736519868e-08,3.3806990904933814e-10,3.556210225100906e-09,-1.0,-1.0,-1.0,-1.0
2.69,2.5278375049219376e-07,2.102078398056302e-07,2.2728701342114453e-07,-1.0,-1.0,-1.0,-1.0,-1.0,-1.0,-1.0,-1.0,-1.0,2.1471918580549817e-07,-1.0,-1.0,2.227036096878999e-07,-1.0,-1.0,-1.0,4.895360718562701e-08,2.076640137737123e-07,2.2750624577058027e-07,2.1692918880070423e-08,3.826763866523955e-09,4.8441325312225514e-08,1.208190266503558e-13,6.87824609455779e-13,4.723286843843665e-08,1.446458178642993e-08,5.69383242938102e-10,2.525544020907959e-07,7.568293995242738e-08,2.0523238982300998e-07,2.2520528482666472e-07,-1.0,-1.0,-1.0,2.4494798555967135e-08,9.103279198465076e-11,4.462451602401273e-09,2.1249862752166346e-12,3.047360763977511e-12,5.287515908887113e-11,3.803942059189312e-10,1.483686021513833e-09,4.4091893559318825e-09,5.355281040648651e-08,-1.0,-1.0,-1.0,7.973844617707213e-09,-1.0,-1.0,-1.0,-1.0,-1.0,-1.0,-1.0,-1.0,-1.0,1.4052536917948415e-09,3.664863529246931e-08,1.0687168040826967e-08,1.1018890648388349e-07,7.526820367590847e-08,2.526021616850555e-07,2.1317202698907504e-07,2.2812933040266006e-07,1.3008055263483055e-07,7.975942680464033e-08,1.028188742140978e-09,3.541735588985406e-08,1.009501102943681e-08,9.49805142101431e-11,8.463639332508477e-08,2.3904791744208527e-09,4.369618000491947e-08,1.0350900809855456e-08,7.82334167243236e-11,1.4660647421485545e-10,9.056973942767934e-08,3.254979417063456e-10,3.4616218244861137e-09,-1.0,-1.0,-1.0,-1.0
2.7,2.515874029452341e-07,2.0866748815210043e-07,2.2655731472626895e-07,-1.0,-1.0,-1.0,-1.0,-1.0,-1.0,-1.0,-1.0,-1.0,2.13197735388325e-07,-1.0,-1.0,2.2201252340419505e-07,-1.0,-1.0,-1.0,4.819212663497264e-08,2.061279957528842e-07,2.2677372533672495e-07,2.1335792689112148e-08,3.731828559222227e-09,4.772361013235988e-08,1.1238042850978108e-13,6.487409001202907e-13,4.648842057885892e-08,1.4163346028276761e-08,5.499743073119242e-10,2.5135266787935554e-07,7.468655777456071e-08,2.0372148260470791e-07,2.2448131967798264e-07,-1.0,-1.0,-1.0,2.4054428813903863e-08,8.714911735420311e-11,4.3468761211047525e-09,2.0375343825142672e-12,2.8826951204734943e-12,5.049176261403414e-11,3.663915592274667e-10,1.4371004401911648e-09,4.297145166861997e-09,5.2759806925424975e-08,-1.0,-1.0,-1.0,7.809871309977193e-09,-1.0,-1.0,-1.0,-1.0,-1.0,-1.0,-1.0,-1.0,-1.0,1.3622954288762208e-09,3.602733171999893e-08,1.0448018107706246e-08,1.0891785217173759e-07,7.424931967842861e-08,2.514001082202258e-07,2.1163187111461505e-07,2.2739150403000416e-07,1.2870050582672135e-07,7.870300186104342e-08,9.9540419412998e-10,3.4811557018968954e-08,9.865387083558303e-09,9.093356106203288e-11,8.354887152650128e-08,2.3239122153499364e-09,4.299225713412517e-08,1.011969173968164e-08,7.482741006437734e-11,1.4060354043668923e-10,8.943716884537885e-08,3.1339512594762154e-10,3.369584698551957e-09,-1.0,-1.0,-1.0,-1.0
2.71,2.503967452037429e-07,2.0713850737882942e-07,2.2582996591262637e-07,-1.0,-1.0,-1.0,-1.0,-1.0,-1.0,-1.0,-1.0,-1.0,2.1168722205497773e-07,-1.0,-1.0,2.2132359211093668e-07,-1.0,-1.0,-1.0,4.7442585084803655e-08,2.0460344469543418e-07,2.2604357224910735e-07,2.0984885710767487e-08,3.6392965598468905e-09,4.70169019925105e-08,1.0453169148205296e-13,6.118886991064181e-13,4.5755786240634094e-08,1.3868463591571064e-08,5.312333989252213e-10,2.501566867020291e-07,7.370356062922545e-08,2.0222197944154255e-07,2.2375971214192752e-07,-1.0,-1.0,-1.0,2.3622187906081366e-08,8.343144544327833e-11,4.234327816922999e-09,1.9538218209215756e-12,2.726973011489907e-12,4.821594729126417e-11,3.5290534841276825e-10,1.3919775901308895e-09,4.187991969378691e-09,5.197879001046935e-08,-1.0,-1.0,-1.0,7.64945014782626e-09,-1.0,-1.0,-1.0,-1.0,-1.0,-1.0,-1.0,-1.0,-1.0,1.3206607866576831e-09,3.541663002285484e-08,1.0214260098603554e-08,1.0766149330969249e-07,7.324427616296776e-08,2.5020380863452064e-07,2.1010288991742367e-07,2.2665607175208022e-07,1.2733513491693763e-07,7.766061171601302e-08,9.636727840433606e-10,3.421619097361986e-08,9.641015567066322e-09,8.705928106383912e-11,8.247543907332193e-08,2.2592254700410626e-09,4.2299755946857434e-08,9.893699924999863e-09,7.15698471807628e-11,1.3484653196704522e-10,8.831887202707163e-08,3.0174389372778196e-10,3.2800290673071504e-09,-1.0,-1.0,-1.0,-1.0
2.72,2.492117500737239e-07,2.056208128989052e-07,2.2510495938941986e-07,-1.0,-1.0,-1.0,-1.0,-1.0,-1.0,-1.0,-1.0,-1.0,2.1018756603255075e-07,-1.0,-1.0,2.2063680905571856e-07,-1.0,-1.0,-1.0,4.670479385955682e-08,2.0309027415423487e-07,2.2531577882845327e-07,2.0640082508796566e-08,3.549105557015407e-09,4.6321025936226363e-08,9.72315500578711e-14,5.771399242107129e-13,4.5034776698165134e-08,1.3579798773979294e-08,5.131373060200912e-10,2.489664308502058e-07,7.273376504590862e-08,2.0073379207594523e-07,2.2304045444263138e-07,-1.0,-1.0,-1.0,2.3197921768642978e-08,7.987266671855096e-11,4.124726547321455e-09,1.8736805896181637e-12,2.579706159054601e-12,4.604285042197181e-11,3.399164900271433e-10,1.3482715429579515e-09,4.081653985508317e-09,5.120957480189437e-08,-1.0,-1.0,-1.0,7.49249996142722e-09,-1.0,-1.0,-1.0,-1.0,-1.0,-1.0,-1.0,-1.0,-1.0,1.28030863661778e-09,3.481634808998192e-08,9.985771489872714e-09,1.0641965961799429e-07,7.225288446287372e-08,2.490132352236971e-07,2.0858500196878648e-07,2.259230257751911e-07,1.2598428348042138e-07,7.663206934512279e-08,9.329604166399014e-10,3.3631076852500905e-08,9.421775640640076e-09,8.335029613014489e-11,8.141591198803824e-08,2.1963650381155673e-09,4.16184897635014e-08,9.672806371724495e-09,6.845425142001986e-11,1.29325368563682e-10,8.721466772959464e-08,2.905273371172923e-10,3.1928870857729038e-09,-1.0,-1.0,-1.0,-1.0
2.73,2.4803239049179174e-07,2.041143207596682e-07,2.243822875904489e-07,-1.0,-1.0,-1.0,-1.0,-1.0,-1.0,-1.0,-1.0,-1.0,2.0869868813845856e-07,-1.0,-1.0,2.199521675073941e-07,-1.0,-1.0,-1.0,4.597856728892748e-08,2.015883983405922e-07,2.2459033742049154e-07,2.0301269947142094e-08,3.46119490045533e-09,4.5635809889694815e-08,9.044162805428711e-14,5.443738877108799e-13,4.432520626061374e-08,1.329721880816247e-08,4.956636308716142e-10,2.4778187274953324e-07,7.177699011976522e-08,1.9925683295040445e-07,2.223235388301912e-07,-1.0,-1.0,-1.0,2.2781479334926715e-08,7.646597674974674e-11,4.0179943133208486e-09,1.7969507063298578e-12,2.4404330838260572e-12,4.3967829410220235e-11,3.27406607158437e-10,1.305937812416415e-09,3.978057455969662e-09,5.045197934627322e-08,-1.0,-1.0,-1.0,7.3389415377033935e-09,-1.0,-1.0,-1.0,-1.0,-1.0,-1.0,-1.0,-1.0,-1.0,1.241199139700692e-09,3.4226306959411485e-08,9.762432564680656e-09,1.0519218279419655e-07,7.127495849229869e-08,2.478283604176851e-07,2.0707812643595468e-07,2.251923583310939e-07,1.246477967630518e-07,7.56171902238574e-08,9.032341095717184e-10,3.305603691244139e-08,9.207549261506196e-09,7.979954389708612e-11,8.037010871361472e-08,2.1352785882030405e-09,4.094827497799007e-08,9.456894830233135e-09,6.547442902040688e-11,1.2403038337968764e-10,8.612437702761324e-08,2.7972918341456144e-10,3.1080927895974873e-09,-1.0,-1.0,-1.0,-1.0
2.74,2.4685863952454073e-07,2.02618947637916e-07,2.236619429740293e-07,-1.0,-1.0,-1.0,-1.0,-1.0,-1.0,-1.0,-1.0,-1.0,2.0722050977600512e-07,-1.0,-1.0,2.1926966075600905e-07,-1.0,-1.0,-1.0,4.526372265962767e-08,2.0009773211917645e-07,2.2386724039587212e-07,1.9968337140442035e-08,3.375505555299336e-09,4.496108461256129e-08,8.412623612993534e-14,5.134768666902765e-13,4.362689222278881e-08,1.30205937975153e-08,4.787907609826621e-10,2.466029849592627e-07,7.083305747502611e-08,1.9779101520177916e-07,2.2160895758058096e-07,-1.0,-1.0,-1.0,2.2372712475646936e-08,7.320486308893259e-11,3.914055201599376e-09,1.7234797976947576e-12,2.30871762635e-12,4.198645178606949e-11,3.153580032211211e-10,1.264933309087545e-09,3.877130585499332e-09,4.970582454995416e-08,-1.0,-1.0,-1.0,7.1886975706210645e-09,-1.0,-1.0,-1.0,-1.0,-1.0,-1.0,-1.0,-1.0,-1.0,1.2032937055062703e-09,3.364633076344302e-08,9.544126348171874e-09,1.0397889649015158e-07,7.031031471077301e-08,2.46649156779933e-07,2.0558218307776344e-07,2.2446406167691623e-07,1.2332552166375822e-07,7.461579229409328e-08,8.744619567486306e-10,3.24908965129007e-08,8.998221118328398e-09,7.640026419147127e-11,7.933785008141612e-08,2.0759153115479676e-09,4.0288931006830016e-08,9.245851731334322e-09,6.262445674162632e-11,1.1895230600113806e-10,8.504782328377858e-08,2.6933377119951056e-10,3.0255820422193523e-09,-1.0,-1.0,-1.0,-1.0
2.75,2.4569047036791764e-07,2.011346108351456e-07,2.2294391802291357e-07,-1.0,-1.0,-1.0,-1.0,-1.0,-1.0,-1.0,-1.0,-1.0,2.0575295292998644e-07,-1.0,-1.0,2.185892821127342e-07,-1.0,-1.0,-1.0,4.456008016792478e-08,1.986181910029932e-07,2.2314648015008473e-07,1.9641175405695387e-08,3.2919800576825223e-09,4.429668364961638e-08,7.825218350357028e-14,4.843416985115526e-13,4.293965481683508e-08,1.2749796653329186e-08,4.6249784130684414e-10,2.4542974017159803e-07,6.990179122893809e-08,1.9633625265565984e-07,2.2089670299556444e-07,-1.0,-1.0,-1.0,2.1971475940299958e-08,7.008309271526315e-11,3.812835328173515e-09,1.6531227120494605e-12,2.184147550363802e-12,4.009448568177822e-11,3.0375363672148287e-10,1.225216296529753e-09,3.778803489683083e-09,4.8970934133294684e-08,-1.0,-1.0,-1.0,7.041692612809585e-09,-1.0,-1.0,-1.0,-1.0,-1.0,-1.0,-1.0,-1.0,-1.0,1.1665549527843995e-09,3.3076246674786604e-08,9.330738544143334e-09,1.0277963628927043e-07,6.9358772088267e-08,2.4547559700675764e-07,2.0409709224028336e-07,2.2373812809507342e-07,1.220173067168256e-07,7.362769593103078e-08,8.466130929191682e-10,3.193548406144565e-08,8.79367856762241e-09,7.314598608070486e-11,7.831895927956288e-08,2.018225877010043e-09,3.9640280238978864e-08,9.039566123746996e-09,5.989867003609853e-11,1.1408224618111174e-10,8.398483211927166e-08,2.593260272928955e-10,2.9452924835342427e-09,-1.0,-1.0,-1.0,-1.0
2.7600000000000002,2.445278563465973e-07,1.996612282728307e-07,2.2222820524421135e-07,-1.0,-1.0,-1.0,-1.0,-1.0,-1.0,-1.0,-1.0,-1.0,2.042959401623271e-07,-1.0,-1.0,2.1791102490979884e-07,-1.0,-1.0,-1.0,4.386746287294746e-08,1.9714969114839237e-07,2.2242804910337754e-07,1.9319678215051978e-08,3.2105624716034005e-09,4.3642443283333785e-08,7.278860287865728e-14,4.568673999553664e-13,4.22633171647078e-08,1.2484703033346938e-08,4.467647474625788e-10,2.4426211121104744e-07,6.898301795622764e-08,1.9489245982077616e-07,2.201867674026078e-07,-1.0,-1.0,-1.0,2.1577627299767673e-08,6.709470002075954e-11,3.714262783613946e-09,1.5857411533287187e-12,2.066333223570299e-12,3.828789074027635e-11,2.9257709696062916e-10,1.1867463487957176e-09,3.683008143250815e-09,4.82471345856401e-08,-1.0,-1.0,-1.0,6.897853028471836e-09,-1.0,-1.0,-1.0,-1.0,-1.0,-1.0,-1.0,-1.0,-1.0,1.1309466711915714e-09,3.251588485364886e-08,9.122157473194133e-09,1.0159423968404768e-07,6.842015207073381e-08,2.4430765392669667e-07,2.026227748525034e-07,2.230145498931853e-07,1.207230020743893e-07,7.26527239105705e-08,8.196576594274332e-10,3.138963096019194e-08,8.593811571660081e-09,7.003051547854222e-11,7.731326182170838e-08,1.9621623874155758e-09,3.90021479865598e-08,8.837929613055446e-09,5.729165173804625e-11,1.0941167824145494e-10,8.293523138472902e-08,2.496914445870013e-10,2.867163480022899e-09,-1.0,-1.0,-1.0,-1.0
2.77,2.4337077091336174e-07,1.98198718487737e-07,2.2151479716931046e-07,-1.0,-1.0,-1.0,-1.0,-1.0,-1.0,-1.0,-1.0,-1.0,2.0284939460774994e-07,-1.0,-1.0,2.1723488250042412e-07,-1.0,-1.0,-1.0,4.318569665074713e-08,1.9569214935011772e-07,2.217119397006765e-07,1.9003741149698114e-08,3.1311983470113435e-09,4.299820248724455e-08,6.770678764686488e-14,4.309588086285466e-13,4.159770523142178e-08,1.222519128167842e-08,4.3157205990264577e-10,2.431000710337793e-07,6.807656665408192e-08,1.9345955188345205e-07,2.1947914315479315e-07,-1.0,-1.0,-1.0,2.1191026890094497e-08,6.423397531375737e-11,3.618267579754472e-09,1.5212033348521223e-12,1.954906371559782e-12,3.656280943626214e-11,2.8181258064040023e-10,1.1494843092834935e-09,3.5896783297943742e-09,4.753425512103497e-08,-1.0,-1.0,-1.0,6.757106947549133e-09,-1.0,-1.0,-1.0,-1.0,-1.0,-1.0,-1.0,-1.0,-1.0,1.0964337842689433e-09,3.196507839574617e-08,8.918274012315532e-09,1.0042254605384879e-07,6.749427854612742e-08,2.431453004998655e-07,2.011591524220469e-07,2.2229331940399407e-07,1.1944245948911832e-07,7.169070137712912e-08,7.935667711064478e-10,3.085317155319317e-08,8.398512637827748e-09,6.704792328278258e-11,7.632058551623322e-08,1.9076783372188453e-09,3.837436243639944e-08,8.640836302104728e-09,5.4798221247698544e-11,1.0493242611487578e-10,8.189885113154547e-08,2.4041606071465604e-10,2.7911360762973347e-09,-1.0,-1.0,-1.0,-1.0
2.7800000000000002,2.4221918764848167e-07,1.9674700062727057e-07,2.2080368635379785e-07,-1.0,-1.0,-1.0,-1.0,-1.0,-1.0,-1.0,-1.0,-1.0,2.0141323996947844e-07,-1.0,-1.0,2.1656084825875642e-07,-1.0,-1.0,-1.0,4.251461014910178e-08,1.9424548303639333e-07,2.2099814441150443e-07,1.8693261854810167e-08,3.0538346790841847e-09,4.236380288013127e-08,6.298004050844813e-14,4.0652624532906324e-13,4.0942647779060705e-08,1.197114237004607e-08,4.169010390048302e-10,2.4194359272697965e-07,6.71822687076374e-08,1.9203744470210488e-07,2.1877382263073142e-07,-1.0,-1.0,-1.0,2.0811537757412463e-08,6.149545381766554e-11,3.5247815978527107e-09,1.4593836518463284e-12,1.8495189008011258e-12,3.491555879116715e-11,2.71444869338556e-10,1.1133922508796455e-09,3.498749592868174e-09,4.683212763465421e-08,-1.0,-1.0,-1.0,6.61938422110534e-09,-1.0,-1.0,-1.0,-1.0,-1.0,-1.0,-1.0,-1.0,-1.0,1.0629823136024302e-09,3.1423663281228146e-08,8.718981535887184e-09,9.926439664295566e-08,6.658097781088778e-08,2.419885098173153e-07,1.9970614703091748e-07,2.2157442898528142e-07,1.1817553229708335e-07,7.074145581188704e-08,7.683124842698997e-10,3.032594307475994e-08,8.207676759404322e-09,6.419253402202946e-11,7.53407604358496e-08,1.8547285714333767e-09,3.7756754602374614e-08,8.448182732801828e-09,5.241342418891164e-11,1.0063664900106004e-10,8.08755235835478e-08,2.3148643752474267e-10,2.7171529480247303e-09,-1.0,-1.0,-1.0,-1.0
2.79,2.410730802591013e-07,1.9530599444486445e-07,2.20094865377381e-07,-1.0,-1.0,-1.0,-1.0,-1.0,-1.0,-1.0,-1.0,-1.0,1.9998740051497184e-07,-1.0,-1.0,2.1588891557980153e-07,-1.0,-1.0,-1.0,4.1854034743050914e-08,1.9280961026404913e-07,2.2028665572990082e-07,1.838813999554991e-08,2.9784198686610318e-09,4.1739088681028614e-08,5.85835327081065e-14,3.834851961333242e-13,4.029797632153574e-08,1.172243984033113e-08,4.027336010505664e-10,2.4079264950821437e-07,6.629995785597061e-08,1.9062605480179237e-07,2.1807079823447685e-07,-1.0,-1.0,-1.0,2.0439025603991173e-08,5.887390514365387e-11,3.4337385381628524e-09,1.4001623716218785e-12,1.74984178685216e-12,3.3342622464091976e-11,2.6145930782089284e-10,1.0784334373539164e-09,3.4101591884341513e-09,4.6140586659943205e-08,-1.0,-1.0,-1.0,6.4846163778964345e-09,-1.0,-1.0,-1.0,-1.0,-1.0,-1.0,-1.0,-1.0,-1.0,1.0305593441267689e-09,3.0891478324496034e-08,8.52417585804694e-09,9.811963453886913e-08,6.568007853688844e-08,2.408372551003964e-07,1.98263681331278e-07,2.2085787101978694e-07,1.1692207540080959e-07,6.980481700146405e-08,7.438677657655555e-10,2.9807785598693315e-08,8.021201357725994e-09,6.145891498964264e-11,7.437361888761175e-08,1.8032692457945338e-09,3.714915827855515e-08,8.259867829289355e-09,5.0132522519465277e-11,9.651682761159809e-11,7.986508310903648e-08,2.2288964133363189e-10,2.6451583561893904e-09,-1.0,-1.0,-1.0,-1.0
2.8000000000000003,2.399324225786262e-07,1.9387562029539806e-07,2.193883268438095e-07,-1.0,-1.0,-1.0,-1.0,-1.0,-1.0,-1.0,-1.0,-1.0,1.985718010716931e-07,-1.0,-1.0,2.152190778793583e-07,-1.0,-1.0,-1.0,4.120380449114895e-08,1.9138444971368447e-07,2.1957746617434178e-07,1.8088277214074973e-08,2.904903683796182e-09,4.112390666501458e-08,5.4494173141193666e-14,3.6175601304460976e-13,3.966352508007985e-08,1.1478969748390976e-08,3.8905229505963585e-10,2.396472147247937e-07,6.542947015858212e-08,1.8922529936880341e-07,2.1737006239544036e-07,-1.0,-1.0,-1.0,2.0073358735388425e-08,5.636432321680475e-11,3.34507387088149e-09,1.343425340389271e-12,1.6555640241548837e-12,3.184064320162436e-11,2.5184178315911753e-10,1.04457228596607e-09,3.3238460386132995e-09,4.5459469326454205e-08,-1.0,-1.0,-1.0,6.352736582092297e-09,-1.0,-1.0,-1.0,-1.0,-1.0,-1.0,-1.0,-1.0,-1.0,9.991329905366083e-10,3.0368365124899764e-08,8.333755176401627e-09,9.698810465086343e-08,6.479141173883855e-08,2.3969150970012304e-07,1.9683167854125974e-07,2.2014363791512637e-07,1.1568194525251034e-07,6.888061700701539e-08,7.202064630547763e-10,2.9298541988415252e-08,7.83898622570457e-09,5.884186584393597e-11,7.34189953833257e-08,1.7532577881158497e-09,3.655140999312869e-08,8.075792842458753e-09,4.7950985074194695e-11,9.256575097953355e-11,7.886736619318854e-08,2.146132239230913e-10,2.5750981026541514e-09,-1.0,-1.0,-1.0,-1.0
2.81,2.387971885661139e-07,1.9245579913065306e-07,2.1868406338079702e-07,-1.0,-1.0,-1.0,-1.0,-1.0,-1.0,-1.0,-1.0,-1.0,1.9716636702290852e-07,-1.0,-1.0,2.1455132859395319e-07,-1.0,-1.0,-1.0,4.0563756092425966e-08,1.899699206848687e-07,2.1887056828766003e-07,1.779357708753942e-08,2.8332372224012553e-09,4.05181061197787e-08,5.069048663752259e-14,3.4126363211048814e-13,3.9039130939466726e-08,1.1240620609119376e-08,3.75840280450175e-10,2.3850726185313937e-07,6.457064396236716e-08,1.8783509624529417e-07,2.166716075683044e-07,-1.0,-1.0,-1.0,1.9714408008678995e-08,5.396191663615461e-11,3.2587247884289182e-09,1.2890637057607648e-12,1.5663916339850922e-12,3.0406415630233626e-11,2.425787046244952e-10,1.0117743312468819e-09,3.2397506867073853e-09,4.4788615318368144e-08,-1.0,-1.0,-1.0,6.223679592118853e-09,-1.0,-1.0,-1.0,-1.0,-1.0,-1.0,-1.0,-1.0,-1.0,9.686723647689943e-10,2.985416801829834e-08,8.147620017047576e-09,9.586965368879139e-08,6.391481074213428e-08,2.3855124709654217e-07,1.954100624408029e-07,2.194317221037097e-07,1.1445499983750122e-07,6.796869013374375e-08,6.973032752838329e-10,2.8798057847981266e-08,7.660933472667782e-09,5.633640865458737e-11,7.247672661035398e-08,1.7046528608028065e-09,3.596334896309472e-08,7.895861295771233e-09,4.5864478521994875e-11,8.877650381034903e-11,7.788221141081836e-08,2.0664520425636918e-10,2.50691948698393e-09,-1.0,-1.0,-1.0,-1.0
2.8200000000000003,2.3766735230566763e-07,1.9104645249480274e-07,2.179820676399431e-07,-1.0,-1.0,-1.0,-1.0,-1.0,-1.0,-1.0,-1.0,-1.0,1.9577102430351922e-07,-1.0,-1.0,2.1388566118077438e-07,-1.0,-1.0,-1.0,3.9933728844043687e-08,1.885659430913791e-07,2.181659546369652e-07,1.7503945087059623e-08,2.7633728759435395e-09,3.9921538802952827e-08,4.715250077867083e-14,3.2193730798185276e-13,3.842463340494181e-08,1.1007283342721738e-08,3.630813054943304e-10,2.3737276449815618e-07,6.372331986906537e-08,1.8645536392396885e-07,2.1597542623293722e-07,-1.0,-1.0,-1.0,1.9362046781738694e-08,5.1662099449896e-11,3.174630159029135e-09,1.236973654042038e-12,1.4820467273180213e-12,2.903687937567422e-11,2.336569843283888e-10,9.800061899163834e-10,3.1578152534553012e-09,4.412786683369017e-08,-1.0,-1.0,-1.0,6.097381720589274e-09,-1.0,-1.0,-1.0,-1.0,-1.0,-1.0,-1.0,-1.0,-1.0,9.391475445226969e-10,2.9348734029468284e-08,7.965673180870012e-09,9.476413014213615e-08,6.305011115115244e-08,2.3741644089810474e-07,1.9399875736752707e-07,2.1872211604266033e-07,1.1324109865779141e-07,6.706887290082101e-08,6.751337253138334e-10,2.8306181473958467e-08,7.486947470490296e-09,5.3937778376082435e-11,7.154665140280909e-08,1.6574143244888023e-09,3.5384817049714687e-08,7.719978932355126e-09,4.386885871856173e-11,8.514245435215011e-11,7.690945939949095e-08,1.989740508852143e-10,2.440571264495045e-09,-1.0,-1.0,-1.0,-1.0
2.83,2.36542888005833e-07,1.8964750251993693e-07,2.172823322966561e-07,-1.0,-1.0,-1.0,-1.0,-1.0,-1.0,-1.0,-1.0,-1.0,1.9438569939592535e-07,-1.0,-1.0,2.1322206911760678e-07,-1.0,-1.0,-1.0,3.9313564599636227e-08,1.8717243745647723e-07,2.17463617813565e-07,1.72192885376216e-08,2.6952642941696387e-09,3.933405890019116e-08,4.386164064994485e-14,3.0371036394720245e-13,3.781987455985448e-08,1.077885122217829e-08,3.50759686541002e-10,2.3624369639260564e-07,6.288734070318318e-08,1.8508602154280475e-07,2.1528151089430803e-07,-1.0,-1.0,-1.0,1.901615086356211e-08,4.9460482327822685e-11,3.0927304815529675e-09,1.1870561614720142e-12,1.4022666195531295e-12,2.7729112494542242e-11,2.2506401858190114e-10,9.49235526903693e-10,3.0779833944896636e-09,4.3477068544108324e-08,-1.0,-1.0,-1.0,5.9737807952942694e-09,-1.0,-1.0,-1.0,-1.0,-1.0,-1.0,-1.0,-1.0,-1.0,9.105295427810166e-10,2.885191282534553e-08,7.787819691091467e-09,9.367138425930784e-08,6.219715081798128e-08,2.36287064841041e-07,1.9259768821263388e-07,2.180148122137339e-07,1.1204010271585203e-07,6.61810040117147e-08,6.536741326772343e-10,2.7822763808154718e-08,7.316934800985219e-09,5.164141372984404e-11,7.062861071313179e-08,1.611503202759243e-09,3.481565871470589e-08,7.54805366334936e-09,4.1960162437534076e-11,8.165724276372897e-11,7.594895283298394e-08,1.915886650216424e-10,2.376003605495156e-09,-1.0,-1.0,-1.0,-1.0
2.84,2.354237699989973e-07,1.882588719216199e-07,2.1658485005007507e-07,-1.0,-1.0,-1.0,-1.0,-1.0,-1.0,-1.0,-1.0,-1.0,1.9301031932592e-07,-1.0,-1.0,2.1256054590276653e-07,-1.0,-1.0,-1.0,3.8703107728323414e-08,1.8578932490821965e-07,2.167635504328855e-07,1.6939516578906143e-08,2.628866350824291e-09,3.8755522983985145e-08,4.0800630970218747e-14,2.865199565330312e-13,3.722469902397896e-08,1.0555219821868438e-08,3.388602879781117e-10,2.3512003139648285e-07,6.206255148038072e-08,1.8372698887981992e-07,2.1458985408240214e-07,-1.0,-1.0,-1.0,1.867659846559185e-08,4.7352864113871656e-11,3.0129678415895062e-09,1.1392167586197178e-12,1.326802994212085e-12,2.6480325203801304e-11,2.1678766994784308e-10,9.194310224337809e-10,3.0002002589600577e-09,4.283606755550359e-08,-1.0,-1.0,-1.0,5.8528161212218e-09,-1.0,-1.0,-1.0,-1.0,-1.0,-1.0,-1.0,-1.0,-1.0,8.827902783057211e-10,2.8363556669085337e-08,7.613966742039685e-09,9.25912680271806e-08,6.13557698115811e-08,2.3516309278873767e-07,1.9120678041683756e-07,2.1730980312323753e-07,1.1085187449855728e-07,6.530492432491272e-08,6.329015874299367e-10,2.7347658391182597e-08,7.150804204526136e-09,4.9442948477484427e-11,6.972244758404716e-08,1.5668816479305883e-09,3.4255720977165864e-08,7.379995517463196e-09,4.0134599463455584e-11,7.83147699600559e-11,7.500053639509236e-08,1.8447836424923715e-10,2.3131680556794853e-09,-1.0,-1.0,-1.0,-1.0
2.85,2.343099727407923e-07,1.8688048399448258e-07,2.158896136229934e-07,-1.0,-1.0,-1.0,-1.0,-1.0,-1.0,-1.0,-1.0,-1.0,1.9164481165861653e-07,-1.0,-1.0,2.119010850550364e-07,-1.0,-1.0,-1.0,3.8102205074386746e-08,1.8441652717480723e-07,2.1606574513439281e-07,1.6664540127009338e-08,2.5641351103353396e-09,3.8185789973201004e-08,3.795340508198146e-14,2.7030685381512307e-13,3.6638953912513706e-08,1.0336286967330554e-08,3.2736850290787726e-10,2.3400174349639654e-07,6.124879937631785e-08,1.8237818634788605e-07,2.139004483521364e-07,-1.0,-1.0,-1.0,1.8343270154038822e-08,4.5335223742363526e-11,2.9352858687122884e-09,1.0933653071946852e-12,1.2554211128858026e-12,2.5287853894743638e-11,2.088162499592807e-10,8.905623401477306e-10,2.924412449290514e-09,4.2204713369101467e-08,-1.0,-1.0,-1.0,5.73442844357806e-09,-1.0,-1.0,-1.0,-1.0,-1.0,-1.0,-1.0,-1.0,-1.0,8.559025470709011e-10,2.7883520374926765e-08,7.4440236491066975e-09,9.152363515086913e-08,6.052581038737007e-08,2.3404449873111912e-07,1.8982595996632775e-07,2.1660708130194967e-07,1.0967627796129896e-07,6.444047682504275e-08,6.127939248690751e-10,2.6880721316844434e-08,6.988466529871072e-09,4.73382030683787e-11,6.882800712089561e-08,1.5235129078523978e-09,3.3704853371216007e-08,7.215716591723401e-09,3.8388545030709445e-11,7.510918691559846e-11,7.406405675377332e-08,1.7763286684975662e-10,2.252017497650228e-09,-1.0,-1.0,-1.0,-1.0
2.86,2.3320147080949947e-07,1.8551226260784887e-07,2.1519661576178143e-07,-1.0,-1.0,-1.0,-1.0,-1.0,-1.0,-1.0,-1.0,-1.0,1.902891044944044e-07,-1.0,-1.0,2.1124368011360074e-07,-1.0,-1.0,-1.0,3.751070591759628e-08,1.8305396657996976e-07,2.1537019458151447e-07,1.6394271837036137e-08,2.5010277954365427e-09,3.762472109332585e-08,3.530502032027367e-14,2.550152266361311e-13,3.6062488795747364e-08,1.0121952686131651e-08,3.162702345094888e-10,2.3288880680495254e-07,6.044593369595102e-08,1.8103953498958308e-07,2.1321328628327518e-07,-1.0,-1.0,-1.0,1.801604880317246e-08,4.3403712502245725e-11,2.859629694907314e-09,1.0494157885718037e-12,1.187899068858542e-12,2.414915541846404e-11,2.0113850247984387e-10,8.626000962239961e-10,2.8505679820395004e-09,4.158285784325389e-08,-1.0,-1.0,-1.0,5.618559911781811e-09,-1.0,-1.0,-1.0,-1.0,-1.0,-1.0,-1.0,-1.0,-1.0,8.29839994606463e-10,2.7411661263846675e-08,7.2779017998709044e-09,9.046834103374029e-08,5.970711695722846e-08,2.329312567840312e-07,1.8845515338876073e-07,2.159066393050397e-07,1.0851317851227052e-07,6.358750659437862e-08,5.933297010875579e-10,2.642181118732298e-08,6.82983468515978e-09,4.532317664547536e-11,6.794513646433173e-08,1.4813612937012388e-09,3.316290790435144e-08,7.055131003380438e-09,3.671853259326753e-11,7.203488440666309e-11,7.313936253562512e-08,1.7104227672171437e-10,2.1925061135267844e-09,-1.0,-1.0,-1.0,-1.0
2.87,2.3209823890545798e-07,1.8415413220139407e-07,2.1450584923630984e-07,-1.0,-1.0,-1.0,-1.0,-1.0,-1.0,-1.0,-1.0,-1.0,1.889431264649378e-07,-1.0,-1.0,2.1058832463798108e-07,-1.0,-1.0,-1.0,3.692846193417858e-08,1.817015660383859e-07,2.1467689146156086e-07,1.612862606654541e-08,2.439502755700862e-09,3.7072179837410074e-08,3.284157931300444e-14,2.405924519724703e-13,3.5495155659380726e-08,9.912119159822145e-09,3.0555187806453684e-10,2.3178119556013923e-07,5.965380584327552e-08,1.7971095647209623e-07,2.125283604803462e-07,-1.0,-1.0,-1.0,1.7694819549560756e-08,4.155464663432571e-11,2.785945914131059e-09,1.0072861033732795e-12,1.1240270819810747e-12,2.306180163051463e-11,1.9374358768192406e-10,8.35515829469246e-10,2.7786162498317454e-09,4.097035515584119e-08,-1.0,-1.0,-1.0,5.5051540444052976e-09,-1.0,-1.0,-1.0,-1.0,-1.0,-1.0,-1.0,-1.0,-1.0,8.045770892220216e-10,2.694783911998983e-08,7.115514606355002e-09,8.94252427576579e-08,5.8899536059915526e-08,2.3182334118862774e-07,1.8709428774928056e-07,2.1520846971198798e-07,1.0736244299691978e-07,6.274586078473065e-08,5.744881693374284e-10,2.597078906916366e-08,6.674823590056886e-09,4.3394039393955737e-11,6.707368476338725e-08,1.4403921487363767e-09,3.2629739016485645e-08,6.898154842946125e-09,3.5121246910764634e-11,6.908648317473271e-11,7.222630430069653e-08,1.6469706886850702e-10,2.1345893486155507e-09,-1.0,-1.0,-1.0,-1.0
2.88,2.3100025185047616e-07,1.828060177808375e-07,2.1381730683987368e-07,-1.0,-1.0,-1.0,-1.0,-1.0,-1.0,-1.0,-1.0,-1.0,1.8760680672915384e-07,-1.0,-1.0,2.0993501220797213e-07,-1.0,-1.0,-1.0,3.635532715841505e-08,1.8035924905113997e-07,2.1398582848564748e-07,1.5867518839825794e-08,2.3795194369577344e-09,3.652803192769375e-08,3.055015679656214e-14,2.2698892773832453e-13,3.4936808865494204e-08,9.706690676951656e-09,2.9520030362143184e-10,2.3067888412471737e-07,5.887226929150592e-08,1.7839237308215672e-07,2.118456635725573e-07,-1.0,-1.0,-1.0,1.73794697472406e-08,3.978450024713025e-11,2.714182542967549e-09,9.668978814895284e-13,1.0636068325006698e-12,2.2023474182969195e-11,1.8662106661977614e-10,8.092819723483611e-10,2.7085079843320907e-09,4.0367061767284335e-08,-1.0,-1.0,-1.0,5.3941556950357055e-09,-1.0,-1.0,-1.0,-1.0,-1.0,-1.0,-1.0,-1.0,-1.0,7.800890960828943e-10,2.6491916147861433e-08,6.956777458393217e-09,8.839419906345801e-08,5.810291633189448e-08,2.3072072631076107e-07,1.8574329064656989e-07,2.1451256512650643e-07,1.0622393968256908e-07,6.191538858971354e-08,5.56249257175057e-10,2.552751845003472e-08,6.5233501290140174e-09,4.1547125218016197e-11,6.621350314889338e-08,1.4005718179880936e-09,3.2105203539678516e-08,6.744706128335924e-09,3.3593517437043234e-11,6.625882449351463e-11,7.132473451762268e-08,1.5858807543450994e-10,2.078223876108884e-09,-1.0,-1.0,-1.0,-1.0
2.89,2.2990748458724511e-07,1.8146784491366703e-07,2.1313098138911578e-07,-1.0,-1.0,-1.0,-1.0,-1.0,-1.0,-1.0,-1.0,-1.0,1.8628007496932066e-07,-1.0,-1.0,2.0928373642357696e-07,-1.0,-1.0,-1.0,3.579115794486001e-08,1.790269397012127e-07,2.1329699838861697e-07,1.561086781298146e-08,2.321038351568478e-09,3.59921452779038e-08,2.841873155984593e-14,2.1415789835663274e-13,3.438730511414947e-08,9.505573587121827e-09,2.852028392758913e-10,2.295818469856113e-07,5.810117955368826e-08,1.7708370772102276e-07,2.1116518821371233e-07,-1.0,-1.0,-1.0,1.70698889237986e-08,3.808989853764454e-11,2.6442889823542232e-09,9.281763019573893e-13,1.0064508316836324e-12,2.1031959552659217e-11,1.7976088637538197e-10,7.838718229240533e-10,2.6401952202322647e-09,3.977283638415649e-08,-1.0,-1.0,-1.0,5.285511019031665e-09,-1.0,-1.0,-1.0,-1.0,-1.0,-1.0,-1.0,-1.0,-1.0,7.563520521107756e-10,2.6043756930268334e-08,6.801607678081629e-09,8.737507033165129e-08,5.7317108478557863e-08,2.2962338664037402e-07,1.8440209020892935e-07,2.1381891817645886e-07,1.0509753824319904e-07,6.10959412173867e-08,5.385935443620484e-10,2.5091865196250603e-08,6.375333105624353e-09,3.97789247316766e-11,6.53644447072564e-08,1.3618676188502935e-09,3.158916065853544e-08,6.5947047600893195e-09,3.213231199791869e-11,6.354696112311715e-11,7.043450753908203e-08,1.527064722683728e-10,2.023367562783623e-09,-1.0,-1.0,-1.0,-1.0
2.9,2.2881991217875606e-07,1.8013953972489754e-07,2.1244686572395126e-07,-1.0,-1.0,-1.0,-1.0,-1.0,-1.0,-1.0,-1.0,-1.0,1.8496286138711683e-07,-1.0,-1.0,2.086344909049439e-07,-1.0,-1.0,-1.0,3.523581293116942e-08,1.77704562649009e-07,2.126103939289618e-07,1.5358592239808505e-08,2.264021049534991e-09,3.5464389956210916e-08,2.6436123157015972e-14,2.02055290466559e-13,3.384650340561615e-08,9.308676256053388e-09,2.7554725504543643e-10,2.2849005875330518e-07,5.734039415373811e-08,1.7578488389950384e-07,2.104869270821292e-07,-1.0,-1.0,-1.0,1.6765968737343917e-08,3.64676113037851e-11,2.576215980347458e-09,8.910499221485869e-13,9.523818271872524e-13,2.0085144294858346e-11,1.731533657557843e-10,7.59259517677609e-10,2.573631260222526e-09,3.91875399233854e-08,-1.0,-1.0,-1.0,5.179167441150402e-09,-1.0,-1.0,-1.0,-1.0,-1.0,-1.0,-1.0,-1.0,-1.0,7.333427416826416e-10,2.5603228386996252e-08,6.649924475286532e-09,8.636771856335116e-08,5.6541965245850356e-08,2.285312967908968e-07,1.8307061509038706e-07,2.1312752151378224e-07,1.0398310974439708e-07,6.028737186326321e-08,5.215022414966907e-10,2.4663697511046074e-08,6.230693198044216e-09,3.8086078550132027e-11,6.452636445458371e-08,1.324247812550075e-09,3.108147187126746e-08,6.4480724776429955e-09,3.0734730745501603e-11,6.094614863546459e-11,6.955547957757203e-08,1.4704376599355684e-10,1.969979435670636e-09,-1.0,-1.0,-1.0,-1.0
2.91,2.277375098077192e-07,1.7882102889285947e-07,2.1176495270749147e-07,-1.0,-1.0,-1.0,-1.0,-1.0,-1.0,-1.0,-1.0,-1.0,1.8365509669973865e-07,-1.0,-1.0,2.0798726929230198e-07,-1.0,-1.0,-1.0,3.468915300152878e-08,1.7639204312791725e-07,2.1192600788874677e-07,1.511061293844194e-08,2.2084300904173844e-09,3.494463814883323e-08,2.459193305450308e-14,1.9063955817411016e-13,3.331426500321171e-08,9.115909021644355e-09,2.662217473165903e-10,2.2740349416123995e-07,5.658977259789718e-08,1.7449582573302427e-07,2.0981087288055617e-07,-1.0,-1.0,-1.0,1.6467602934354075e-08,3.4914546736020526e-11,2.5099155958990497e-09,8.554505157534371e-13,9.012322412518704e-13,1.9181010512175136e-11,1.667891815213592e-10,7.354200051830099e-10,2.5087706409206307e-09,3.8611035477035e-08,-1.0,-1.0,-1.0,5.07507362402136e-09,-1.0,-1.0,-1.0,-1.0,-1.0,-1.0,-1.0,-1.0,-1.0,7.110386731021888e-10,2.5170199734209314e-08,6.5016489041856495e-09,8.537200736142291e-08,5.5777341392280694e-08,2.2744443149864463e-07,1.817487944668348e-07,2.1243836781440738e-07,1.0288052662846562e-07,5.948953568368033e-08,5.049571693515333e-10,2.4242885893586408e-08,6.0893529154562444e-09,3.6465370868735524e-11,6.369911931115341e-08,1.2876815764675947e-09,3.058200095139978e-08,6.304732816631318e-09,2.93980003769616e-11,5.845183709570057e-11,6.868750868149692e-08,1.4159178156688508e-10,1.9180196496673893e-09,-1.0,-1.0,-1.0,-1.0
2.92,2.2666025277598695e-07,1.7751223964502184e-07,2.1108523522596906e-07,-1.0,-1.0,-1.0,-1.0,-1.0,-1.0,-1.0,-1.0,-1.0,1.8235671213603917e-07,-1.0,-1.0,2.073420652458984e-07,-1.0,-1.0,-1.0,3.4151041250672316e-08,1.7508930693990708e-07,2.1124383307353208e-07,1.4866852258755174e-08,2.154229016037229e-09,3.443276412427622e-08,2.2876489901310368e-14,1.7987153728764707e-13,3.279045339674625e-08,8.927184150997768e-09,2.572149238442924e-10,2.263221280652151e-07,5.58491763466037e-08,1.7321645793672966e-07,2.091370183360897e-07,-1.0,-1.0,-1.0,1.617468730837609e-08,3.3427745476108105e-11,2.445341163616162e-09,8.213129190752742e-13,8.528436398917837e-13,1.831763152888496e-11,1.6065935512530038e-10,7.123290206077183e-10,2.4455690997317e-09,3.804318827765883e-08,-1.0,-1.0,-1.0,4.973179437443382e-09,-1.0,-1.0,-1.0,-1.0,-1.0,-1.0,-1.0,-1.0,-1.0,6.894180558190612e-10,2.4744542444560094e-08,6.356703820818441e-09,8.438780191185407e-08,5.5023093661320076e-08,2.2636276562222045e-07,1.80436558032195e-07,2.117514497781807e-07,1.0178966269969152e-07,5.870228976952904e-08,4.889407388936055e-10,2.3829303098702028e-08,5.951236555550043e-09,3.491372331726564e-11,6.288256807622497e-08,1.2521389772805955e-09,3.009061391011943e-08,6.164611067190187e-09,2.8119468606156956e-11,5.605966308497001e-11,6.783045471156633e-08,1.3634265030664235e-10,1.867449456066686e-09,-1.0,-1.0,-1.0,-1.0
2.93,2.2558811650397838e-07,1.762130997538451e-07,2.104077061886626e-07,-1.0,-1.0,-1.0,-1.0,-1.0,-1.0,-1.0,-1.0,-1.0,1.8106763943269445e-07,-1.0,-1.0,2.0669887244593416e-07,-1.0,-1.0,-1.0,3.3621342948482094e-08,1.737962804511579e-07,2.105638623122967e-07,1.4627234050492993e-08,2.101382323943489e-09,3.392864419819633e-08,2.1280798633456683e-14,1.697143080128877e-13,3.2274934266560734e-08,8.742415798396836e-09,2.48515789283732e-10,2.2524593544279199e-07,5.5118468786769155e-08,1.71946705820632e-07,2.084653562000922e-07,-1.0,-1.0,-1.0,1.5887119659564747e-08,3.2004374931424115e-11,2.382447259477614e-09,7.885748851792485e-13,8.070662313650588e-13,1.7493167761370797e-11,1.547552399452838e-10,6.899630610140967e-10,2.3839835426129402e-09,3.7483865664213836e-08,-1.0,-1.0,-1.0,4.873435928482597e-09,-1.0,-1.0,-1.0,-1.0,-1.0,-1.0,-1.0,-1.0,-1.0,6.6845977837181e-10,2.432613020799678e-08,6.215013841621529e-09,8.341496896534053e-08,5.4279080754179526e-08,2.252862741419189e-07,1.7913383599461418e-07,2.110667601287855e-07,1.0071039310977212e-07,5.792549312033574e-08,4.734359319644778e-10,2.342282409733349e-08,5.81627016299605e-09,3.342818907765336e-11,6.20765714031847e-08,1.2175909449085406e-09,2.960717895924992e-08,6.027634233239963e-09,2.6896598877053173e-11,5.3765442050557e-11,6.698417931749807e-08,1.3128879837242878e-10,1.818231171975185e-09,-1.0,-1.0,-1.0,-1.0
2.94,2.2452107653010796e-07,1.7492353753266718e-07,2.0973235852782164e-07,-1.0,-1.0,-1.0,-1.0,-1.0,-1.0,-1.0,-1.0,-1.0,1.7978781083040105e-07,-1.0,-1.0,2.0605768459250185e-07,-1.0,-1.0,-1.0,3.309992550515898e-08,1.7251289058772353e-07,2.098860884573616e-07,1.4391683632120706e-08,2.0498554416191785e-09,3.343215669887791e-08,1.9796493143716644e-14,1.6013306561302125e-13,3.1767575448150366e-08,8.561519964206778e-09,2.4011373123556054e-10,2.2417489139270137e-07,5.439751520445642e-08,1.7068649528479687e-07,2.0779587924811035e-07,-1.0,-1.0,-1.0,1.5604799755040913e-08,3.064172383387199e-11,2.3211896674804636e-09,7.571769454659646e-13,7.637583922985341e-13,1.6705862775771417e-11,1.4906850898902416e-10,6.682993614363794e-10,2.3239720127182543e-09,3.693293704852714e-08,-1.0,-1.0,-1.0,4.7757952923493595e-09,-1.0,-1.0,-1.0,-1.0,-1.0,-1.0,-1.0,-1.0,-1.0,6.481433870314082e-10,2.3914838893255916e-08,6.076505302926423e-09,8.245337681908824e-08,5.35451633029625e-08,2.2421493215913435e-07,1.7784055907268572e-07,2.1038429161366445e-07,9.964259434339883e-08,5.715900661869306e-08,4.5842628259821526e-10,2.3023326037674975e-08,5.684381488889548e-09,3.200594725386003e-11,6.128099177502265e-08,1.1840092472322407e-09,2.9131566474843434e-08,5.893730992724534e-09,2.5726965308346563e-11,5.156516096994287e-11,6.614854591502335e-08,1.264229356796752e-10,1.7703281505963141e-09,-1.0,-1.0,-1.0,-1.0
2.95,2.2345910851021602e-07,1.7364348183161948e-07,2.0905918519859228e-07,-1.0,-1.0,-1.0,-1.0,-1.0,-1.0,-1.0,-1.0,-1.0,1.7851715907010008e-07,-1.0,-1.0,2.0541849540552233e-07,-1.0,-1.0,-1.0,3.258665843695527e-08,1.7123906483122994e-07,2.0921050438431373e-07,1.4160127760371676e-08,1.9996147014072225e-09,3.294318193331197e-08,1.8415792266674794e-14,1.510949985686354e-13,3.1268246897362253e-08,8.384414454682358e-09,2.3199850678609807e-10,2.2310897113425238e-07,5.368618275795258e-08,1.6943575281456835e-07,2.0712858027979297e-07,-1.0,-1.0,-1.0,1.5327629290052706e-08,2.933719703282254e-11,2.2615253471912895e-09,7.27062278265303e-13,7.227862199346599e-13,1.5954039524336736e-11,1.435911430560901e-10,6.473158717088017e-10,2.265493659898193e-09,3.63902738823051e-08,-1.0,-1.0,-1.0,4.680210844032773e-09,-1.0,-1.0,-1.0,-1.0,-1.0,-1.0,-1.0,-1.0,-1.0,6.284490651228124e-10,2.351054651002812e-08,5.941106221396872e-09,8.15028952988265e-08,5.2821203844186535e-08,2.2314871489577115e-07,1.7655665849169975e-07,2.0970403700394112e-07,9.858614420399413e-08,5.640269300503363e-08,4.438958589559486e-10,2.263068820700345e-08,5.555499951141798e-09,3.064429748307796e-11,6.049569348013598e-08,1.1513664655654768e-09,2.8663648961379432e-08,5.762831658783584e-09,2.4608247859167466e-11,4.945497131589223e-11,6.532341966318875e-08,1.217380452323574e-10,1.72370475235278e-09,-1.0,-1.0,-1.0,-1.0
2.96,2.224021882170023e-07,1.7237286203357502e-07,2.083881791789426e-07,-1.0,-1.0,-1.0,-1.0,-1.0,-1.0,-1.0,-1.0,-1.0,1.772556173892323e-07,-1.0,-1.0,2.04781298624682e-07,-1.0,-1.0,-1.0,3.2081413332460244e-08,1.6997473121460584e-07,2.0853710299192996e-07,1.3932494600476543e-08,1.950627316134797e-09,3.246160215386603e-08,1.713145884665935e-14,1.4256917379957652e-13,3.077682065615902e-08,8.211018842661118e-09,2.241602295248346e-10,2.2204815000674595e-07,5.2984340451231215e-08,1.6819440547583573e-07,2.0646345211881007e-07,-1.0,-1.0,-1.0,1.505551184992289e-08,2.808831051199977e-11,2.2034124021774896e-09,6.981765840693298e-13,6.840231090524462e-13,1.52360967523789e-11,1.3831541933902072e-10,6.269912340213266e-10,2.208508711031603e-09,3.585574962467694e-08,-1.0,-1.0,-1.0,4.586636990672217e-09,-1.0,-1.0,-1.0,-1.0,-1.0,-1.0,-1.0,-1.0,-1.0,6.093576130028544e-10,2.3113133171785252e-08,5.808746255383933e-09,8.056339574103107e-08,5.210706679266945e-08,2.2208759769365692e-07,1.7528206597992113e-07,2.0902598909434297e-07,9.754092179960228e-08,5.565641685274313e-08,4.2982924585655225e-10,2.2244791994181557e-08,5.429556595796202e-09,2.934065477789527e-11,5.972054258845448e-08,1.119635970855928e-09,2.8203301016559942e-08,5.634868141836031e-09,2.3538227706185125e-11,4.743118231021033e-11,6.450866744195215e-08,1.1722737285808493e-10,1.6783263168246702e-09,-1.0,-1.0,-1.0,-1.0
2.97,2.2135029153946216e-07,1.7111160805012636e-07,2.0771933346958842e-07,-1.0,-1.0,-1.0,-1.0,-1.0,-1.0,-1.0,-1.0,-1.0,1.7600311951801933e-07,-1.0,-1.0,2.0414608800937028e-07,-1.0,-1.0,-1.0,3.158406381942962e-08,1.6871981831784712e-07,2.0786587720210105e-07,1.3708713697057507e-08,1.9028613554159558e-09,3.198730152553446e-08,1.5936761672430055e-14,1.345264285366127e-13,3.0293170818938314e-08,8.041254429122472e-09,2.1658935702215015e-10,2.2099240346888976e-07,5.2291859107797927e-08,1.669623809103372e-07,2.0580048761277153e-07,-1.0,-1.0,-1.0,1.4788352872766248e-08,2.6892686620659224e-11,2.146810049294463e-09,6.7046796704518e-13,6.473493521953947e-13,1.455050556807496e-11,1.3323390044740482e-10,6.073047611801053e-10,2.152978441165859e-09,3.532923971026335e-08,-1.0,-1.0,-1.0,4.4950292046457665e-09,-1.0,-1.0,-1.0,-1.0,-1.0,-1.0,-1.0,-1.0,-1.0,5.90850428673409e-10,2.2722481059257185e-08,5.6793566671772536e-09,7.963475097535405e-08,5.140261841577469e-08,2.2103155601395896e-07,1.7401671376489448e-07,2.0835014070312341e-07,9.650680752893071e-08,5.4920044543607646e-08,4.1621152788356746e-10,2.1865520852822045e-08,5.306484059247629e-09,2.8092544589509268e-11,5.895540692788375e-08,1.0887919005933512e-09,2.7750399296691258e-08,5.509773912552885e-09,2.251478282285834e-11,4.549025445431866e-11,6.370415783006839e-08,1.1288441733033221e-10,1.6341591354798008e-09,-1.0,-1.0,-1.0,-1.0
2.98,2.2030339448232603e-07,1.6985965031759547e-07,2.0705264109391977e-07,-1.0,-1.0,-1.0,-1.0,-1.0,-1.0,-1.0,-1.0,-1.0,1.7475959967577542e-07,-1.0,-1.0,2.035128573386177e-07,-1.0,-1.0,-1.0,3.109448553215009e-08,1.67474255263814e-07,2.071968199597566e-07,1.3488715945671803e-08,1.8562857226130358e-09,3.152016609375911e-08,1.4825440077662197e-14,1.2693926845501888e-13,2.981717349939986e-08,7.875044205593503e-09,2.092766787508077e-10,2.1994170709821693e-07,5.160861134491407e-08,1.657396073310043e-07,2.0513967963314635e-07,-1.0,-1.0,-1.0,1.4526059612961013e-08,2.5748049509825038e-11,2.0916785888052973e-09,6.438868224895414e-13,6.126517619155297e-13,1.3895806167730197e-11,1.2833942383920394e-10,5.882364155505655e-10,2.0988651454433245e-09,3.4810621517762145e-08,-1.0,-1.0,-1.0,4.405343997356029e-09,-1.0,-1.0,-1.0,-1.0,-1.0,-1.0,-1.0,-1.0,-1.0,5.729094890095012e-10,2.2338474384547072e-08,5.552870286131672e-09,7.871683530725941e-08,5.070772680801141e-08,2.1998056543660337e-07,1.7276053456977717e-07,2.0767648467198548e-07,9.548368306754177e-08,5.419344424359114e-08,4.0302827304921676e-10,2.1492760265102366e-08,5.186216531343861e-09,2.689759808250141e-11,5.820015606106271e-08,1.058809136403697e-09,2.7304822482642545e-08,5.387483965698595e-09,2.15358837519835e-11,4.362879332528624e-11,6.290976108326095e-08,1.087029208631676e-10,1.5911704251736926e-09,-1.0,-1.0,-1.0,-1.0
2.99,2.1926147316550067e-07,1.6861691979307272e-07,2.063880950979266e-07,-1.0,-1.0,-1.0,-1.0,-1.0,-1.0,-1.0,-1.0,-1.0,1.7352499256724506e-07,-1.0,-1.0,2.028816004110332e-07,-1.0,-1.0,-1.0,3.061255607933003e-08,1.6623797171406072e-07,2.0652992423278938e-07,1.3272433564988408e-08,1.8108701324377961e-09,3.106008375280941e-08,1.379167102036615e-14,1.1978177170498314e-13,2.9348706797950345e-08,7.712312817382303e-09,2.0221330443534563e-10,2.1889603659050712e-07,5.093447154819227e-08,1.645260135173433e-07,2.0448102107518197e-07,-1.0,-1.0,-1.0,1.4268541105358497e-08,2.4652220764747555e-11,2.037979375310129e-09,6.183857299057393e-13,5.798233138144496e-13,1.3270604709445558e-11,1.2362509164417288e-10,5.697667886616594e-10,2.046132111792183e-09,3.4299774339041636e-08,-1.0,-1.0,-1.0,4.3175388936943365e-09,-1.0,-1.0,-1.0,-1.0,-1.0,-1.0,-1.0,-1.0,-1.0,5.555173315826209e-10,2.196099935587338e-08,5.429221472648544e-09,7.780952450085965e-08,5.002226186598343e-08,2.189346016596966e-07,1.7151346160969838e-07,2.0700501386600433e-07,9.447143135419165e-08,5.3476485878937986e-08,3.9026551699695003e-10,2.1126397706217324e-08,5.068689719348195e-09,2.5753547612091372e-11,5.745466126242958e-08,1.0296632823084097e-09,2.6866451246371155e-08,5.267934784820004e-09,2.059958956307688e-11,4.184354362641595e-11,6.212534911267594e-08,1.0467685996437825e-10,1.5493283023971092e-09,-1.0,-1.0,-1.0,-1.0
3.0,2.1822450382351384e-07,1.6738334795048677e-07,2.0572568855012596e-07,-1.0,-1.0,-1.0,-1.0,-1.0,-1.0,-1.0,-1.0,-1.0,1.7229923337896992e-07,-1.0,-1.0,2.022523110447428e-07,-1.0,-1.0,-1.0,3.0138155012508144e-08,1.650108978646978e-07,2.058651830119805e-07,1.3059800069583146e-08,1.7665850891739756e-09,3.0606944214712654e-08,1.2830038467495947e-14,1.130294984952036e-13,2.8887650769638102e-08,7.55298652762083e-09,1.9539065281409402e-10,2.1785536775921077e-07,5.026931584655932e-08,1.6332152881085603e-07,2.038245048578245e-07,-1.0,-1.0,-1.0,1.4015708130216007e-08,2.3603115225128797e-11,1.985674789463108e-09,5.939193514027591e-13,5.487628092303121e-13,1.2673570328455313e-11,1.1908426086481035e-10,5.518770814505488e-10,1.994743594360574e-09,3.379657934873428e-08,-1.0,-1.0,-1.0,4.231572407165032e-09,-1.0,-1.0,-1.0,-1.0,-1.0,-1.0,-1.0,-1.0,-1.0,5.386570370602277e-10,2.1589944142928226e-08,5.308346082991963e-09,7.691269576195365e-08,4.934609526368346e-08,2.1789364049895074e-07,1.7027542858814595e-07,2.063357211735511e-07,9.346993657731658e-08,5.276904111259694e-08,3.779097477246375e-10,2.0766322609459097e-08,4.9538408127432415e-09,2.4658222395182594e-11,5.6718795495594e-08,1.0013306436289127e-09,2.6435168218005726e-08,5.151064307763103e-09,1.9704043986502363e-11,4.0131383481938856e-11,6.135079546361474e-08,1.0080043663344054e-10,1.5086017582498706e-09,-1.0,-1.0,-1.0,-1.0
